ticker,signal,date,entry_price,fwd_1M,fwd_3M,fwd_6M,hit_1M,hit_3M,hit_6M
000270.KS,golden_cross,2022-06-02,68768.75,-7.76,-4.24,-26.47,False,False,False
000270.KS,death_cross,2022-08-17,63671.7695,2.16,-15.76,1.21,False,True,False
000270.KS,golden_cross,2022-08-31,65370.7695,-12.0,-19.55,4.2,False,False,True
000270.KS,death_cross,2022-10-06,57846.6562,-5.59,-5.47,25.01,True,True,False
000270.KS,golden_cross,2023-03-14,65295.3398,13.5,7.08,4.59,True,True,True
000270.KS,death_cross,2023-11-02,67178.0391,7.13,46.11,53.07,False,False,False
000270.KS,golden_cross,2023-12-12,74794.3984,2.75,38.44,54.71,True,True,True
000270.KS,death_cross,2024-09-23,92356.1641,-7.46,-2.42,-8.52,True,True,True
000270.KS,golden_cross,2025-06-30,92825.0469,13.93,7.53,47.57,True,True,True
000660.KS,golden_cross,2022-04-07,109208.3203,-2.64,-16.92,-19.72,False,False,False
000660.KS,death_cross,2022-05-27,101991.8984,-13.88,-12.55,-25.15,True,True,True
000660.KS,golden_cross,2023-05-23,95546.8906,15.93,18.7,29.27,True,True,True
000660.KS,death_cross,2024-10-10,184395.7188,3.16,6.16,-3.88,False,False,True
000660.KS,golden_cross,2025-02-19,215803.25,-2.58,-4.19,20.38,False,False,True
003670.KS,golden_cross,2022-08-26,162924.5469,-6.42,31.19,51.3,False,True,True
003670.KS,death_cross,2023-11-16,292920.0625,24.53,7.16,-13.05,False,False,True
003670.KS,golden_cross,2025-08-29,141130.9844,4.39,58.53,40.98,True,True,True
005380.KS,golden_cross,2022-09-01,162491.1719,-8.95,-17.14,-7.48,False,False,False
005380.KS,death_cross,2022-10-31,136725.2969,2.74,7.36,31.43,False,False,False
005380.KS,golden_cross,2023-03-20,151280.3906,10.57,14.51,10.8,True,True,True
005380.KS,death_cross,2023-10-31,148847.8281,8.6,40.25,52.11,False,False,False
005380.KS,golden_cross,2024-02-07,214895.1875,5.13,6.85,6.52,True,True,True
005380.KS,death_cross,2024-11-05,199996.6562,-4.88,-4.19,-13.8,True,True,True
005380.KS,golden_cross,2025-07-28,212234.7656,2.77,24.53,137.9,True,True,True
005490.KS,golden_cross,2022-12-05,266380.5625,-4.46,12.18,35.65,False,True,True
005490.KS,death_cross,2024-01-24,372349.2812,6.75,0.93,-16.97,False,False,True
005490.KS,golden_cross,2025-07-30,304616.1875,-9.48,-2.24,21.96,False,False,True
005930.KS,golden_cross,2023-02-03,59475.5938,-5.04,1.69,6.65,False,True,True
005930.KS,death_cross,2024-09-24,60977.5742,-5.17,-14.45,-11.04,True,True,True
005930.KS,golden_cross,2025-07-01,59519.4805,18.6,57.51,141.27,True,True,True
006400.KS,golden_cross,2022-09-26,592381.4375,21.78,-0.85,24.99,True,False,True
006400.KS,death_cross,2023-08-07,613215.8125,-3.57,-27.31,-35.84,True,True,True
006400.KS,golden_cross,2025-09-24,205500.0,56.69,34.79,128.95,True,True,True
0072R0.KS,golden_cross,2026-04-16,15280.0,-6.48,,,False,False,False
015760.KS,golden_cross,2022-07-05,21988.3242,-5.01,-20.92,-11.98,False,False,False
015760.KS,death_cross,2022-08-05,20886.5137,-10.09,-11.01,-16.06,True,True,True
015760.KS,golden_cross,2023-07-04,19736.7969,-5.44,-15.0,-7.86,False,False,False
015760.KS,death_cross,2023-09-07,17063.707,-3.48,8.53,24.09,True,False,False
015760.KS,golden_cross,2024-01-17,18184.6797,23.29,10.12,4.06,True,True,True
015760.KS,death_cross,2024-07-17,18759.5391,-1.84,16.45,9.42,True,False,False
015760.KS,golden_cross,2024-10-15,19736.7969,12.14,1.79,26.07,True,True,True
015760.KS,death_cross,2026-05-13,40750.0,,,,False,False,False
035420.KS,golden_cross,2023-05-30,197260.625,-9.08,6.69,8.18,False,True,True
035420.KS,death_cross,2023-11-02,187206.125,10.32,7.57,-3.21,False,False,True
035420.KS,golden_cross,2023-12-28,220589.4375,-10.49,-13.79,-21.29,False,False,False
035420.KS,death_cross,2024-03-21,181592.375,-2.33,-9.49,-9.87,True,True,True
035420.KS,golden_cross,2024-12-03,205817.8281,-0.48,1.45,39.68,False,True,True
035420.KS,death_cross,2025-06-10,197920.9531,29.75,16.5,19.0,False,False,False
035420.KS,golden_cross,2025-06-19,249380.4062,-4.76,-8.33,-0.99,False,False,False
035420.KS,death_cross,2026-03-31,201500.0,4.71,,,False,False,False
035720.KS,golden_cross,2024-01-16,59363.043,-2.35,-20.22,-34.41,False,False,False
035720.KS,death_cross,2024-05-22,45666.9531,-8.19,-15.5,1.75,True,True,False
035720.KS,golden_cross,2025-02-12,41877.9961,3.73,-10.7,55.0,True,False,True
035720.KS,death_cross,2026-03-12,50400.0,-6.75,,,True,False,False
051910.KS,golden_cross,2022-09-13,643189.5625,-13.53,-3.01,5.44,False,False,True
051910.KS,death_cross,2023-08-14,586763.1875,-7.37,-15.58,-23.58,True,True,True
051910.KS,golden_cross,2025-08-11,275726.8438,4.5,40.0,30.09,True,True,True
055550.KS,golden_cross,2022-04-07,33362.0273,0.37,-14.76,-7.79,True,False,False
055550.KS,death_cross,2022-08-04,29651.1133,-2.26,6.18,10.72,True,False,False
055550.KS,golden_cross,2023-01-11,34649.3008,-1.37,-10.58,-14.87,False,False,False
055550.KS,death_cross,2023-04-26,31071.9473,-0.85,2.25,2.85,True,False,False
055550.KS,golden_cross,2023-10-12,32183.1992,-0.42,2.81,24.74,False,True,True
055550.KS,death_cross,2025-01-31,48377.3164,-11.64,1.48,40.07,True,False,False
055550.KS,golden_cross,2025-06-12,56744.7578,22.53,20.28,34.92,True,True,True
066570.KS,golden_cross,2023-02-13,103745.1875,9.61,5.78,-7.56,True,True,False
066570.KS,death_cross,2023-09-14,100938.6406,0.1,-4.41,-6.73,False,True,True
066570.KS,golden_cross,2024-06-28,108679.2734,-6.94,-11.63,-23.99,False,False,False
066570.KS,death_cross,2024-11-14,87903.7969,-2.12,-8.25,-20.03,True,True,True
066570.KS,golden_cross,2025-10-16,83263.2578,8.94,30.27,63.1,True,True,True
068270.KS,golden_cross,2022-08-12,172183.2188,-16.35,-14.9,-25.19,False,False,False
068270.KS,death_cross,2023-01-27,144004.2031,-13.0,-4.73,-11.32,True,True,True
068270.KS,golden_cross,2023-06-09,145816.125,-13.25,-13.49,10.24,False,False,True
068270.KS,death_cross,2023-07-10,127955.7969,4.45,-4.05,22.78,False,True,False
068270.KS,golden_cross,2023-12-14,158326.9688,-4.54,3.22,0.81,False,True,True
068270.KS,death_cross,2024-11-29,161775.25,1.97,4.06,-4.91,False,False,True
068270.KS,golden_cross,2025-02-07,163783.5781,4.06,-14.25,-0.81,True,False,False
068270.KS,death_cross,2025-04-10,149739.7656,-6.52,14.2,11.85,True,False,False
068270.KS,golden_cross,2025-08-05,168627.7656,-4.95,10.29,40.35,False,True,True
105560.KS,golden_cross,2022-04-07,48230.7227,-2.23,-21.28,-19.24,False,False,False
105560.KS,death_cross,2022-07-05,39598.6172,1.69,-4.74,26.29,False,True,False
105560.KS,golden_cross,2023-01-11,49138.875,-6.03,-13.26,-13.69,False,False,False
105560.KS,death_cross,2023-05-03,42533.1289,0.21,8.39,14.64,False,False,False
105560.KS,golden_cross,2023-08-30,46815.5977,2.81,-1.41,46.3,True,False,True
105560.KS,death_cross,2025-03-07,74541.8906,-9.27,40.09,54.98,True,False,False
105560.KS,golden_cross,2025-05-29,99485.8906,10.52,8.17,24.64,True,True,True
207940.KS,golden_cross,2022-08-05,1376094.625,-9.39,0.67,-10.73,False,True,False
207940.KS,death_cross,2023-01-31,1220803.5,-0.76,-0.76,1.01,True,True,False
207940.KS,golden_cross,2024-02-07,1270004.75,0.24,-4.36,15.62,True,False,True
207940.KS,death_cross,2025-07-02,1551373.75,2.48,1.09,25.5,False,False,False
207940.KS,golden_cross,2025-07-30,1688214.5,-9.29,11.2,1.29,False,True,True
207940.KS,death_cross,2025-08-01,1589812.125,-2.13,18.09,9.2,True,False,False
207940.KS,golden_cross,2025-09-04,1563674.0,0.98,13.32,1.36,True,True,True
207940.KS,death_cross,2025-09-17,1568286.625,18.43,8.78,1.89,False,False,False
207940.KS,golden_cross,2025-10-29,1877331.375,-14.4,-6.84,-22.82,False,False,False
207940.KS,death_cross,2026-04-06,1555000.0,-5.34,,,True,False,False
247540.KQ,golden_cross,2022-05-04,127825.8594,-2.16,-4.73,-13.76,False,False,False
247540.KQ,death_cross,2022-10-13,104167.2812,10.51,-3.76,161.47,False,True,False
247540.KQ,golden_cross,2023-02-27,166717.625,35.79,54.38,73.26,True,True,True
247540.KQ,death_cross,2023-11-17,237882.4688,33.61,1.68,-19.66,False,False,True
247540.KQ,golden_cross,2024-01-12,303849.875,-18.42,-25.16,-42.76,False,False,False
247540.KQ,death_cross,2024-02-19,243879.5,13.11,-18.61,-31.02,False,True,True
247540.KQ,golden_cross,2025-09-01,119840.7891,-3.0,49.71,49.37,False,True,True
360200.KS,golden_cross,2022-04-08,13377.6348,-7.81,-7.2,-1.05,False,False,False
360200.KS,death_cross,2022-05-31,12490.9531,-3.91,4.67,0.16,True,False,False
360200.KS,golden_cross,2022-09-14,13299.7559,-2.91,-7.98,-4.43,False,False,False
360200.KS,death_cross,2022-12-28,11844.2148,3.0,10.93,19.91,False,False,False
360200.KS,golden_cross,2023-04-06,13168.1172,1.5,8.88,8.53,True,True,True
360200.KS,death_cross,2025-05-08,19668.2969,4.68,12.32,25.27,False,False,False
360200.KS,golden_cross,2025-07-14,21391.0684,3.65,12.53,17.53,True,True,True
466950.KS,golden_cross,2024-08-01,14288.458,-6.84,16.17,20.01,False,True,True
466950.KS,death_cross,2025-04-21,13674.8125,18.93,47.79,78.84,False,False,False
466950.KS,golden_cross,2025-07-09,18085.0781,12.8,30.57,38.24,True,True,True
476760.KS,golden_cross,2025-01-09,9430.8408,1.89,0.01,-4.33,True,True,False
476760.KS,death_cross,2025-05-20,9070.1289,-0.65,0.85,10.91,True,False,False
476760.KS,golden_cross,2025-10-20,9916.3535,1.06,0.2,-1.15,True,True,False
AAPL,golden_cross,2022-03-28,171.8918,-6.81,-20.77,-16.39,False,False,False
AAPL,death_cross,2022-06-03,142.5191,0.67,6.39,-0.31,False,False,True
AAPL,golden_cross,2022-09-26,148.0083,-0.94,-13.89,8.96,False,False,True
AAPL,death_cross,2022-10-07,137.5239,-0.26,-4.61,20.04,True,True,False
AAPL,golden_cross,2023-03-22,155.433,4.75,19.32,8.77,True,True,True
AAPL,death_cross,2024-03-14,171.2819,-2.09,24.04,31.24,True,False,False
AAPL,golden_cross,2024-06-13,212.4001,6.83,3.13,19.06,True,True,True
AAPL,death_cross,2025-04-07,180.5063,8.83,15.12,37.74,False,False,False
AAPL,golden_cross,2025-09-15,236.0322,5.34,14.96,6.93,True,True,True
ADBE,golden_cross,2023-03-21,374.22,0.92,28.14,34.86,True,True,True
ADBE,death_cross,2024-04-10,487.22,-1.01,16.28,1.97,True,False,False
ADBE,golden_cross,2024-08-27,567.82,-9.22,-9.14,-23.38,False,False,False
ADBE,death_cross,2024-10-25,483.72,8.6,-9.33,-20.62,False,True,True
AMD,golden_cross,2023-03-16,96.6,-7.06,16.06,0.81,False,True,True
AMD,death_cross,2024-08-14,140.75,8.05,-4.16,-26.14,False,True,True
AMD,golden_cross,2025-07-16,160.08,10.89,45.6,62.22,True,True,True
AMZN,golden_cross,2023-05-26,120.11,6.49,14.9,22.29,True,True,True
AMZN,death_cross,2025-04-22,173.18,17.28,34.42,32.98,False,False,False
AMZN,golden_cross,2025-07-08,219.36,1.72,3.82,7.88,True,True,True
AMZN,death_cross,2026-03-11,212.65,12.81,,,False,False,False
AMZN,golden_cross,2026-05-06,274.99,-10.83,,,False,False,False
AVGO,golden_cross,2022-03-28,58.8979,-8.52,-23.87,-22.12,False,False,False
AVGO,death_cross,2022-06-22,46.5514,3.43,-6.04,14.33,False,True,False
AVGO,golden_cross,2023-01-06,56.1428,2.26,6.85,55.11,True,True,True
AVGO,death_cross,2025-05-05,199.1067,29.5,52.3,76.06,False,False,False
AVGO,golden_cross,2025-05-15,230.7702,7.19,25.45,46.83,True,True,True
AVGO,death_cross,2026-03-31,309.51,36.11,,,False,False,False
AVGO,golden_cross,2026-04-17,406.54,1.11,,,True,False,False
BRK-B,golden_cross,2022-03-28,359.57,-7.87,-22.82,-22.31,False,False,False
BRK-B,death_cross,2022-06-30,273.02,7.01,2.74,15.57,False,False,False
BRK-B,golden_cross,2022-12-28,303.43,2.67,1.86,13.16,True,True,True
BRK-B,death_cross,2025-08-04,459.11,10.41,6.46,8.91,False,False,False
BRK-B,golden_cross,2025-10-21,491.29,2.0,-3.38,-3.72,True,False,False
BRK-B,death_cross,2025-10-29,475.76,6.89,5.9,0.8,False,False,False
BRK-B,golden_cross,2026-01-02,496.85,1.4,-2.34,,True,False,False
BRK-B,death_cross,2026-03-26,475.27,0.61,,,False,False,False
COST,golden_cross,2022-03-28,538.168,-0.41,-13.92,-14.73,False,False,False
COST,death_cross,2022-06-17,426.0105,18.53,9.25,3.01,False,False,False
COST,golden_cross,2022-09-02,495.9323,-7.47,-6.99,-6.11,False,False,False
COST,death_cross,2022-10-12,445.5567,10.73,2.99,10.05,False,False,False
COST,golden_cross,2023-05-26,487.3457,4.82,8.49,19.78,True,True,True
COST,death_cross,2025-08-20,990.3729,-5.16,-9.48,1.11,True,True,False
COST,golden_cross,2026-03-04,1005.2813,1.17,-3.04,,True,False,False
CRM,golden_cross,2023-03-13,172.5252,10.55,20.75,21.38,True,True,True
CRM,death_cross,2024-07-10,249.0057,-0.02,14.24,28.84,True,False,False
CRM,golden_cross,2024-10-31,287.6864,13.75,11.95,0.05,True,True,True
CRM,death_cross,2025-04-14,252.014,14.23,3.2,1.16,False,False,False
DIS,golden_cross,2023-03-10,91.4172,4.67,-1.2,-12.43,True,False,False
DIS,death_cross,2023-04-12,95.6866,-6.08,-12.24,-15.0,True,True,True
DIS,golden_cross,2024-01-03,89.8332,5.46,28.72,6.18,True,True,True
DIS,death_cross,2024-07-25,87.845,2.88,7.84,27.57,False,False,False
DIS,golden_cross,2024-12-06,114.9439,-6.51,-14.5,1.22,False,False,True
DIS,death_cross,2025-04-22,85.1483,29.09,40.42,28.6,False,False,False
DIS,golden_cross,2025-06-20,116.3433,4.96,-3.16,-1.85,True,False,False
DIS,death_cross,2025-12-11,110.7109,2.55,-10.4,,False,True,False
GOOGL,golden_cross,2023-05-03,104.4835,19.54,24.66,23.56,True,True,True
GOOGL,death_cross,2025-04-08,144.1139,5.56,25.93,74.15,False,False,False
GOOGL,golden_cross,2025-07-23,189.6888,8.34,36.76,77.95,True,True,True
HD,golden_cross,2022-12-07,292.4761,0.15,-9.4,-4.49,True,False,False
HD,death_cross,2023-04-14,268.866,-3.37,9.99,-1.11,True,False,True
HD,golden_cross,2023-07-19,296.094,2.47,-9.78,12.67,True,False,True
HD,death_cross,2023-11-10,271.9713,18.56,25.1,14.82,False,False,False
HD,golden_cross,2023-12-14,330.3429,1.73,13.01,-1.58,True,True,False
HD,death_cross,2025-04-08,324.5408,8.19,7.64,16.93,False,False,False
HD,golden_cross,2025-09-02,395.787,-2.23,-12.52,-15.0,False,False,False
HD,death_cross,2025-12-09,340.4236,8.59,-0.45,,False,True,False
INTC,golden_cross,2023-05-04,30.616,-0.9,10.13,25.25,False,True,True
INTC,death_cross,2024-05-03,30.581,0.02,-33.0,-18.09,False,True,True
INTC,golden_cross,2025-08-15,24.56,1.38,39.78,90.88,True,True,True
JNJ,golden_cross,2022-03-28,157.4396,3.17,1.6,-5.93,True,True,False
JNJ,death_cross,2022-09-09,148.6442,-1.8,8.84,-5.86,True,False,True
JNJ,golden_cross,2022-12-13,161.7915,-3.82,-13.51,-7.34,False,False,False
JNJ,death_cross,2023-02-24,141.8231,-2.66,0.17,4.55,True,False,False
JNJ,golden_cross,2023-08-10,157.7348,-4.3,-13.63,-6.2,False,False,False
JNJ,death_cross,2023-10-26,137.4986,2.58,7.13,1.38,False,False,False
JNJ,golden_cross,2024-02-12,146.8319,1.63,-1.52,3.88,True,False,True
JNJ,death_cross,2024-04-12,138.2649,2.62,6.21,12.12,False,False,False
JNJ,golden_cross,2024-08-19,150.8245,4.03,-3.36,5.84,True,False,True
JNJ,death_cross,2024-12-31,138.7844,6.13,4.55,9.08,False,False,False
JNJ,golden_cross,2025-03-12,157.5297,-6.83,-3.87,9.92,False,False,True
JNJ,death_cross,2025-06-02,151.6118,0.39,15.66,30.44,False,False,False
JNJ,golden_cross,2025-07-09,152.4704,10.91,22.93,42.43,True,True,True
JPM,golden_cross,2022-12-02,124.3294,0.88,-0.39,6.28,True,False,True
JPM,death_cross,2026-03-27,281.3999,9.9,,,False,False,False
JPM,golden_cross,2026-06-05,312.37,,,,False,False,False
KO,golden_cross,2022-03-28,54.9947,6.9,4.72,-7.85,True,True,False
KO,death_cross,2022-10-07,49.1188,9.34,13.09,18.55,False,False,False
KO,golden_cross,2022-12-28,57.689,-3.54,-1.39,-4.93,False,False,False
KO,death_cross,2023-03-10,53.7323,6.69,3.58,0.56,False,False,False
KO,golden_cross,2023-04-17,58.0309,-0.49,-0.86,-10.95,False,False,False
KO,death_cross,2023-08-30,55.7178,-7.52,-1.6,1.21,True,True,False
KO,golden_cross,2024-01-29,55.9143,0.49,4.61,16.43,True,True,True
KO,death_cross,2024-12-26,60.3618,2.37,17.82,13.13,False,False,False
KO,golden_cross,2025-03-12,67.4717,2.88,2.3,-2.9,True,True,False
KO,death_cross,2025-10-09,65.457,6.25,8.4,14.12,False,False,False
KO,golden_cross,2025-12-05,69.522,-0.9,11.25,,False,True,False
MA,golden_cross,2022-03-28,341.7242,8.24,-9.08,-12.95,True,False,False
MA,death_cross,2022-04-14,349.355,-5.3,-2.9,-14.33,True,True,True
MA,golden_cross,2022-06-03,349.355,-9.29,-7.61,0.41,False,False,True
MA,death_cross,2022-06-13,312.1759,4.17,-1.29,7.6,False,True,False
MA,golden_cross,2022-12-27,339.035,7.38,6.04,13.81,True,True,True
MA,death_cross,2025-12-01,542.2223,3.52,-4.68,-10.27,False,True,True
META,golden_cross,2023-03-02,173.171,22.08,55.34,76.22,True,True,True
META,death_cross,2025-05-06,585.4835,18.8,30.5,3.84,False,False,False
META,golden_cross,2025-06-16,700.4749,0.31,10.86,-5.15,True,True,False
META,death_cross,2025-12-10,649.0445,-2.85,-5.14,,True,True,False
MSFT,golden_cross,2023-03-20,265.3575,5.1,23.33,15.39,True,True,True
MSFT,death_cross,2024-11-29,418.4955,-1.15,-10.05,13.52,True,True,False
MSFT,golden_cross,2024-12-11,443.7261,-5.05,-13.67,10.06,False,False,True
MSFT,death_cross,2025-02-26,395.8358,-5.24,15.78,24.26,True,False,False
MSFT,golden_cross,2025-06-09,469.0038,6.47,8.04,1.12,True,True,True
MSFT,death_cross,2026-01-22,449.1399,-13.58,-4.63,,True,True,False
NFLX,golden_cross,2022-11-23,29.15,-2.51,6.99,36.98,False,True,True
NFLX,death_cross,2025-12-05,100.24,-9.69,-4.92,,True,True,False
NVDA,golden_cross,2022-03-28,28.1349,-29.9,-48.52,-53.17,False,False,False
NVDA,death_cross,2022-04-20,21.418,-22.29,-23.02,-38.63,True,True,True
NVDA,golden_cross,2023-01-24,19.2223,20.87,44.06,131.13,True,True,True
NVDA,death_cross,2025-03-20,118.3641,-16.57,30.2,53.44,True,False,False
NVDA,golden_cross,2025-06-27,157.5402,13.64,18.7,18.71,True,True,True
ORCL,golden_cross,2022-12-08,76.6803,11.07,6.33,53.7,True,True,True
ORCL,death_cross,2024-02-01,112.7552,-3.97,2.41,15.45,True,False,False
ORCL,golden_cross,2024-03-14,122.515,-3.6,15.6,33.0,False,True,True
ORCL,death_cross,2025-04-07,125.4463,18.62,81.34,140.55,False,False,False
ORCL,golden_cross,2025-06-30,216.4583,16.32,32.37,-11.46,True,True,False
ORCL,death_cross,2026-01-08,188.4917,-15.47,-9.91,,True,True,False
PEP,golden_cross,2022-03-28,144.336,7.1,2.92,1.54,True,True,True
PEP,death_cross,2023-10-04,153.1939,-1.26,-0.28,0.35,True,True,False
PEP,golden_cross,2024-05-01,161.2861,-2.24,-0.74,-4.91,False,False,False
PEP,death_cross,2024-11-22,151.4982,-5.1,-4.01,-17.44,True,True,True
PEP,golden_cross,2025-09-08,137.6465,-2.03,6.67,10.39,False,True,True
PG,golden_cross,2022-03-28,137.9266,6.79,-4.52,-15.02,True,False,False
PG,death_cross,2022-06-23,128.2628,2.04,-6.65,7.96,False,True,False
PG,golden_cross,2022-12-30,138.472,-5.61,1.07,-0.49,False,True,False
PG,death_cross,2023-12-28,136.5254,8.51,7.34,15.92,False,False,False
PG,golden_cross,2024-02-02,149.0401,0.94,5.09,7.14,True,True,True
PG,death_cross,2025-02-14,157.3544,3.49,2.19,-2.99,False,False,True
PG,golden_cross,2025-03-21,161.0252,0.04,-4.24,-6.61,True,False,False
PG,death_cross,2025-05-05,154.3887,2.5,-2.69,-5.18,False,True,True
PG,golden_cross,2026-03-10,154.844,-6.95,-3.38,,False,False,False
PG,death_cross,2026-05-04,143.42,-1.84,,,True,False,False
TSLA,golden_cross,2022-03-28,363.9467,-19.63,-37.56,-33.83,False,False,False
TSLA,death_cross,2022-05-26,235.91,-3.15,16.83,-22.66,True,False,True
TSLA,golden_cross,2023-06-23,256.6,3.02,-6.27,-3.19,True,False,False
TSLA,death_cross,2024-02-01,188.86,-4.3,-5.85,4.57,True,True,False
TSLA,golden_cross,2024-07-29,232.1,-11.35,10.97,61.28,False,True,True
TSLA,death_cross,2025-04-14,252.35,35.85,30.17,73.95,False,False,False
TSLA,golden_cross,2025-07-01,300.71,0.64,42.94,44.92,True,True,True
TSLA,death_cross,2025-08-05,308.72,13.64,44.44,35.1,False,False,False
TSLA,golden_cross,2025-09-16,421.62,1.69,14.65,-11.74,True,True,False
TSLA,death_cross,2026-04-09,345.62,28.75,,,False,False,False
UNH,golden_cross,2022-03-28,477.3949,2.19,1.18,3.39,True,True,True
UNH,death_cross,2023-02-06,446.4238,-2.17,3.21,6.77,True,False,False
UNH,golden_cross,2023-09-13,455.9755,12.41,11.06,2.88,True,True,True
UNH,death_cross,2024-03-21,470.6783,-1.12,-1.14,19.84,True,True,False
UNH,golden_cross,2024-07-26,547.6874,3.09,-0.98,-4.55,True,False,False
UNH,death_cross,2025-01-31,525.367,-12.26,-27.61,-51.23,True,True,True
UNH,golden_cross,2026-01-26,348.9273,-18.48,6.18,,False,True,False
UNH,death_cross,2026-02-27,291.0076,-7.02,29.55,,True,False,False
UNH,golden_cross,2026-05-14,399.09,,,,False,False,False
V,golden_cross,2022-12-23,200.4005,12.44,9.75,15.33,True,True,True
V,death_cross,2024-08-13,256.7425,10.46,18.72,34.98,False,False,False
V,golden_cross,2024-10-04,274.3107,5.53,10.93,19.64,True,True,True
V,death_cross,2025-10-28,344.787,-3.4,-4.99,-7.73,True,True,True
WMT,golden_cross,2022-04-13,49.7376,-5.39,-16.6,-12.29,False,False,False
WMT,death_cross,2022-06-15,37.9039,8.53,12.36,21.17,False,False,False
WMT,golden_cross,2022-11-15,47.0171,-2.82,-1.8,0.47,False,False,True
ADA-USD,golden_cross,2023-03-03,0.3427,2.7,6.74,4.35,True,True,True
ADA-USD,death_cross,2023-06-19,0.263,11.32,1.08,12.25,False,False,False
ADA-USD,golden_cross,2023-11-19,0.3845,43.3,23.87,67.57,True,True,True
ADA-USD,death_cross,2024-05-12,0.4377,4.43,-0.21,-18.07,False,True,True
ADA-USD,golden_cross,2024-11-17,0.7023,43.46,39.77,-4.04,True,True,False
ADA-USD,death_cross,2025-04-07,0.5854,18.94,13.39,64.3,False,False,False
ADA-USD,golden_cross,2025-08-13,0.9059,-10.6,-29.97,-59.95,False,False,False
ADA-USD,death_cross,2025-11-04,0.5215,-16.47,-25.08,-44.32,True,True,True
ATOM-USD,golden_cross,2021-12-31,32.4697,-10.22,-12.5,-70.1,False,False,False
ATOM-USD,death_cross,2022-03-04,30.5489,-5.66,-58.08,-70.62,True,True,True
ATOM-USD,golden_cross,2022-10-16,11.7121,21.82,-24.47,9.59,True,False,True
ATOM-USD,death_cross,2022-12-17,8.7979,19.78,57.61,33.2,False,False,False
ATOM-USD,golden_cross,2023-02-08,15.1461,-17.79,-18.17,-42.02,False,False,False
ATOM-USD,death_cross,2023-04-14,12.2623,-11.44,-29.93,-41.25,True,True,True
ATOM-USD,golden_cross,2023-12-05,9.894,20.94,1.27,-17.76,True,True,False
ATOM-USD,death_cross,2024-05-06,9.2047,-5.27,-35.47,-55.87,True,True,True
ATOM-USD,golden_cross,2024-12-04,9.9333,-34.75,-53.96,-59.94,False,False,False
ATOM-USD,death_cross,2025-02-24,4.3561,8.49,1.66,-6.35,False,False,True
ATOM-USD,golden_cross,2025-08-17,4.6262,-1.8,-32.66,-55.01,False,False,False
ATOM-USD,death_cross,2025-10-02,4.3118,-26.13,-49.47,-55.03,True,True,True
AVAX-USD,golden_cross,2021-12-31,109.2705,-45.34,-34.22,-72.22,False,False,False
AVAX-USD,death_cross,2022-03-05,76.7274,17.07,-41.92,-74.73,False,True,True
AVAX-USD,golden_cross,2023-02-19,19.8021,-16.67,-13.19,-34.38,False,False,False
AVAX-USD,death_cross,2023-06-06,14.6319,-15.56,-14.97,-35.6,True,True,True
AVAX-USD,golden_cross,2023-11-20,20.8616,79.42,46.11,159.38,True,True,True
AVAX-USD,death_cross,2024-05-25,38.2878,-21.54,-31.21,-31.46,True,True,True
AVAX-USD,golden_cross,2024-11-20,33.5857,58.16,9.04,-41.07,True,True,False
AVAX-USD,death_cross,2025-02-24,21.8809,-13.16,-1.08,-16.37,True,True,True
AVAX-USD,golden_cross,2025-08-14,23.67,3.42,-12.99,-48.86,True,False,False
AVAX-USD,death_cross,2025-11-12,16.8205,-14.4,-18.35,-42.86,True,True,True
BNB-USD,golden_cross,2021-12-31,511.7083,-30.02,-25.48,-47.35,False,False,False
BNB-USD,death_cross,2022-02-04,399.0296,-6.36,-1.24,-47.49,True,True,True
BNB-USD,golden_cross,2022-11-08,327.6903,-8.21,-10.36,1.6,False,False,True
BNB-USD,death_cross,2022-12-28,244.1419,20.77,18.58,28.0,False,False,False
BNB-USD,golden_cross,2023-02-10,305.9541,-5.38,11.13,-21.3,False,True,False
BNB-USD,death_cross,2023-06-16,239.1147,-1.18,-11.91,-6.64,True,True,True
BNB-USD,golden_cross,2023-12-10,239.7332,31.15,39.42,138.17,True,True,True
BNB-USD,death_cross,2024-08-30,535.3158,10.04,3.13,27.98,False,False,False
BNB-USD,golden_cross,2024-10-27,588.7158,5.22,20.01,0.74,True,True,True
BNB-USD,death_cross,2025-03-15,619.4861,-10.48,4.98,26.82,True,False,False
BNB-USD,golden_cross,2025-06-15,648.2808,1.96,34.06,72.26,True,True,True
BNB-USD,death_cross,2025-12-29,851.1876,3.93,-23.92,-22.03,False,True,True
BTC-USD,golden_cross,2021-12-31,46306.4453,-24.35,-17.8,-37.27,False,False,False
BTC-USD,death_cross,2022-01-14,43099.6992,-3.85,-4.69,-32.09,True,True,True
BTC-USD,golden_cross,2023-02-07,23264.291,1.64,31.04,15.42,True,True,True
BTC-USD,death_cross,2023-09-12,25833.3438,7.61,41.66,52.93,False,False,False
BTC-USD,golden_cross,2023-10-30,34502.3633,3.8,28.05,100.04,True,True,True
BTC-USD,death_cross,2024-08-10,60945.8125,-5.94,10.0,60.4,True,False,False
BTC-USD,golden_cross,2024-10-28,69907.7578,32.09,38.59,15.3,True,True,True
BTC-USD,death_cross,2025-04-07,79235.3359,18.99,33.69,48.23,False,False,False
BTC-USD,golden_cross,2025-05-22,111673.2812,-5.0,6.96,6.25,False,True,True
BTC-USD,death_cross,2025-11-16,94177.0781,-3.76,-5.1,-29.58,True,True,True
DOGE-USD,golden_cross,2022-11-11,0.0849,17.6,-1.47,-8.8,True,False,False
DOGE-USD,death_cross,2023-03-26,0.0744,22.89,-3.7,1.71,False,True,False
DOGE-USD,golden_cross,2023-11-22,0.0758,29.65,5.75,140.56,True,True,True
DOGE-USD,death_cross,2024-07-17,0.1219,-11.88,-9.71,218.02,True,True,False
DOGE-USD,golden_cross,2024-11-06,0.1967,104.42,73.37,-14.56,True,True,False
DOGE-USD,death_cross,2025-03-14,0.1718,-1.61,30.63,35.03,True,False,False
DOGE-USD,golden_cross,2025-08-12,0.2357,-6.41,-21.57,-43.8,False,False,False
DOGE-USD,death_cross,2025-11-10,0.1818,-19.71,-23.0,-50.44,True,True,True
DOT-USD,golden_cross,2021-12-31,26.7197,-31.77,-38.5,-67.27,False,False,False
DOT-USD,death_cross,2022-01-11,25.5439,-26.41,-25.65,-61.29,True,True,True
DOT-USD,golden_cross,2023-02-24,6.6144,-4.32,-14.31,-24.01,False,False,False
DOT-USD,death_cross,2023-05-29,5.4608,-14.5,-8.82,-26.49,True,True,True
DOT-USD,golden_cross,2023-12-02,5.5739,55.15,22.1,29.91,True,True,True
DOT-USD,death_cross,2024-05-19,6.9375,-6.2,-17.14,-30.73,True,True,True
DOT-USD,golden_cross,2024-12-02,9.9865,-24.34,-55.01,-63.29,False,False,False
DOT-USD,death_cross,2025-02-27,4.9261,-8.78,-20.41,-26.54,True,True,True
DOT-USD,golden_cross,2025-10-04,4.2015,-23.93,-45.45,-68.36,False,False,False
DOT-USD,death_cross,2025-10-13,3.3771,-25.57,-47.93,-61.14,True,True,True
ENS-USD,golden_cross,2022-09-01,13.4252,4.19,22.18,-6.74,True,True,False
ENS-USD,death_cross,2022-12-20,11.4122,9.71,37.86,2.01,False,False,False
ENS-USD,golden_cross,2023-02-21,16.4509,-23.34,-25.4,-43.22,False,False,False
ENS-USD,death_cross,2023-03-29,13.6046,-4.91,-25.94,-31.56,True,True,True
ENS-USD,golden_cross,2023-12-09,9.627,0.37,131.27,44.05,True,True,True
ENS-USD,death_cross,2024-05-19,14.3979,39.97,90.2,39.77,False,False,False
ENS-USD,golden_cross,2024-06-01,29.0707,-20.08,-40.17,-41.33,False,False,False
ENS-USD,death_cross,2024-09-05,16.5401,26.17,15.89,107.34,False,False,False
ENS-USD,golden_cross,2024-12-05,40.9791,-17.93,-39.2,-66.66,False,False,False
ENS-USD,death_cross,2025-03-15,17.1635,-23.35,29.31,66.3,True,False,False
ENS-USD,golden_cross,2025-07-28,28.8064,-16.47,-24.18,-61.82,False,False,False
ENS-USD,death_cross,2025-10-16,15.5075,-8.78,-38.28,-57.54,True,True,True
ETC-USD,golden_cross,2022-05-03,26.8434,-11.72,-41.74,42.96,False,False,True
ETC-USD,death_cross,2022-05-12,18.9455,15.31,1.26,47.33,False,False,False
ETC-USD,golden_cross,2022-08-20,32.8524,17.17,-24.69,-52.7,True,False,False
ETC-USD,death_cross,2022-11-02,22.9327,-11.87,-12.64,-11.67,True,True,True
ETC-USD,golden_cross,2023-11-24,19.2077,7.91,28.58,71.24,True,True,True
ETC-USD,death_cross,2024-06-29,23.1096,4.58,-23.61,-11.54,False,True,True
ETC-USD,golden_cross,2024-11-30,32.7419,-20.74,-36.79,-53.67,False,False,False
ETC-USD,death_cross,2025-03-01,19.0492,-6.59,-14.7,-4.1,True,True,True
ETC-USD,golden_cross,2025-08-05,20.1696,6.48,-28.73,-38.79,True,False,False
ETC-USD,death_cross,2025-10-24,15.9905,-4.33,-25.48,-45.91,True,True,True
ETH-USD,golden_cross,2021-12-31,3682.6328,-34.69,-32.17,-46.73,False,False,False
ETH-USD,death_cross,2022-01-28,2547.092,8.5,38.25,-29.73,False,False,True
ETH-USD,golden_cross,2023-02-09,1546.4382,1.47,37.09,22.28,True,True,True
ETH-USD,death_cross,2023-09-01,1628.4912,-2.13,16.66,60.86,True,False,False
ETH-USD,golden_cross,2023-11-21,1937.0668,16.7,17.04,80.95,True,True,True
ETH-USD,death_cross,2024-08-08,2683.3528,-5.87,-8.04,34.86,True,True,False
ETH-USD,golden_cross,2024-12-05,3811.0083,-12.65,-31.02,-58.59,False,False,False
ETH-USD,death_cross,2025-03-01,2216.6433,-9.53,-18.12,33.44,True,True,False
ETH-USD,golden_cross,2025-07-01,2405.7927,50.87,79.03,48.33,True,True,True
ETH-USD,death_cross,2025-11-30,2992.1125,0.47,-28.36,-23.62,False,True,True
GAS-USD,golden_cross,2023-02-11,3.1763,1.58,10.62,-19.45,True,True,False
GAS-USD,death_cross,2023-06-12,2.2665,16.88,-3.76,15.57,False,True,False
GAS-USD,golden_cross,2023-10-31,6.301,22.66,-4.13,18.16,True,False,True
GAS-USD,death_cross,2024-04-21,5.5815,-12.33,-34.84,-41.53,True,True,True
GAS-USD,golden_cross,2024-11-08,3.9451,55.23,28.39,-24.36,True,True,False
GAS-USD,death_cross,2025-02-28,3.3815,-12.13,-6.21,-10.06,True,True,True
GAS-USD,golden_cross,2025-08-19,3.228,2.67,-18.63,-35.72,True,False,False
GAS-USD,death_cross,2025-10-15,2.6449,-11.09,-30.66,-40.99,True,True,True
ID-USD,golden_cross,2023-04-24,0.0397,-25.14,-31.63,-70.62,False,False,False
ID-USD,death_cross,2023-05-22,0.0295,-9.24,26.82,-58.5,True,False,True
ID-USD,golden_cross,2023-12-03,0.0838,-54.41,-53.91,54.57,False,False,True
ID-USD,death_cross,2024-07-08,0.059,21.19,-33.97,-20.67,False,True,True
ID-USD,golden_cross,2025-09-05,0.0148,-16.28,-34.6,-51.85,False,False,False
ID-USD,death_cross,2025-10-20,0.011,-21.34,-34.55,-68.7,True,True,True
ID-USD,golden_cross,2025-11-08,0.2255,-97.01,-97.18,-98.36,False,False,False
ID-USD,death_cross,2025-12-01,0.0062,-7.17,-42.8,-86.58,True,True,True
LINK-USD,golden_cross,2023-02-27,7.2791,1.77,-3.87,-15.53,True,False,False
LINK-USD,death_cross,2023-06-05,6.0659,2.19,25.43,22.36,False,False,False
LINK-USD,golden_cross,2023-08-10,7.6084,-22.01,-2.45,86.97,False,False,True
LINK-USD,death_cross,2023-09-12,5.9594,28.86,129.63,144.07,False,False,False
LINK-USD,golden_cross,2023-10-14,7.3226,66.99,92.5,144.98,True,True,True
LINK-USD,death_cross,2024-05-10,13.5686,35.71,6.29,-17.42,False,False,True
LINK-USD,golden_cross,2024-11-29,18.2906,20.97,18.33,-33.98,True,True,False
LINK-USD,death_cross,2025-03-21,13.9591,-5.82,11.24,21.47,True,False,False
LINK-USD,golden_cross,2025-08-09,21.9304,5.9,-12.85,-42.86,True,False,False
LINK-USD,death_cross,2025-11-17,13.3061,8.35,-7.99,-36.83,False,True,True
LTC-USD,golden_cross,2021-12-31,146.5147,-25.99,-32.52,-56.04,False,False,False
LTC-USD,death_cross,2022-01-07,131.4884,-15.72,-19.63,-45.17,True,True,True
LTC-USD,golden_cross,2022-11-25,74.0289,-12.25,23.28,22.83,False,True,True
LTC-USD,death_cross,2023-06-20,80.3089,19.89,-18.92,-13.77,False,True,True
LTC-USD,golden_cross,2023-06-30,108.1653,-14.9,-41.1,-31.82,False,False,False
LTC-USD,death_cross,2023-08-20,65.2525,-9.83,5.28,12.35,True,False,False
LTC-USD,golden_cross,2024-02-23,68.8282,22.24,21.34,-5.1,True,True,False
LTC-USD,death_cross,2024-07-04,65.3157,9.21,-6.77,15.51,False,True,False
LTC-USD,golden_cross,2024-11-19,86.8205,35.37,36.71,-4.36,True,True,False
LTC-USD,death_cross,2025-04-11,76.2142,13.72,13.95,50.42,False,False,False
LTC-USD,golden_cross,2025-08-06,119.2952,-4.64,-21.69,-33.73,False,False,False
LTC-USD,death_cross,2025-11-12,97.5415,-14.33,-23.27,-42.2,True,True,True
MATIC-USD,golden_cross,2021-12-31,2.5271,-39.43,-43.95,-76.2,False,False,False
MATIC-USD,death_cross,2022-03-04,1.4749,9.21,-44.27,-52.03,False,True,True
MATIC-USD,golden_cross,2022-10-26,0.9381,-6.74,-19.15,22.54,False,False,True
MATIC-USD,death_cross,2023-05-18,0.8727,-16.61,-13.2,-42.31,True,True,True
MATIC-USD,golden_cross,2023-11-25,0.7793,5.09,2.64,13.55,True,True,True
MATIC-USD,death_cross,2024-05-04,0.7293,-1.81,-31.31,-47.57,True,True,True
MATIC-USD,golden_cross,2024-12-14,0.6012,-14.16,-49.77,,False,False,False
MATIC-USD,death_cross,2025-02-08,0.3086,-1.71,,,True,False,False
SAND-USD,golden_cross,2021-12-31,5.8477,-48.99,-52.39,-81.0,False,False,False
SAND-USD,death_cross,2022-03-30,3.5262,-21.69,-63.26,-63.34,True,True,True
SAND-USD,golden_cross,2023-03-02,0.6889,-8.43,-20.99,-38.53,False,False,False
SAND-USD,death_cross,2023-03-27,0.5951,17.92,-7.02,-32.01,False,True,True
SAND-USD,golden_cross,2023-12-07,0.464,23.92,0.74,-7.44,True,True,False
SAND-USD,death_cross,2024-05-15,0.4385,7.99,-21.12,-35.21,False,True,True
SAND-USD,golden_cross,2024-11-28,0.6171,-0.47,-33.66,-58.15,False,False,False
SAND-USD,death_cross,2025-03-08,0.2993,-9.76,21.89,8.07,True,False,False
SAND-USD,golden_cross,2025-08-26,0.2815,10.37,-28.26,-55.14,True,False,False
SAND-USD,death_cross,2025-10-10,0.1866,11.55,-36.11,-55.75,False,True,True
SOL-USD,golden_cross,2021-12-31,170.2991,-44.7,-51.77,-73.76,False,False,False
SOL-USD,death_cross,2022-02-04,112.1742,-19.64,-11.44,-73.27,True,True,True
SOL-USD,golden_cross,2023-04-16,25.3619,-18.55,-31.96,-20.04,False,False,False
SOL-USD,death_cross,2023-06-19,16.073,37.45,30.86,104.21,False,False,False
SOL-USD,golden_cross,2023-08-05,22.6322,-8.15,-2.33,219.76,False,False,True
SOL-USD,death_cross,2023-09-23,19.4739,12.57,198.83,415.77,False,False,False
SOL-USD,golden_cross,2023-10-22,29.0367,78.76,268.58,346.68,True,True,True
SOL-USD,death_cross,2024-09-06,124.9901,25.54,78.13,69.0,False,False,False
SOL-USD,golden_cross,2024-10-30,174.925,46.96,23.84,-28.39,True,True,False
SOL-USD,death_cross,2025-03-13,123.2861,-0.4,41.05,53.74,True,False,False
SOL-USD,golden_cross,2025-08-05,164.0964,23.66,14.97,-22.15,True,True,False
SOL-USD,death_cross,2025-11-22,127.5512,1.51,-0.39,-36.99,False,True,True
TRUMP-USD,golden_cross,2021-12-31,0.2704,-8.55,-80.88,-92.22,False,False,False
TRUMP-USD,death_cross,2022-02-16,0.0517,0.0,-17.87,-73.25,False,True,True
TRUMP-USD,golden_cross,2023-12-11,0.0007,79.88,269.15,306.26,True,True,True
TRUMP-USD,death_cross,2024-08-15,0.0041,-13.81,-27.98,-62.06,True,True,True
TRUMP-USD,golden_cross,2025-07-30,0.0008,4.6,-8.96,-33.46,True,False,False
TRUMP-USD,death_cross,2025-11-08,0.0006,-13.91,-13.91,,True,True,False
TRX-USD,golden_cross,2021-12-31,0.0754,-24.82,-22.17,-10.6,False,False,False
TRX-USD,death_cross,2022-01-08,0.0657,-10.63,-7.94,8.56,True,True,False
TRX-USD,golden_cross,2022-06-02,0.0842,-21.75,-17.32,-26.65,False,False,False
TRX-USD,death_cross,2022-07-27,0.0687,-1.78,-11.93,-21.85,True,True,True
TRX-USD,golden_cross,2022-08-09,0.0685,-7.4,-6.62,-21.68,False,False,False
TRX-USD,death_cross,2022-08-26,0.0616,1.04,2.69,-12.96,False,False,True
TRX-USD,golden_cross,2023-02-15,0.0708,-17.46,-6.7,5.07,False,False,True
TRX-USD,death_cross,2024-06-27,0.1219,10.6,27.75,33.34,False,False,False
TRX-USD,golden_cross,2024-07-14,0.1377,-11.69,8.57,54.09,False,True,True
TRX-USD,death_cross,2025-11-20,0.2802,-2.31,5.44,12.65,True,False,False
TRX-USD,golden_cross,2026-04-07,0.3155,2.41,-0.07,,True,False,False
XRP-USD,golden_cross,2022-10-23,0.469,-19.75,-23.99,-20.3,False,False,False
XRP-USD,death_cross,2022-12-24,0.3522,9.29,7.09,32.83,False,False,False
XRP-USD,golden_cross,2023-04-04,0.5035,-8.23,6.84,25.98,False,True,True
XRP-USD,death_cross,2023-09-30,0.5154,1.37,20.68,2.06,False,False,False
XRP-USD,golden_cross,2023-11-07,0.6864,-11.22,-16.91,-5.66,False,False,False
XRP-USD,death_cross,2024-01-30,0.5107,7.5,15.04,-2.76,False,False,True
XRP-USD,golden_cross,2024-03-17,0.6192,-0.6,-14.97,-3.62,False,False,False
XRP-USD,death_cross,2024-04-30,0.5001,5.29,-14.91,7.91,False,True,False
XRP-USD,golden_cross,2024-08-20,0.5944,-9.95,-15.56,246.14,False,False,True
XRP-USD,death_cross,2025-05-18,2.4342,-4.67,30.84,15.35,True,False,False
XRP-USD,golden_cross,2025-07-22,3.5517,-7.63,-21.56,-42.82,False,False,False
XRP-USD,death_cross,2025-11-08,2.2849,-5.42,-5.3,-36.74,True,True,True
ZETA-USD,golden_cross,2024-06-16,1.0354,-35.66,-49.48,-39.04,False,False,False
ZETA-USD,death_cross,2024-06-30,0.8408,-14.23,-47.02,-8.28,True,True,True
ZETA-USD,golden_cross,2024-12-08,0.9183,-38.54,-64.92,-74.41,False,False,False
ZETA-USD,death_cross,2025-01-22,0.475,-33.0,-40.08,-52.49,True,True,True
