,Dual Momentum,VOO (Buy&Hold),60/40 (VOO+BND)
2016-03-31,1.0088316667507173,1.0687335514797478,1.0447727975881356
2016-04-30,1.0128964853804117,1.0724746397872114,1.0486509795219319
2016-05-31,1.0306682590113236,1.0912917418290196,1.0596603108674718
2016-06-30,1.0339900261258324,1.0948088939181115,1.0702707909859974
2016-07-31,1.0720787895578687,1.1351380227395744,1.0964903272713078
2016-08-31,1.0733696517710458,1.136504812936869,1.0959065379557098
2016-09-30,1.0736809887564445,1.1368344626356162,1.0965981488571792
2016-10-31,1.0544437524194554,1.1164656999744789,1.0806881776973372
2016-11-30,1.0937293475163572,1.1580620576067715,1.0937200380000323
2016-12-31,1.116391581209359,1.1820572745588251,1.108760379339592
2017-01-31,1.1362928417170726,1.203129119019126,1.121442848553289
2017-02-28,1.1803374865217298,1.2497644517043704,1.1502902457359423
2017-03-31,1.181893880932096,1.2514123925934115,1.1510185690370593
2017-04-30,1.1941853489089855,1.2644268396580784,1.1618657838556126
2017-05-31,1.2109561959205877,1.282184140988766,1.174956745566623
2017-06-30,1.2185814826715249,1.2902579439681634,1.1796368259880594
2017-07-31,1.2597445235820182,1.3168693388559989,1.1971244150090776
2017-08-31,1.2677826830355132,1.320704451665407,1.2043304288251038
2017-09-30,1.2910863523743328,1.3476757440470537,1.2168290387144574
2017-10-31,1.3163151174530814,1.3790377858531977,1.2336880326959474
2017-11-30,1.3246436653095521,1.4212033147071845,1.2557948213853536
2017-12-31,1.3518188568289493,1.439432891780463,1.2681775234948311
2018-01-31,1.4288958895126702,1.5198285575482746,1.304394626133144
2018-02-28,1.3530539771189025,1.463199763513509,1.2698266214573928
2018-03-31,1.3471206487983307,1.4270932268829677,1.2545130281363026
2018-04-30,1.3548017614091015,1.4320451498070743,1.2528451636968783
2018-05-31,1.3277947915521962,1.4666499603138663,1.274428280903263
2018-06-30,1.2996042101996885,1.4777738689195896,1.2811885898540467
2018-07-31,1.3459087676838133,1.53042656465948,1.3083897968854934
2018-08-31,1.3892446611857519,1.5797036064702379,1.3371667610688285
2018-09-30,1.3972482052514485,1.5888043989932288,1.3388688746234525
2018-10-31,1.3017092907131484,1.480167546125579,1.2793228895565047
2018-11-30,1.3262482444663906,1.5080706756649913,1.2970488828754658
2018-12-31,1.2089124362876695,1.3746486769870765,1.2379221077865767
2019-01-31,1.3046534277345438,1.4835153105623136,1.302246056696926
2019-02-28,1.3034778093425679,1.531727629986822,1.3271694596143402
2019-03-31,1.3287496135213523,1.5612235366398706,1.3527959984391569
2019-04-30,1.3823525484078112,1.6242046752427524,1.385406253782298
2019-05-31,1.2946015347726516,1.5211010156389289,1.3427600868096918
2019-06-30,1.3851089620977532,1.6274433425474595,1.4057813981794285
2019-07-31,1.405333774481518,1.6512066255590572,1.4189388712466362
2019-08-31,1.3822785460393865,1.6241177256488062,1.4206884036843397
2019-09-30,1.4095410883806978,1.6561500380865868,1.4342748501432019
2019-10-31,1.413924453387132,1.6922982038859278,1.4548421903523696
2019-11-30,1.4133373182747682,1.7536601113713548,1.486251660786498
2019-12-31,1.4553651040314244,1.8058079252709243,1.5123259105780842
2020-01-31,1.4548241652608662,1.8051367318252012,1.5239627618533385
2020-02-29,1.3369871906448492,1.6589253501848746,1.4600656707735309
2020-03-31,1.1706474444232484,1.4525320326713091,1.3427306830132355
2020-04-30,1.320327747442016,1.6382544171777937,1.4605615759170778
2020-05-31,1.329156161374694,1.7158423698193848,1.5059714499574417
2020-06-30,1.3380778998106364,1.7474501877772852,1.52665993303449
2020-07-31,1.416777566491424,1.850227273729317,1.5894131916775913
2020-08-31,1.5155410700118717,1.9792065377891843,1.6499042737981637
2020-09-30,1.4586130813994023,1.9048619690576323,1.6120692296699408
2020-10-31,1.4214901467703196,1.8563816234083879,1.5838643017758622
2020-11-30,1.577094017038066,2.0595910272530564,1.695579623492476
2020-12-31,1.6361475425088583,2.1367114207573885,1.7347085477317161
2021-01-31,1.619437832981091,2.1148895335144013,1.718099071416664
2021-02-28,1.6642339619498567,2.1733906147961735,1.73597801750143
2021-03-31,1.7403770487259196,2.272828959382541,1.7748043768157622
2021-04-30,1.832436066304955,2.3930525633878412,1.837280690503521
2021-05-31,1.8446660687187866,2.409024219460773,1.845769007240234
2021-06-30,1.8863470676494756,2.4634571261087976,1.8774185044285854
2021-07-31,1.8595652455781624,2.523741904485254,1.9137588016511191
2021-08-31,1.9144546038406318,2.5982359690988504,1.9462030974522928
2021-09-30,1.825171115733097,2.477063302072833,1.883853682269574
2021-10-31,1.953636982591389,2.651413028309781,1.9639411905119548
2021-11-30,1.9392906702321824,2.631942676429491,1.9568914991809057
2021-12-31,2.027726177877767,2.7519644917545003,2.0080056303319695
2022-01-31,1.9214566378047762,2.607738903493844,1.9282786502448976
2022-02-28,1.864187131959156,2.530014579437219,1.8850171595112521
2022-03-31,1.9348254758930712,2.62588265885706,1.9071220914020786
2022-04-30,1.7648634161689394,2.3952156396070556,1.776299818090776
2022-05-31,1.7694304527802092,2.4014138742226936,1.7849533290675392
2022-06-30,1.6231961314561085,2.202949375342016,1.6845763979773674
2022-07-31,1.7725162434063582,2.405601809617915,1.793605641676393
2022-08-31,1.72292920697532,2.3062760483501243,1.7291007341032214
2022-09-30,1.650859962541819,2.094124370935579,1.6047349845907835
2022-10-31,1.63174683302593,2.2641169791947444,1.6754629065925826
2022-11-30,1.6915654105049436,2.388755941000187,1.7553716153836685
2022-12-31,1.6779303804144325,2.25182160937341,1.6893363563353065
2023-01-31,1.733518902863164,2.3934665993080713,1.7754809033260555
2023-02-28,1.6873035918845423,2.3336682464902023,1.729932137594506
2023-03-31,1.7324507503390307,2.420246869173772,1.7869553262020756
2023-04-30,1.7426364785166417,2.4587314977057275,1.8082065499997997
2023-05-31,1.7223570551276621,2.4705736632755957,1.805014956868015
2023-06-30,1.8004477128631748,2.631404983421642,1.8739020245129137
2023-07-31,1.859684312454918,2.7179809401978505,1.9100050308248204
2023-08-31,1.8294028985941957,2.673723801948919,1.886299135104671
2023-09-30,1.7426171788752975,2.5468840310816065,1.8139016400403558
2023-10-31,1.7047648152237969,2.491561736723805,1.7792297782368471
2023-11-30,1.861099077396918,2.7200486589614403,1.9094484587914902
2023-12-31,1.9523920878783572,2.844589392334099,1.9890590806286428
2024-01-31,1.9837696803792892,2.8903058072587915,2.0069409732031698
2024-02-29,2.0870655802248548,3.0408055059599923,2.058700360653591
2024-03-31,2.155523965087384,3.140547763985578,2.1062149395095235
2024-04-30,2.069114857188584,3.0146517243242594,2.035265006299223
2024-05-31,2.173101840729013,3.1661583157289437,2.1103177354970355
2024-06-30,2.2506196150049593,3.279099891241231,2.1629186322524885
2024-07-31,2.276720058631857,3.3171276242653738,2.1983363424495748
2024-08-31,2.3312158786035226,3.3965267533544523,2.2426731909505246
2024-09-30,2.3819498668210928,3.470444981977951,2.2837672373238225
2024-10-31,2.3593791577970022,3.437559989324064,2.2483510668911144
2024-11-30,2.4983232940273177,3.6399983307318498,2.337402452667867
2024-12-31,2.440021446725143,3.555053909260919,2.288957858515649
2025-01-31,2.50577601941286,3.6508567764853,2.3314427941660134
2025-02-28,2.4740765311053794,3.6046713669347694,2.3338581610222975
2025-03-31,2.335329726716245,3.402520533382439,2.2554428083524867
2025-04-30,2.3163803807033845,3.3749117815366825,2.248035623153181
2025-05-31,2.461886997030034,3.5869115022316187,2.326700432200068
2025-06-30,2.5551995916404753,3.7724520923630243,2.4130273662959834
2025-07-31,2.613633229113786,3.858722495141638,2.443572495090373
2025-08-31,2.7219460785152925,3.9388166057728973,2.4852853187856887
2025-09-30,2.818561332930117,4.078624580465643,2.5492016745245847
2025-10-31,2.8860357561917755,4.176264052792345,2.5919657080664713
2025-11-30,2.892341501574216,4.1853888384815905,2.6015563259599843
2025-12-31,2.9664588900542137,4.188683899980485,2.599661842444345
2026-01-31,3.1346229989307073,4.249397274232762,2.624516614830561
2026-02-28,3.2995603862562244,4.2147991284943735,2.628509836591164
2026-03-31,3.0331191866489653,4.003713814024454,2.531258897232688
2026-04-30,3.268175774904748,4.426028401961817,2.692975885917504
2026-05-31,3.3925700235484535,4.6599326530279495,2.7813363116416836
2026-06-30,3.39831391606086,4.615175759683623,2.768301713377242
2026-07-31,3.3617946598236026,4.614100783807522,2.7537489814146237
2026-08-31,3.4591792399306067,4.7366685406628255,2.8016482884265916
2026-09-30,3.4648599787256193,4.709655106437887,2.788060738820883
