,리밸런싱 60/30/10,드리프트(리밸런싱 無),VOO 단순보유,BND 단순보유,GLD 단순보유
2015-02-28,1.023651786341345,1.023651786341345,1.0557956154236852,0.9869321219398207,0.9409478050518768
2015-03-31,1.0134753436412114,1.0132903431023002,1.03921155659889,0.9923124668965547,0.9206966907399975
2015-04-30,1.0184292789869407,1.0184353868042124,1.0496475294990788,0.989103701590612,0.9191575862758159
2015-05-31,1.0251195769948145,1.0253485268568727,1.0627751931249272,0.9841910883284317,0.9242608448338707
2015-06-30,1.0081693918590227,1.0082479549283307,1.0420834106428511,0.973243992362438,0.9102471083388882
2015-07-31,1.017318303551822,1.0183959633780206,1.0647633841552908,0.9817998521594016,0.8499797723702567
2015-08-31,0.9828832513225157,0.9816199573397089,0.9994265223952647,0.979383312576693,0.8814905012954211
2015-09-30,0.968959729279261,0.9676258213105486,0.9747845449714033,0.9873124360619929,0.8656136350910874
2015-10-31,1.0203922885048693,1.0191193912038248,1.0571678001561484,0.9876027895551323,0.8853787424359604
2015-11-30,1.014900933244214,1.014672140539608,1.0616615300666696,0.9837182705205757,0.8255974134343351
2015-12-31,1.0033220609490048,1.0027074932400202,1.0432074267481324,0.9819863853647597,0.8218712158171289
2016-01-31,0.9828026099337549,0.9799540944007584,0.9919762870562959,0.9937801920427375,0.8663426455415967
2016-02-29,0.9948266398620578,0.9907217453989056,0.989911564678327,1.0022370633595572,0.961036875840423
2016-03-31,1.0376508278859293,1.0333913518181435,1.0579515867161071,1.011089189256374,0.9529364301156713
2016-04-30,1.0463855174716854,1.041703777393058,1.0616546280353207,1.0151632931642702,1.0016201262258482
2016-05-31,1.0509554623530084,1.0467099290908493,1.0802820941412719,1.0150896716742208,0.9401377110382046
2016-06-30,1.0687825513221385,1.063382423936759,1.0837638644554726,1.035592557312391,1.024463380697588
2016-07-31,1.0964465024988068,1.0912298851506184,1.1236858227810074,1.0417961532835027,1.0447954549696374
2016-08-31,1.092636689746853,1.0876593772946634,1.1250392299281826,1.038528261910422,1.0107736076462788
2016-09-30,1.0939545661410415,1.0889079321357034,1.1253658584117292,1.039714724990993,1.0177399959136848
2016-10-31,1.0758885830108367,1.0708816015368177,1.1052019798273927,1.0299452549837078,0.987768371452702
2016-11-30,1.0826413118724174,1.0793807409401386,1.146378788352457,1.0034366231818816,0.9052248097410033
2016-12-31,1.095098978693279,1.0928921569340497,1.1701318247387482,1.0067469200246195,0.8878898608341543
2017-01-31,1.1133568370238898,1.1107804425022245,1.1909914889833433,1.0086163209688437,0.9360065282156582
2017-02-28,1.1448547533747278,1.143325360809701,1.2371558271617673,1.0148341580572013,0.9658161709548043
2017-03-31,1.1451351133598016,1.1437707289742167,1.238787041070741,1.0144333723289878,0.9616849263307621
2017-04-30,1.1569930134617683,1.155584111641561,1.2516705960878478,1.0225089123009747,0.9782908029856052
2017-05-31,1.1690633944412383,1.1681879584466885,1.2692488519282858,1.0297702291096955,0.9770757855680895
2017-06-30,1.1711403978757677,1.1710358010848534,1.2772406937272314,1.030299757080871,0.956014577242538
2017-07-31,1.1904937494214316,1.190945805959553,1.303583920378167,1.036608572020922,0.9781288212637687
2017-08-31,1.201386879729372,1.2006517993249948,1.3073800376201314,1.0476798963043221,1.0191980786162
2017-09-30,1.210369865148455,1.2117636617743455,1.3340796323896909,1.0427688724525488,0.9848522060476718
2017-10-31,1.2262660008751167,1.2295694599510414,1.3651250708980724,1.0424878011161858,0.9774807707734295
2017-11-30,1.2488076903957994,1.2546287744705562,1.4068658159845366,1.041376294630406,0.9809639649071327
2017-12-31,1.2630750304049596,1.2692118497827996,1.424911176946566,1.0470104366409199,1.0016201262258482
2018-01-31,1.3047967316940947,1.3163136977168624,1.504495861420203,1.0340466331741869,1.0340219091248548
2018-02-28,1.268861424172746,1.2773177157432807,1.4484379688052547,1.0233312096691085,1.0125557155939635
2018-03-31,1.253490287185924,1.2586201709662255,1.4126962054661656,1.030356467244191,1.0189550751326968
2018-04-30,1.2516967619164838,1.257952754887182,1.4175978657295065,1.0215686171042306,1.009234503182097
2018-05-31,1.2709091231209846,1.279389466980402,1.4518530533165686,1.0285371645159933,0.997164856356636
2018-06-30,1.2728171851987466,1.2829734937130057,1.462864939832557,1.0304758001775438,0.9611178976020894
2018-07-31,1.297033667332946,1.3119782920498395,1.51498664456934,1.0300974569242762,0.9395706823095317
2018-08-31,1.3219203084541495,1.3413042181482249,1.563766446627201,1.0369872967326874,0.9194816115209854
2018-09-30,1.3234514278424028,1.3444038828203086,1.5727756275469007,1.031326261898088,0.9134062772274216
2018-10-31,1.268537203900297,1.2791474250336738,1.4652344680949545,1.0224337014005187,0.9327663375654585
2018-11-30,1.2857362094067109,1.2979878050337614,1.492856194552836,1.028938458855537,0.935925506453992
2018-12-31,1.231069398776423,1.2291536107604524,1.360780343664321,1.0482250004974858,0.9821790441261448
2019-01-31,1.29722327730876,1.3001432341491532,1.4685487626484803,1.0598697204792928,1.0105306041627757
2019-02-28,1.3213770640447906,1.327876486810735,1.5162741779173166,1.0589151841653022,1.0043742481075455
2019-03-31,1.3422196791300127,1.3499506154012935,1.5454726125366067,1.079445026203974,0.9883354001813751
2019-04-30,1.373716748489024,1.386621610825359,1.60781744370683,1.0791791496311014,0.9817739971193088
2019-05-31,1.3313362664111565,1.3330223103310215,1.5057550761395564,1.0988882201356307,0.9990279860659875
2019-06-30,1.4028160924080069,1.4082895616824533,1.6110246552739849,1.1125894464547668,1.0789793458163293
2019-07-31,1.4157462840127086,1.4229111636644247,1.6345481991179212,1.1142540041857447,1.079060429379492
2019-08-31,1.424773415928335,1.4246160878719545,1.6077328938228044,1.1451081476165557,1.1644390729330583
2019-09-30,1.4343708728509597,1.4377385867509602,1.6394417393443805,1.1386088577333373,1.1249088582433122
2019-10-31,1.4581705339082007,1.4631546936729196,1.6752256253747908,1.1421489197445023,1.1537464252469496
2019-11-30,1.4850334322704757,1.4957557127296233,1.7359670537623586,1.141675784054565,1.1167274525583903
2019-12-31,1.5166262486087998,1.5305562010959417,1.7875897822327915,1.1408232243122833,1.1575536446258223
2020-01-31,1.5321187018678697,1.5421407983233086,1.7869251572140648,1.1634058216797238,1.209639574909532
2020-02-29,1.4643502305916472,1.4603498732172204,1.6421896613254425,1.1828055293426465,1.2019441761916163
2020-03-31,1.348437175148318,1.3324264039226343,1.4378782668430887,1.1659078079659093,1.199271014270089
2020-04-30,1.4728387273166323,1.4610953574576762,1.6217263563811113,1.1980815434929764,1.2863508058111701
2020-05-31,1.5214580787353253,1.5129117241673593,1.6985324657344598,1.2060929348609393,1.3196436426840195
2020-06-30,1.5455028918020115,1.5377261526858739,1.7298209978469727,1.2141879927927235,1.3557715613987362
2020-07-31,1.6234600306531095,1.618695337909062,1.83156079694914,1.2318410019948376,1.5020655914112733
2020-08-31,1.6862508430622143,1.6913359126895042,1.9592390388637149,1.2202398318581806,1.4972053981382178
2020-09-30,1.640714414583701,1.64057318170237,1.8856443025964227,1.219038364743368,1.4347509072150655
2020-10-31,1.6120689248097708,1.6089983429832433,1.837653057620188,1.212255524043552,1.4272985119806532
2020-11-30,1.7150988157924338,1.7263883344883062,2.038813776292172,1.2269664710060073,1.3501012741120086
2020-12-31,1.7664450690548916,1.7822237785622084,2.1151545060317667,1.2288384150068827,1.4447955044108352
2021-01-31,1.745359242802288,1.7614280047036261,2.0935527719166904,1.2182484913475362,1.3982179414935128
2021-02-28,1.75530320416908,1.7817704852846734,2.1514650779543842,1.1993937607249445,1.3107331029455958
2021-03-31,1.7947868231960513,1.8347578702617748,2.249899413043134,1.1841449572807812,1.2957473525166006
2021-04-30,1.8628070245439343,1.9138576227429822,2.368909921588864,1.1943989431565174,1.3419198684270868
2021-05-31,1.885429954173747,1.9341991032389048,2.384720445400263,1.1962369373511006,1.444957547934168
2021-06-30,1.9025913874458455,1.9594222077005843,2.438604198140268,1.2069733410735506,1.3416768649435837
2021-07-31,1.9420089977588568,2.0028528067728897,2.498280582190404,1.2210756074265652,1.3756177523067723
2021-08-31,1.9751515610310368,2.046300043385598,2.5720239151326227,1.218764096083547,1.3745646548095969
2021-09-30,1.907509505320218,1.966192355169072,2.452072903315127,1.206410308330997,1.3302552068069657
2021-10-31,1.9912911336435117,2.0719695716548623,2.624663475221505,1.2072585448769715,1.349939230588676
2021-11-30,1.9823629657339537,2.0602133037854764,2.6053901616821147,1.2097227667718882,1.3406237674464085
2021-12-31,2.0412974130883232,2.1347967988148007,2.724201729324255,1.205968452237868,1.3848522554888696
2022-01-31,1.9610365837924244,2.039338503041605,2.5814301658558136,1.181066714357456,1.3616038922087972
2022-02-28,1.9312771807359224,1.9974779575976767,2.504490786397152,1.1676257698865602,1.4449575479341683
2022-03-31,1.9616971878411638,2.0466161043073003,2.59939026643059,1.1354913245847524,1.4633454707351998
2022-04-30,1.8308632004422924,1.8930503166005765,2.371051175314438,1.0903820770961958,1.4330498828305438
2022-05-31,1.8322916671492142,1.8947717257248586,2.3771864721809566,1.0994293825909847,1.3863102763898885
2022-06-30,1.7294289544316086,1.7692419564280253,2.180724818852127,1.0811565033301649,1.3646011411769903
2022-07-31,1.8327655913277552,1.8937999985140148,2.381332766013423,1.1069067320622166,1.3292831928729532
2022-08-31,1.7665854787707198,1.8216034358909319,2.2830086604253355,1.0759414570557524,1.2901580251900433
2022-09-30,1.6418107330541825,1.6783685245723023,2.072997507554679,1.0309347583266513,1.2528959254149883
2022-10-31,1.7131438607650218,1.7735184945109934,2.2412747158697592,1.0189993033932072,1.2305387397117509
2022-11-30,1.8031174326483064,1.8692040039935234,2.3646568492714093,1.0563548347289737,1.3350344401198508
2022-12-31,1.7420239126766106,1.789230514397049,2.2291042015912836,1.0478401088733416,1.3741596078027607
2023-01-31,1.8351160588218802,1.8916876928161286,2.3693189684467546,1.0825540401127771,1.453300997142423
2023-02-28,1.7830799522509084,1.8397121749692544,2.31012471158644,1.0536932716379315,1.3752936652601062
2023-03-31,1.851199303959432,1.910480467070955,2.395829873859287,1.0818872506588586,1.484163675577248
2023-04-30,1.8737226706642225,1.9365264840252012,2.433926244893004,1.0882483254130897,1.4969623946547146
2023-05-31,1.87008134910097,1.9377519050021383,2.4456489391374814,1.07558403044344,1.4768733238661684
2023-06-30,1.9377156502099167,2.0292743336053127,2.604857690263629,1.0731769001703406,1.4440664939603256
2023-07-31,1.9797127682111173,2.0836190290904506,2.6905602135244897,1.0719042274692971,1.477116327349672
2023-08-31,1.9539191834025817,2.0533213644472017,2.6467493665356225,1.0648250570932114,1.4582422739786414
2023-09-30,1.874469222168003,1.9631235624784122,2.521189642243355,1.038425458845301,1.3888213947880828
2023-10-31,1.8553091978499747,1.9357677861739955,2.4664256775054274,1.0226375909675205,1.4912110238048246
2023-11-30,1.9873666160899208,2.089184128773257,2.69260707182132,1.0690799087525842,1.528959130546886
2023-12-31,2.065707964939387,2.1765175573789515,2.8158911557776296,1.1070888149184348,1.548562194368426
2024-01-31,2.0816769708516176,2.2009255379953823,2.8611465573276633,1.1052823546263253,1.526528972108862
2024-02-29,2.139151305894567,2.2864916863640543,3.010128528003774,1.0902167784138739,1.533495360376268
2024-03-31,2.20524769425943,2.361805294890607,3.1088641164608166,1.0994815152523318,1.6664237043841619
2024-04-30,2.1428653617635813,2.28406731892997,2.9842377904080437,1.0730016835670795,1.7162413961501881
2024-05-31,2.2217539193913627,2.3822423806635684,3.1342162926104002,1.0910333539045425,1.7440259892596426
2024-06-30,2.274876588293625,2.4519712338736013,3.246018238414838,1.1006420391550618,1.7416767907817887
2024-07-31,2.318982059978582,2.4916790818523618,3.283662323394272,1.1265536248316257,1.8351560036630994
2024-08-31,2.367237062513786,2.547583444803466,3.3622604233868416,1.142906623473697,1.8735520372925074
2024-09-30,2.419544053578261,2.605535234915884,3.435432917736311,1.157953508219763,1.9688943180816731
2024-10-31,2.3983659986469212,2.5859379032211005,3.4028798928804718,1.1295185745811442,2.05354395118473
2024-11-30,2.4833037442315935,2.7033797122424335,3.6032752980764022,1.1415856326962828,1.9893884358770557
2024-12-31,2.432511632121454,2.644368088035474,3.519188662154902,1.122395981512741,1.9613609628870907
2025-01-31,2.4927125850918825,2.7165923367186857,3.6140250089015886,1.1291073623206611,2.094451226815325
2025-02-28,2.494459900012647,2.7002807638053294,3.5683051412419498,1.1534575112134493,2.13260425696123
2025-03-31,2.434181652857638,2.6004020908377243,3.36819373433594,1.1535986508575853,2.3340625497888325
2025-04-30,2.438427602191619,2.5980358601546594,3.3408635172020937,1.158168396506781,2.4606723088136744
2025-05-31,2.525262384888375,2.72147171662352,3.5507240433886036,1.1503591781425806,2.459295371475818
2025-06-30,2.61614998846603,2.8379035342080963,3.7343931876138563,1.1678058182974578,2.469258761505432
2025-07-31,2.6483563060183446,2.8866979509190824,3.8197932395008922,1.1647030348774496,2.454110967553104
2025-08-31,2.7037167024708926,2.950541686095402,3.8990789036163784,1.178144869418173,2.576508831001215
2025-09-30,2.8020541757401634,3.0677825716525735,4.03747681221968,1.1911664638473023,2.8794654516657325
2025-10-31,2.8573418749276733,3.138176785367553,4.134130829222225,1.1983489458998389,2.981936040642645
2025-11-30,2.881545417084981,3.1617503849307105,4.143163964250725,1.205506378844362,3.1420009272696543
2025-12-31,2.8865747003291213,3.169450911332991,4.14642618906775,1.2018881178411758,3.2102876253998747
2026-01-31,2.9489765786784825,3.245690624950358,4.2065266420440075,1.2044843243762846,3.604293424110671
2026-02-28,2.9744556824725263,3.262358656012046,4.172277950486451,1.223776079284368,3.9185906193486435
2026-03-31,2.8367014469679765,3.087301618302513,3.963321793407585,1.2025148541528394,3.4855408601210924
2026-04-30,3.0131365969999453,3.3333041796787817,4.3813758022088924,1.20431737270714,3.431834865413031
2026-05-31,3.106519550815298,3.4679293455246842,4.612920277883901,1.2076379689293149,3.378857881155479
2026-06-30,3.054825869202029,3.4028394601143592,4.568614920648969,1.2108876138709241,2.9840422356369953
2026-07-31,3.0452954735853424,3.4001135309903785,4.567550789815686,1.1953969657392411,3.009639673791929
2026-08-31,3.127385813736654,3.5040920206635464,4.688882004902065,1.199748008516442,3.30838415167373
2026-09-30,3.1339455751116585,3.5150228213299224,4.7096360071667425,1.19913131727855,3.295018218463101
