ticker,entry_date,exit_date,hold_days,hold_return_pct,cut_8pct_hit,cut_8pct_hit_date,cut_8pct_post_cut_return,cut_8pct_better_to_cut,cut_20pct_hit,cut_20pct_hit_date,cut_20pct_post_cut_return,cut_20pct_better_to_cut
000270.KS,2022-06-02,2022-08-17,76,-7.41,True,2022-06-14,0.64,False,False,,,
000270.KS,2022-08-31,2022-10-06,36,-11.51,True,2022-09-28,-3.82,True,False,,,
000270.KS,2023-03-14,2023-11-02,233,2.88,False,,,,False,,,
000270.KS,2023-12-12,2024-09-23,286,23.48,False,,,,False,,,
000270.KS,2025-06-30,2026-06-15,350,80.45,False,,,,False,,,
000660.KS,2022-04-07,2022-05-27,50,-6.61,True,2022-05-26,1.51,False,False,,,
000660.KS,2023-05-23,2024-10-10,506,92.99,False,,,,False,,,
000660.KS,2025-02-19,2026-06-15,481,960.22,True,2025-02-25,1052.42,False,True,2025-04-07,1225.28,False
003670.KS,2022-08-26,2023-11-16,447,79.79,True,2022-09-30,95.42,False,False,,,
003670.KS,2025-08-29,2026-06-15,290,49.15,True,2025-09-10,62.12,False,False,,,
005380.KS,2022-09-01,2022-10-31,60,-15.86,True,2022-09-28,-8.54,True,False,,,
005380.KS,2023-03-20,2023-10-31,225,-1.61,False,,,,False,,,
005380.KS,2024-02-07,2024-11-05,272,-6.93,False,,,,False,,,
005380.KS,2025-07-28,2026-06-15,322,204.85,False,,,,False,,,
005490.KS,2022-12-05,2024-01-24,415,39.78,False,,,,False,,,
005490.KS,2025-07-30,2026-06-15,320,29.67,True,2025-08-29,40.95,False,False,,,
005930.KS,2023-02-03,2024-09-24,599,2.53,False,,,,False,,,
005930.KS,2025-07-01,2026-06-15,349,466.2,False,,,,False,,,
006400.KS,2022-09-26,2023-08-07,315,3.52,True,2022-09-30,12.52,False,False,,,
006400.KS,2025-09-24,2026-06-15,264,169.1,False,,,,False,,,
0072R0.KS,2026-04-16,2026-06-15,60,-9.42,True,2026-05-28,-1.55,True,False,,,
015760.KS,2022-07-05,2022-08-05,31,-5.01,False,,,,False,,,
015760.KS,2023-07-04,2023-09-07,65,-13.54,True,2023-08-14,-6.03,True,False,,,
015760.KS,2024-01-17,2024-07-17,182,3.16,False,,,,False,,,
015760.KS,2024-10-15,2026-05-13,575,106.47,False,,,,False,,,
035420.KS,2023-05-30,2023-11-02,156,-5.1,True,2023-06-28,3.16,False,False,,,
035420.KS,2023-12-28,2024-03-21,84,-17.68,True,2024-01-31,-10.52,True,False,,,
035420.KS,2024-12-03,2025-06-10,189,-3.84,True,2025-03-31,4.53,False,False,,,
035420.KS,2025-06-19,2026-03-31,285,-19.2,True,2025-07-23,-12.17,True,False,,,
035720.KS,2024-01-16,2024-05-22,127,-23.07,True,2024-01-30,-16.38,True,True,2024-04-16,-3.84,True
035720.KS,2025-02-12,2026-03-12,393,20.35,True,2025-04-16,30.81,False,False,,,
051910.KS,2022-09-13,2023-08-14,335,-8.77,True,2022-09-23,-0.84,True,False,,,
051910.KS,2025-08-11,2026-06-15,308,30.75,False,,,,False,,,
055550.KS,2022-04-07,2022-08-04,119,-11.12,True,2022-07-06,-3.39,True,False,,,
055550.KS,2023-01-11,2023-04-26,105,-10.32,True,2023-03-07,-2.53,True,False,,,
055550.KS,2023-10-12,2025-01-31,477,50.32,False,,,,False,,,
055550.KS,2025-06-12,2026-06-15,368,86.1,False,,,,False,,,
066570.KS,2023-02-13,2023-09-14,213,-2.71,True,2023-08-18,5.76,False,False,,,
066570.KS,2024-06-28,2024-11-14,139,-19.12,True,2024-08-02,-12.08,True,True,2024-11-12,1.1,False
066570.KS,2025-10-16,2026-06-15,242,192.45,False,,,,False,,,
068270.KS,2022-08-12,2023-01-27,168,-16.37,True,2022-08-26,-9.09,True,True,2022-09-26,4.54,False
068270.KS,2023-06-09,2023-07-10,31,-12.25,True,2023-06-27,-4.62,True,False,,,
068270.KS,2023-12-14,2024-11-29,351,2.18,True,2024-11-12,11.06,False,False,,,
068270.KS,2025-02-07,2025-04-10,62,-8.57,True,2025-04-07,-0.62,True,False,,,
068270.KS,2025-08-05,2026-06-15,314,3.78,False,,,,False,,,
105560.KS,2022-04-07,2022-07-05,89,-17.9,True,2022-06-16,-10.76,True,False,,,
105560.KS,2023-01-11,2023-05-03,112,-13.44,True,2023-02-15,-5.92,True,False,,,
105560.KS,2023-08-30,2025-03-07,555,59.22,False,,,,False,,,
105560.KS,2025-05-29,2026-06-15,382,70.48,False,,,,False,,,
207940.KS,2022-08-05,2023-01-31,179,-11.28,True,2022-09-05,-3.57,True,False,,,
207940.KS,2024-02-07,2025-07-02,511,22.15,True,2024-05-24,32.78,False,False,,,
207940.KS,2025-07-30,2025-08-01,2,-5.83,False,,,,False,,,
207940.KS,2025-09-04,2025-09-17,13,0.29,False,,,,False,,,
207940.KS,2025-10-29,2026-04-06,159,-17.17,True,2025-11-25,-9.97,True,False,,,
247540.KQ,2022-05-04,2022-10-13,162,-18.51,True,2022-05-12,-11.42,True,True,2022-09-16,1.86,False
247540.KQ,2023-02-27,2023-11-17,263,42.69,False,,,,False,,,
247540.KQ,2024-01-12,2024-02-19,38,-19.74,True,2024-01-19,-12.76,True,True,2024-01-23,0.33,False
247540.KQ,2025-09-01,2026-06-15,287,55.62,False,,,,False,,,
360200.KS,2022-04-08,2022-05-31,53,-6.63,True,2022-05-12,1.49,False,False,,,
360200.KS,2022-09-14,2022-12-28,105,-10.94,True,2022-12-20,-3.2,True,False,,,
360200.KS,2023-04-06,2025-05-08,763,49.36,False,,,,False,,,
360200.KS,2025-07-14,2026-06-15,336,33.37,False,,,,False,,,
466950.KS,2024-08-01,2025-04-21,263,-4.29,True,2024-08-05,4.03,False,False,,,
466950.KS,2025-07-09,2026-06-15,341,141.8,False,,,,False,,,
476760.KS,2025-01-09,2025-05-20,131,-3.82,False,,,,False,,,
476760.KS,2025-10-20,2026-06-15,238,3.36,False,,,,False,,,
AAPL,2022-03-28,2022-06-03,67,-17.09,True,2022-04-26,-9.88,True,True,2022-05-19,3.64,False
AAPL,2022-09-26,2022-10-07,11,-7.08,True,2022-09-30,1.0,False,False,,,
AAPL,2023-03-22,2024-03-14,358,10.2,False,,,,False,,,
AAPL,2024-06-13,2025-04-07,298,-15.02,True,2025-04-04,-7.63,True,False,,,
AAPL,2025-09-15,2026-06-12,270,23.34,False,,,,False,,,
ADBE,2023-03-21,2024-04-10,386,30.2,True,2023-05-04,41.52,False,False,,,
ADBE,2024-08-27,2024-10-25,59,-14.81,True,2024-09-16,-7.4,True,False,,,
AMD,2023-03-16,2024-08-14,517,45.7,True,2023-04-21,58.37,False,False,,,
AMD,2025-07-16,2026-06-12,331,219.57,False,,,,False,,,
AMZN,2023-05-26,2025-04-22,697,44.18,False,,,,False,,,
AMZN,2025-07-08,2026-03-11,246,-3.06,True,2026-02-12,5.37,False,False,,,
AMZN,2026-05-06,2026-06-12,37,-13.25,True,2026-06-03,-5.71,True,False,,,
AVGO,2022-03-28,2022-06-22,86,-20.96,True,2022-04-11,-14.09,True,True,2022-06-16,-1.2,True
AVGO,2023-01-06,2025-05-05,850,254.64,False,,,,False,,,
AVGO,2025-05-15,2026-03-31,320,34.12,False,,,,False,,,
AVGO,2026-04-17,2026-06-12,56,-6.02,True,2026-06-10,2.15,False,False,,,
BRK-B,2022-03-28,2022-06-30,94,-24.07,True,2022-04-26,-17.47,True,True,2022-06-13,-5.09,True
BRK-B,2022-12-28,2025-08-04,950,51.31,False,,,,False,,,
BRK-B,2025-10-21,2025-10-29,8,-3.16,False,,,,False,,,
BRK-B,2026-01-02,2026-03-26,83,-4.34,False,,,,False,,,
COST,2022-03-28,2022-06-17,81,-20.84,True,2022-05-05,-13.96,True,True,2022-05-18,-1.05,True
COST,2022-09-02,2022-10-12,40,-10.16,True,2022-09-23,-2.35,True,False,,,
COST,2023-05-26,2025-08-20,817,103.22,False,,,,False,,,
COST,2026-03-04,2026-06-12,100,-2.28,False,,,,False,,,
CRM,2023-03-13,2024-07-10,485,44.33,False,,,,False,,,
CRM,2024-10-31,2025-04-14,165,-12.4,True,2025-04-03,-4.78,True,False,,,
DIS,2023-03-10,2023-04-12,33,4.67,False,,,,False,,,
DIS,2024-01-03,2024-07-25,204,-2.21,False,,,,False,,,
DIS,2024-12-06,2025-04-22,137,-25.92,True,2025-01-16,-19.48,True,True,2025-04-03,-7.4,True
DIS,2025-06-20,2025-12-11,174,-4.84,True,2025-11-13,3.43,False,False,,,
GOOGL,2023-05-03,2025-04-08,706,37.93,False,,,,False,,,
GOOGL,2025-07-23,2026-06-12,324,89.62,False,,,,False,,,
HD,2022-12-07,2023-04-14,128,-8.07,True,2023-03-01,-0.08,True,False,,,
HD,2023-07-19,2023-11-10,114,-8.15,True,2023-10-03,-0.16,True,False,,,
HD,2023-12-14,2025-04-08,481,-1.76,False,,,,False,,,
HD,2025-09-02,2025-12-09,98,-13.99,True,2025-11-06,-6.51,True,False,,,
INTC,2023-05-04,2024-05-03,365,-0.11,True,2023-05-25,8.57,False,False,,,
INTC,2025-08-15,2026-06-12,301,407.21,False,,,,False,,,
JNJ,2022-03-28,2022-09-09,165,-5.59,True,2022-08-31,2.62,False,False,,,
JNJ,2022-12-13,2023-02-24,73,-12.34,True,2023-01-30,-4.72,True,False,,,
JNJ,2023-08-10,2023-10-26,77,-12.83,True,2023-09-27,-5.25,True,False,,,
JNJ,2024-02-12,2024-04-12,60,-5.83,False,,,,False,,,
JNJ,2024-08-19,2024-12-31,134,-7.98,True,2024-12-16,0.02,False,False,,,
JNJ,2025-03-12,2025-06-02,82,-3.76,True,2025-04-10,4.61,False,False,,,
JNJ,2025-07-09,2026-06-12,338,57.98,False,,,,False,,,
JPM,2022-12-02,2026-03-27,1211,126.33,False,,,,False,,,
JPM,2026-06-05,2026-06-12,7,2.67,False,,,,False,,,
KO,2022-03-28,2022-10-07,193,-10.68,True,2022-09-30,-2.92,True,False,,,
KO,2022-12-28,2023-03-10,72,-6.86,False,,,,False,,,
KO,2023-04-17,2023-08-30,135,-3.99,False,,,,False,,,
KO,2024-01-29,2024-12-26,332,7.95,False,,,,False,,,
KO,2025-03-12,2025-10-09,211,-2.99,False,,,,False,,,
KO,2025-12-05,2026-06-12,189,18.84,False,,,,False,,,
MA,2022-03-28,2022-04-14,17,2.23,False,,,,False,,,
MA,2022-06-03,2022-06-13,10,-10.64,True,2022-06-13,0.0,True,False,,,
MA,2022-12-27,2025-12-01,1070,59.93,False,,,,False,,,
META,2023-03-02,2025-05-06,796,238.1,False,,,,False,,,
META,2025-06-16,2025-12-10,177,-7.34,True,2025-11-03,0.71,False,False,,,
MSFT,2023-03-20,2024-11-29,620,57.71,False,,,,False,,,
MSFT,2024-12-11,2025-02-26,77,-10.79,True,2025-02-03,-3.04,True,False,,,
MSFT,2025-06-09,2026-01-22,227,-4.24,False,,,,False,,,
NFLX,2022-11-23,2025-12-05,1108,243.88,False,,,,False,,,
NVDA,2022-03-28,2022-04-20,23,-23.87,True,2022-04-05,-17.25,True,True,2022-04-11,-4.84,True
NVDA,2023-01-24,2025-03-20,786,515.76,False,,,,False,,,
NVDA,2025-06-27,2026-06-12,350,30.25,False,,,,False,,,
ORCL,2022-12-08,2024-02-01,420,47.05,False,,,,False,,,
ORCL,2024-03-14,2025-04-07,389,2.39,True,2024-04-19,11.3,False,False,,,
ORCL,2025-06-30,2026-01-08,192,-12.92,True,2025-11-21,-5.35,True,False,,,
PEP,2022-03-28,2023-10-04,555,6.14,False,,,,False,,,
PEP,2024-05-01,2024-11-22,205,-6.07,True,2024-11-15,2.1,False,False,,,
PEP,2025-09-08,2026-06-12,277,4.81,False,,,,False,,,
PG,2022-03-28,2022-06-23,87,-7.01,True,2022-06-13,1.08,False,False,,,
PG,2022-12-30,2023-12-28,363,-1.41,True,2023-02-09,7.17,False,False,,,
PG,2024-02-02,2025-02-14,378,5.58,False,,,,False,,,
PG,2025-03-21,2025-05-05,45,-4.12,False,,,,False,,,
PG,2026-03-10,2026-05-04,55,-7.38,True,2026-03-24,0.68,False,False,,,
TSLA,2022-03-28,2022-05-26,59,-35.18,True,2022-04-11,-29.54,True,True,2022-04-29,-18.98,True
TSLA,2023-06-23,2024-02-01,223,-26.4,True,2023-08-15,-20.0,True,True,2023-10-30,-8.0,True
TSLA,2024-07-29,2025-04-14,259,8.72,True,2024-08-02,18.18,False,False,,,
TSLA,2025-07-01,2025-08-05,35,2.66,False,,,,False,,,
TSLA,2025-09-16,2026-04-09,205,-18.03,True,2026-03-19,-10.9,True,False,,,
UNH,2022-03-28,2023-02-06,315,-6.49,True,2022-05-18,1.64,False,False,,,
UNH,2023-09-13,2024-03-21,190,3.22,False,,,,False,,,
UNH,2024-07-26,2025-01-31,189,-4.08,True,2024-12-12,4.27,False,False,,,
UNH,2026-01-26,2026-02-27,32,-16.6,True,2026-01-27,-9.35,True,True,2026-02-04,4.25,False
UNH,2026-05-14,2026-06-12,29,2.36,False,,,,False,,,
V,2022-12-23,2024-08-13,599,28.11,False,,,,False,,,
V,2024-10-04,2025-10-28,389,25.69,False,,,,False,,,
WMT,2022-04-13,2022-06-15,63,-23.79,True,2022-05-17,-17.17,True,True,2022-05-18,-4.74,True
WMT,2022-11-15,2026-06-12,1305,157.44,False,,,,False,,,
ADA-USD,2023-03-03,2023-06-19,108,-23.25,True,2023-03-09,-16.58,True,True,2023-06-11,-4.06,True
ADA-USD,2023-11-19,2024-05-12,175,13.82,False,,,,False,,,
ADA-USD,2024-11-17,2025-04-07,141,-16.64,True,2025-02-26,-9.4,True,False,,,
ADA-USD,2025-08-13,2025-11-04,83,-42.43,True,2025-08-29,-37.43,True,True,2025-10-10,-28.04,True
ATOM-USD,2021-12-31,2022-03-04,63,-5.92,True,2022-01-22,2.27,False,True,2022-02-21,17.61,False
ATOM-USD,2022-10-16,2022-12-17,62,-24.88,True,2022-11-09,-18.35,True,True,2022-11-20,-6.1,True
ATOM-USD,2023-02-08,2023-04-14,65,-19.04,True,2023-02-09,-12.0,True,True,2023-03-03,1.2,False
ATOM-USD,2023-12-05,2024-05-06,153,-6.97,True,2024-01-31,1.12,False,False,,,
ATOM-USD,2024-12-04,2025-02-24,82,-56.15,True,2024-12-09,-52.33,True,True,2024-12-10,-45.18,True
ATOM-USD,2025-08-17,2025-10-02,46,-6.8,True,2025-09-22,1.31,False,False,,,
AVAX-USD,2021-12-31,2022-03-05,64,-29.78,True,2022-01-05,-23.68,True,True,2022-01-07,-12.23,True
AVAX-USD,2023-02-19,2023-06-06,107,-26.11,True,2023-02-25,-19.68,True,True,2023-03-08,-7.64,True
AVAX-USD,2023-11-20,2024-05-25,187,83.53,True,2023-11-21,99.49,False,False,,,
AVAX-USD,2024-11-20,2025-02-24,96,-34.85,True,2025-02-02,-29.19,True,True,2025-02-04,-18.56,True
AVAX-USD,2025-08-14,2025-11-12,90,-28.94,True,2025-10-10,-22.76,True,True,2025-10-30,-11.17,True
BNB-USD,2021-12-31,2022-02-04,35,-22.02,True,2022-01-07,-15.24,True,True,2022-01-21,-2.53,True
BNB-USD,2022-11-08,2022-12-28,50,-25.5,True,2022-11-09,-19.02,True,True,2022-11-21,-6.87,True
BNB-USD,2023-02-10,2023-06-16,126,-21.85,True,2023-03-09,-15.05,True,True,2023-06-10,-2.31,True
BNB-USD,2023-12-10,2024-08-30,264,123.3,False,,,,False,,,
BNB-USD,2024-10-27,2025-03-15,139,5.23,True,2025-03-10,14.38,False,False,,,
BNB-USD,2025-06-15,2025-12-29,197,31.3,False,,,,False,,,
BTC-USD,2021-12-31,2022-01-14,14,-6.93,True,2022-01-07,1.17,False,False,,,
BTC-USD,2023-02-07,2023-09-12,217,11.04,True,2023-03-09,20.7,False,False,,,
BTC-USD,2023-10-30,2024-08-10,285,76.64,False,,,,False,,,
BTC-USD,2024-10-28,2025-04-07,161,13.34,False,,,,False,,,
BTC-USD,2025-05-22,2025-11-16,178,-15.67,True,2025-06-05,-8.33,True,False,,,
DOGE-USD,2022-11-11,2023-03-26,135,-12.33,True,2022-11-20,-4.71,True,True,2023-03-09,9.59,False
DOGE-USD,2023-11-22,2024-07-17,238,60.83,False,,,,False,,,
DOGE-USD,2024-11-06,2025-03-14,128,-12.64,True,2025-03-09,-5.04,True,True,2025-03-10,9.2,False
DOGE-USD,2025-08-12,2025-11-10,90,-22.85,True,2025-08-19,-16.14,True,True,2025-10-11,-3.56,True
DOT-USD,2021-12-31,2022-01-11,11,-4.4,True,2022-01-08,3.91,False,False,,,
DOT-USD,2023-02-24,2023-05-29,94,-17.44,True,2023-03-03,-10.26,True,True,2023-05-11,3.2,False
DOT-USD,2023-12-02,2024-05-19,169,24.47,False,,,,False,,,
DOT-USD,2024-12-02,2025-02-27,87,-50.67,True,2024-12-09,-46.38,True,True,2024-12-18,-38.34,True
DOT-USD,2025-10-04,2025-10-13,9,-19.62,True,2025-10-10,-12.63,True,True,2025-10-10,0.47,False
ENS-USD,2022-09-01,2022-12-20,110,-14.99,True,2022-11-09,-7.6,True,True,2022-11-09,6.26,False
ENS-USD,2023-02-21,2023-03-29,36,-17.3,True,2023-02-25,-10.11,True,True,2023-03-08,3.37,False
ENS-USD,2023-12-09,2024-05-19,162,49.56,True,2023-12-11,62.56,False,False,,,
ENS-USD,2024-06-01,2024-09-05,96,-43.1,True,2024-06-02,-38.16,True,True,2024-06-07,-28.88,True
ENS-USD,2024-12-05,2025-03-15,100,-58.12,True,2024-12-09,-54.47,True,True,2025-01-08,-47.65,True
ENS-USD,2025-07-28,2025-10-16,80,-46.17,True,2025-08-01,-41.49,True,True,2025-08-31,-32.71,True
ETC-USD,2022-05-03,2022-05-12,9,-29.42,True,2022-05-09,-23.28,True,True,2022-05-11,-11.78,True
ETC-USD,2022-08-20,2022-11-02,74,-30.19,True,2022-09-18,-24.12,True,True,2022-10-10,-12.74,True
ETC-USD,2023-11-24,2024-06-29,218,20.31,False,,,,False,,,
ETC-USD,2024-11-30,2025-03-01,91,-41.82,True,2024-12-18,-36.76,True,True,2024-12-21,-27.28,True
ETC-USD,2025-08-05,2025-10-24,80,-20.72,True,2025-09-25,-13.83,True,True,2025-10-10,-0.9,True
ETH-USD,2021-12-31,2022-01-28,28,-30.84,True,2022-01-07,-24.82,True,True,2022-01-21,-13.54,True
ETH-USD,2023-02-09,2023-09-01,204,5.31,False,,,,False,,,
ETH-USD,2023-11-21,2024-08-08,261,38.53,False,,,,False,,,
ETH-USD,2024-12-05,2025-03-01,86,-41.84,True,2024-12-19,-36.78,True,True,2025-02-02,-27.29,True
ETH-USD,2025-07-01,2025-11-30,152,24.37,False,,,,False,,,
GAS-USD,2023-02-11,2023-06-12,121,-28.64,True,2023-03-08,-22.44,True,True,2023-06-10,-10.8,True
GAS-USD,2023-10-31,2024-04-21,173,-11.42,True,2024-01-07,-3.72,True,True,2024-04-13,10.73,False
GAS-USD,2024-11-08,2025-02-28,112,-14.29,True,2025-02-24,-6.83,True,False,,,
GAS-USD,2025-08-19,2025-10-15,57,-18.06,True,2025-09-25,-10.94,True,True,2025-10-10,2.42,False
ID-USD,2023-04-24,2023-05-22,28,-25.54,True,2023-05-02,-19.07,True,True,2023-05-07,-6.93,True
ID-USD,2023-12-03,2024-07-08,218,-29.63,True,2023-12-04,-23.51,True,True,2023-12-05,-12.03,True
ID-USD,2025-09-05,2025-10-20,45,-25.99,True,2025-09-21,-19.56,True,True,2025-09-22,-7.49,True
ID-USD,2025-11-08,2025-12-01,23,-97.26,True,2025-11-09,-97.02,True,True,2025-11-09,-96.57,True
LINK-USD,2023-02-27,2023-06-05,98,-16.67,True,2023-03-08,-9.42,True,False,,,
LINK-USD,2023-08-10,2023-09-12,33,-21.67,True,2023-08-16,-14.86,True,True,2023-08-24,-2.09,True
LINK-USD,2023-10-14,2024-05-10,209,85.3,False,,,,False,,,
LINK-USD,2024-11-29,2025-03-21,112,-23.68,True,2025-02-24,-17.05,True,True,2025-03-03,-4.6,True
LINK-USD,2025-08-09,2025-11-17,100,-39.33,True,2025-09-25,-34.05,True,True,2025-10-10,-24.16,True
LTC-USD,2021-12-31,2022-01-07,7,-10.26,True,2022-01-07,0.0,True,False,,,
LTC-USD,2022-11-25,2023-06-20,207,8.48,True,2022-12-16,17.92,False,False,,,
LTC-USD,2023-06-30,2023-08-20,51,-39.67,True,2023-07-06,-34.43,True,True,2023-08-03,-24.59,True
LTC-USD,2024-02-23,2024-07-04,132,-5.1,False,,,,False,,,
LTC-USD,2024-11-19,2025-04-11,143,-12.22,True,2025-04-06,-4.58,True,True,2025-04-08,9.73,False
LTC-USD,2025-08-06,2025-11-12,98,-18.24,True,2025-08-25,-11.13,True,True,2025-10-11,2.21,False
MATIC-USD,2021-12-31,2022-03-04,63,-41.63,True,2022-01-05,-36.56,True,True,2022-01-08,-27.04,True
MATIC-USD,2022-10-26,2023-05-18,204,-6.98,True,2022-11-09,1.11,False,False,,,
MATIC-USD,2023-11-25,2024-05-04,161,-6.42,True,2024-04-13,1.72,False,False,,,
MATIC-USD,2024-12-14,2025-02-08,56,-48.66,True,2024-12-18,-44.19,True,True,2024-12-19,-35.82,True
SAND-USD,2021-12-31,2022-03-30,89,-39.7,True,2022-01-05,-34.46,True,True,2022-01-08,-24.62,True
SAND-USD,2023-03-02,2023-03-27,25,-13.61,True,2023-03-04,-6.1,True,True,2023-03-09,7.98,False
SAND-USD,2023-12-07,2024-05-15,160,-5.49,True,2024-04-13,2.73,False,False,,,
SAND-USD,2024-11-28,2025-03-08,100,-51.5,True,2024-12-19,-47.28,True,True,2025-01-28,-39.37,True
SAND-USD,2025-08-26,2025-10-10,45,-33.72,True,2025-09-25,-27.95,True,True,2025-10-10,0.0,True
SOL-USD,2021-12-31,2022-02-04,35,-34.13,True,2022-01-05,-28.4,True,True,2022-01-10,-17.66,True
SOL-USD,2023-04-16,2023-06-19,64,-36.63,True,2023-04-19,-31.11,True,True,2023-05-11,-20.78,True
SOL-USD,2023-08-05,2023-09-23,49,-13.95,True,2023-08-22,-6.47,True,True,2023-09-11,7.56,False
SOL-USD,2023-10-22,2024-09-06,320,330.46,False,,,,False,,,
SOL-USD,2024-10-30,2025-03-13,134,-29.52,True,2024-11-04,-23.39,True,True,2025-02-26,-11.9,True
SOL-USD,2025-08-05,2025-11-22,109,-22.27,True,2025-11-13,-15.51,True,True,2025-11-17,-2.84,True
TRUMP-USD,2021-12-31,2022-02-16,47,-80.88,True,2022-01-22,-79.22,True,True,2022-01-27,-76.1,True
TRUMP-USD,2023-12-11,2024-08-15,248,515.2,True,2023-12-27,568.7,False,True,2023-12-27,669.0,False
TRUMP-USD,2025-07-30,2025-11-08,101,-29.35,True,2025-08-02,-23.21,True,True,2025-09-25,-11.69,True
TRX-USD,2021-12-31,2022-01-08,8,-12.83,True,2022-01-07,-5.25,True,False,,,
TRX-USD,2022-06-02,2022-07-27,55,-18.47,True,2022-06-11,-11.38,True,True,2022-06-13,1.91,False
TRX-USD,2022-08-09,2022-08-26,17,-9.97,True,2022-08-26,0.0,True,False,,,
TRX-USD,2023-02-15,2024-06-27,498,72.06,True,2023-03-09,87.02,False,False,,,
TRX-USD,2024-07-14,2025-11-20,494,103.52,True,2024-08-02,121.22,False,False,,,
TRX-USD,2026-04-07,2026-06-15,69,1.45,False,,,,False,,,
XRP-USD,2022-10-23,2022-12-24,62,-24.91,True,2022-11-08,-18.38,True,True,2022-11-09,-6.14,True
XRP-USD,2023-04-04,2023-09-30,179,2.37,True,2023-04-21,11.27,False,False,,,
XRP-USD,2023-11-07,2024-01-30,84,-25.6,True,2023-11-14,-19.13,True,True,2024-01-19,-7.0,True
XRP-USD,2024-03-17,2024-04-30,44,-19.24,True,2024-04-12,-12.22,True,True,2024-04-13,0.94,False
XRP-USD,2024-08-20,2025-05-18,271,309.5,True,2024-09-05,345.11,False,False,,,
XRP-USD,2025-07-22,2025-11-08,109,-35.67,True,2025-07-23,-30.07,True,True,2025-08-02,-19.58,True
ZETA-USD,2024-06-16,2024-06-30,14,-18.8,True,2024-06-17,-11.73,True,True,2024-06-18,1.51,False
ZETA-USD,2024-12-08,2025-01-22,45,-48.27,True,2024-12-09,-43.78,True,True,2024-12-09,-35.34,True
