Date,Open,High,Low,Close,Volume,ma50,ma200,sma20w,ema21w,rsi14,state,signal
2025-09-11,8.81771006653501,8.81771006653501,8.81771006653501,8.81771006653501,292432399.37688756,,,,8.81771006653501,,bear,hold
2025-09-12,8.82578277080432,8.82578277080432,8.82578277080432,8.82578277080432,249144835.33652744,,,,8.817819157133243,,bear,hold
2025-09-13,8.989125685581353,8.989125685581353,8.989125685581353,8.989125685581353,331478217.37546134,,,,8.82013411022038,,bear,hold
2025-09-14,9.24275963798649,9.24275963798649,9.24275963798649,9.24275963798649,596185690.760549,,,,8.825845266001004,,bear,hold
2025-09-15,8.746148253422474,8.746148253422474,8.746148253422474,8.746148253422474,404581364.5770711,,,,8.824768279344537,,bear,hold
2025-09-16,8.530800458095214,8.530800458095214,8.530800458095214,8.530800458095214,313170212.897369,,,,8.820795741219547,,bear,hold
2025-09-17,8.603110907289736,8.603110907289736,8.603110907289736,8.603110907289736,175077066.84487268,,,,8.81785405427455,,bear,hold
2025-09-18,8.70840710348612,8.70840710348612,8.70840710348612,8.70840710348612,271587502.5883252,,,,8.816375041426056,,bear,hold
2025-09-19,8.668660932479833,8.668660932479833,8.668660932479833,8.668660932479833,244181869.04690343,,,,8.814378904818675,,bear,hold
2025-09-20,8.418966541367682,8.418966541367682,8.418966541367682,8.418966541367682,261119477.3835635,,,,8.809035494501769,,bear,hold
2025-09-21,8.44555284747736,8.44555284747736,8.44555284747736,8.44555284747736,143877919.06347752,,,,8.804123566839277,,bear,hold
2025-09-22,8.377198456275508,8.377198456275508,8.377198456275508,8.377198456275508,166731083.13527203,,,,8.798354308588415,,bear,hold
2025-09-23,7.681820686768459,7.681820686768459,7.681820686768459,7.681820686768459,610014089.0263375,,,,8.783266016401658,,bear,hold
2025-09-24,7.630148143277586,7.630148143277586,7.630148143277586,7.630148143277586,196842669.82509467,,,,8.767683342440522,19.640483139657817,bear,hold
2025-09-25,7.702145246082186,7.702145246082186,7.702145246082186,7.702145246082186,190630103.68351343,,,,8.75328417897622,23.20256760912217,bear,hold
2025-09-26,7.438906067387339,7.438906067387339,7.438906067387339,7.438906067387339,319021730.9322263,,,,8.735522312603397,19.754653062675416,bear,hold
2025-09-27,7.583589227069153,7.583589227069153,7.583589227069153,7.583589227069153,237279559.7014671,,,,8.719955649285367,26.242200399326336,bear,hold
2025-09-28,7.572661852120464,7.572661852120464,7.572661852120464,7.572661852120464,131989505.31560685,,,,8.70445167905341,26.070766374061108,bear,hold
2025-09-29,7.656505001800752,7.656505001800752,7.656505001800752,7.656505001800752,147384040.44551963,,,,8.690290237468913,29.857083761324105,bear,hold
2025-09-30,7.575329634200336,7.575329634200336,7.575329634200336,7.575329634200336,177766549.91285962,,,,8.675223202289608,28.34353575564853,bear,hold
2025-10-01,7.381999078418356,7.381999078418356,7.381999078418356,7.381999078418356,247867023.19892904,,,,8.657747200615672,25.082333922180084,bear,hold
2025-10-02,7.582887271949079,7.582887271949079,7.582887271949079,7.582887271949079,203300380.48898536,,,,8.643222066444503,33.62802152853702,bear,hold
2025-10-03,7.815852350983521,7.815852350983521,7.815852350983521,7.815852350983521,266984739.76558688,,,,8.63204139461395,41.90417929377438,bear,hold
2025-10-04,7.868125346255248,7.868125346255248,7.868125346255248,7.868125346255248,265891714.7124756,,,,8.621718204771264,43.60346977862666,bear,hold
2025-10-05,7.758680324121611,7.758680324121611,7.758680324121611,7.758680324121611,217014736.01366097,,,,8.610055530708431,40.90567092815301,bear,hold
2025-10-06,7.784030114197748,7.784030114197748,7.784030114197748,7.784030114197748,230411686.3229024,,,,8.598893025079908,41.80381512345637,bear,hold
2025-10-07,7.965127063304874,7.965127063304874,7.965127063304874,7.965127063304874,251883434.89067265,,,,8.590328620191055,47.89624744999523,bear,hold
2025-10-08,7.525252633113764,7.525252633113764,7.525252633113764,7.525252633113764,293438549.21806884,,,,8.575935701446767,37.59986340661407,bear,hold
2025-10-09,7.729111023747643,7.729111023747643,7.729111023747643,7.729111023747643,523137245.6579875,,,,8.564492124721104,43.6461834983492,bear,hold
2025-10-10,7.5364962270740605,7.5364962270740605,7.5364962270740605,7.5364962270740605,350295044.8910992,,,,8.550600288266414,39.729122734321436,bear,hold
2025-10-11,5.431697777854816,5.431697777854816,5.431697777854816,5.431697777854816,938564901.7704912,,,,8.508452957044637,19.322231096023117,bear,hold
2025-10-12,5.869894054578743,5.869894054578743,5.869894054578743,5.869894054578743,659924064.998375,,,,8.472796755659962,27.6537942985659,bear,hold
2025-10-13,6.196918105379325,6.196918105379325,6.196918105379325,6.196918105379325,444101404.8211382,,,,8.442041638764278,33.198217341356525,bear,hold
2025-10-14,6.552476211794675,6.552476211794675,6.552476211794675,6.552476211794675,526964944.58126,,,,8.416506970832257,38.69899126484497,bear,hold
2025-10-15,6.2958218943258535,6.2958218943258535,6.2958218943258535,6.2958218943258535,424492714.32910246,,,,8.387849064392983,36.37083720508591,bear,hold
2025-10-16,6.062807891849821,6.062807891849821,6.062807891849821,6.062807891849821,336398336.6119902,,,,8.356429589088345,34.35032688272851,bear,hold
2025-10-17,5.940839324307864,5.940839324307864,5.940839324307864,5.940839324307864,361416183.7327889,,,,8.323786477402122,33.30729466920397,bear,hold
2025-10-18,5.756746682306558,5.756746682306558,5.756746682306558,5.756746682306558,422644778.780421,,,,8.28909675044137,31.740700364619272,bear,hold
2025-10-19,5.879169833133702,5.879169833133702,5.879169833133702,5.879169833133702,183558132.66358957,,,,8.256530170477754,33.96504895952127,bear,hold
2025-10-20,5.954681822201717,5.954681822201717,5.954681822201717,5.954681822201717,220482090.3392641,,,,8.225424111717267,35.36415771786511,bear,hold
2025-10-21,5.980484521725592,5.980484521725592,5.980484521725592,5.980484521725592,258955484.19857588,,,,8.195087090230894,35.864206079126674,bear,hold
2025-10-22,5.869495905085043,5.869495905085043,5.869495905085043,5.869495905085043,383119484.5050187,,,,8.163660182323518,34.62339345435693,bear,hold
2025-10-23,5.715270462236322,5.715270462236322,5.715270462236322,5.715270462236322,312864564.068365,,,,8.130573834754772,32.91905959021925,bear,hold
2025-10-24,5.862080498469951,5.862080498469951,5.862080498469951,5.862080498469951,228573795.5616244,,,,8.099918519399573,36.141523051671385,bear,hold
2025-10-25,5.960169658028122,5.960169658028122,5.960169658028122,5.960169658028122,203345768.3342192,,,,8.071002994245905,38.275056763671785,bear,hold
2025-10-26,5.990064157430777,5.990064157430777,5.990064157430777,5.990064157430777,145226211.2933084,,,,8.042882199153809,38.944571578806325,bear,hold
2025-10-27,6.277032133214794,6.277032133214794,6.277032133214794,6.277032133214794,279247639.2754355,,,,8.019019360424902,45.100514688263644,bear,hold
2025-10-28,7.118982670745464,7.118982670745464,7.118982670745464,7.118982670745464,1423471022.2130337,,,,8.006856702456261,58.36445122932978,bear,hold
2025-10-29,7.185453411667568,7.185453411667568,7.185453411667568,7.185453411667568,1550383204.3296154,,,,7.995756657986144,59.20249441214825,bear,hold
2025-10-30,8.257310390692917,8.257310390692917,8.257310390692917,8.257310390692917,2364145837.679722,7.326405767194058,,,7.999291167887587,69.7692566303641,bear,hold
2025-10-31,7.520360406731611,7.520360406731611,7.520360406731611,7.520360406731611,1785154373.2951071,7.30045877399799,,,7.992819130574668,58.54225841539401,bear,hold
2025-11-01,7.994038714817201,7.994038714817201,7.994038714817201,7.994038714817201,1150674434.8184705,7.283823892878247,,,7.992835611442811,62.69725366266407,bear,hold
2025-11-02,7.747788970298117,7.747788970298117,7.747788970298117,7.747788970298117,723369769.1247708,7.258997158572583,,,7.989524170346262,59.36620371829069,bear,hold
2025-11-03,7.537343205659116,7.537343205659116,7.537343205659116,7.537343205659116,468419263.3493649,7.224888829926035,,,7.9834136167694085,56.59870027863892,bear,hold
2025-11-04,7.270715602359724,7.270715602359724,7.270715602359724,7.270715602359724,1379105984.2644005,7.19538017690478,,,7.973782562520629,53.213969356992315,bear,hold
2025-11-05,6.950927257935261,6.950927257935261,6.950927257935261,6.950927257935261,1100255501.0515044,7.163782712901582,,,7.959960193539746,49.39829049929447,bear,hold
2025-11-06,8.100858100956883,8.100858100956883,8.100858100956883,8.100858100956883,1098584598.5749147,7.153737656774925,,,7.961864219315654,60.3955390827805,bear,hold
2025-11-07,7.592873886623607,7.592873886623607,7.592873886623607,7.592873886623607,798741224.9527525,7.1314269924376745,,,7.956877863468464,54.7363067802704,bear,hold
2025-11-08,7.723590513712569,7.723590513712569,7.723590513712569,7.723590513712569,721876664.2132266,7.112525584062329,,,7.953725331715007,55.881911120578756,bear,hold
2025-11-09,7.489529938547203,7.489529938547203,7.489529938547203,7.489529938547203,489515522.7102804,7.093936852005919,,,7.947452420996523,53.28149309207393,bear,hold
2025-11-10,7.696363359213183,7.696363359213183,7.696363359213183,7.696363359213183,472384504.0981421,7.078953062240636,,,7.944059325567018,55.26265187917216,bear,hold
2025-11-11,8.847812139237583,8.847812139237583,8.847812139237583,8.847812139237583,1792557210.9251902,7.088365335899877,,,7.9562722014274305,64.33102785946909,bear,hold
2025-11-12,7.888496935138659,7.888496935138659,7.888496935138659,7.888496935138659,836357854.6333295,7.092498860867281,,,7.955356319450555,54.43156772848399,bear,hold
2025-11-13,7.482691856992151,7.482691856992151,7.482691856992151,7.482691856992151,620381926.0691841,7.089549735141572,,,7.948968961849766,50.86576407069928,bear,hold
2025-11-14,7.251333494964797,7.251333494964797,7.251333494964797,7.251333494964797,622055709.0248637,7.080533500119225,,,7.9395414555405095,48.898970822757825,bear,hold
2025-11-15,7.196461133813447,7.196461133813447,7.196461133813447,7.196461133813447,576270395.2068857,7.075684601447747,,,7.929499829571225,48.42076167061805,bear,hold
2025-11-16,7.194727801613779,7.194727801613779,7.194727801613779,7.194727801613779,294820952.9052624,7.067907372938639,,,7.91957047784207,48.40465824902145,bear,hold
2025-11-17,7.059478266946066,7.059478266946066,7.059478266946066,7.059478266946066,380867549.2412338,7.057643701235151,,,7.907947610127259,47.08870060557075,bear,hold
2025-11-18,6.905108393557812,6.905108393557812,6.905108393557812,6.905108393557812,502873146.0147738,7.042615769070292,,,7.894395728822266,45.56602514081174,bear,hold
2025-11-19,7.1293620839242475,7.1293620839242475,7.1293620839242475,7.1293620839242475,455843431.3361655,7.033696418064771,,,7.884057436323644,48.1871623497246,bear,hold
2025-11-20,6.85884163535747,6.85884163535747,6.85884163535747,6.85884163535747,408491829.9377586,7.023233269203553,,,7.8702031687430205,45.35025824715175,bear,hold
2025-11-21,6.657470306450797,6.657470306450797,6.657470306450797,6.657470306450797,397365291.7693587,7.004724929893587,,,7.853814886820153,43.30641422446165,bear,hold
2025-11-22,6.266770050203635,6.266770050203635,6.266770050203635,6.266770050203635,651000328.6330602,6.97374328387799,,,7.832368334973984,39.57934600631982,bear,hold
2025-11-23,6.292934269328188,6.292934269328188,6.292934269328188,6.292934269328188,335608938.34893644,6.942239462339448,,,7.811565171924717,39.95204831155696,bear,hold
2025-11-24,6.261241330237439,6.261241330237439,6.261241330237439,6.261241330237439,277831133.45160186,6.912290682461764,,,7.790614849739754,39.63313364634141,bear,hold
2025-11-25,6.371070568632895,6.371070568632895,6.371070568632895,6.371070568632895,323567659.31548584,6.884031491550469,,,7.771431818913986,41.379459947906504,bear,hold
2025-11-26,6.22801225230187,6.22801225230187,6.22801225230187,6.22801225230187,292839766.86136895,6.849289195330407,,,7.750574797743552,39.7657846891819,bear,hold
2025-11-27,6.2889722742595975,6.2889722742595975,6.2889722742595975,6.2889722742595975,263982993.31225136,6.824563588153325,,,7.730823412291066,40.82476527901285,bear,hold
2025-11-28,6.141870299854476,6.141870299854476,6.141870299854476,6.141870299854476,238000704.4826058,6.792818773675461,,,7.709351072933815,39.04105482959542,bear,hold
2025-11-29,6.042092708145368,6.042092708145368,6.042092708145368,6.042092708145368,253914379.3555992,6.762930703296887,,,7.686820554490729,37.83358212634997,bear,hold
2025-11-30,6.032760833835148,6.032760833835148,6.032760833835148,6.032760833835148,175236671.731762,6.774951964416495,,,7.664468396103491,37.7160915574789,bear,hold
2025-12-01,6.010550336241959,6.010550336241959,6.010550336241959,6.010550336241959,176595200.21412084,6.777765090049758,,,7.642118152051308,37.41825148804037,bear,hold
2025-12-02,5.726269582218326,5.726269582218326,5.726269582218326,5.726269582218326,377627007.502391,6.768352119586539,,,7.616228306513025,33.74508339953816,bear,hold
2025-12-03,5.991690133118836,5.991690133118836,5.991690133118836,5.991690133118836,253214416.5931925,6.757136398013022,,,7.594275087953645,39.69713927148666,bear,hold
2025-12-04,6.069057747945106,6.069057747945106,6.069057747945106,6.069057747945106,277301736.3791221,6.752601115085407,,,7.573664042818394,41.351073741065946,bear,hold
2025-12-05,5.926402813815576,5.926402813815576,5.926402813815576,5.926402813815576,212694993.2526728,6.749873013524722,,,7.551403755939978,39.215332856119964,bear,hold
2025-12-06,5.733488771586843,5.733488771586843,5.733488771586843,5.733488771586843,243412570.48206553,6.7457260024703025,,,7.526837337232504,36.47197314248804,bear,hold
2025-12-07,5.71938500625787,5.71938500625787,5.71938500625787,5.71938500625787,150745624.38074276,6.744978768949328,,,7.502412305732847,36.27219105034988,bear,hold
2025-12-08,5.654257909053378,5.654257909053378,5.654257909053378,5.654257909053378,239000531.5371636,6.740480530467721,,,7.477437246318259,35.310334168059526,bear,hold
2025-12-09,5.687049706764903,5.687049706764903,5.687049706764903,5.687049706764903,204867379.23960635,6.735127888158985,,,7.45324282010808,36.22731354162458,bear,hold
2025-12-10,5.936210073914246,5.936210073914246,5.936210073914246,5.936210073914246,345762453.6675227,6.734242399202758,,,7.432742377591947,42.855538270295455,bear,hold
2025-12-11,5.741662318252416,5.741662318252416,5.741662318252416,5.741662318252416,247382828.6954596,6.731685727466105,,,7.40988994435763,39.41113931729528,bear,hold
2025-12-12,5.688803026651627,5.688803026651627,5.688803026651627,5.688803026651627,189980553.4244507,6.731156378754411,,,7.386632013037279,38.50559414379548,bear,hold
2025-12-13,5.611823720532305,5.611823720532305,5.611823720532305,5.611823720532305,172676171.80859062,6.726151243195658,,,7.3626481171926175,37.166294566345314,bear,hold
2025-12-14,5.558365148535382,5.558365148535382,5.558365148535382,5.558365148535382,140812864.72960773,6.718115153005804,,,7.338265914913466,36.22401762371088,bear,hold
2025-12-15,5.416646906703788,5.416646906703788,5.416646906703788,5.416646906703788,158799841.11868915,6.706646807991263,,,7.312298090478199,33.77906730376145,bear,hold
2025-12-16,5.3259635692249345,5.3259635692249345,5.3259635692249345,5.3259635692249345,198421441.33716324,6.687625436711467,,,7.285455732082885,32.27778102147509,bear,hold
2025-12-17,5.295333667506437,5.295333667506437,5.295333667506437,5.295333667506437,186422921.65167055,6.6511524566466855,,,7.25856219066969,31.764260966430427,bear,hold
2025-12-18,5.137920299647216,5.137920299647216,5.137920299647216,5.137920299647216,184756754.6522524,6.61020179440628,,,7.2299048678180355,29.193723601746967,bear,hold
2025-12-19,5.016027621830865,5.016027621830865,5.016027621830865,5.016027621830865,223905359.8852453,6.545376139029039,,,7.199987607737128,27.34814028675912,bear,hold
2025-12-20,5.1553894118934895,5.1553894118934895,5.1553894118934895,5.1553894118934895,175866283.6410326,6.498076719132275,,,7.17235790238789,32.594861072047664,bear,hold
2025-12-21,5.089386224493246,5.089386224493246,5.089386224493246,5.089386224493246,116443570.33451806,6.439983669325796,,,7.144209636470395,31.436918393517047,bear,hold
2025-12-22,5.068506926570121,5.068506926570121,5.068506926570121,5.068506926570121,140516116.25555116,6.386398028451237,,,7.11615959985012,31.06100389121481,bear,hold
2025-12-23,4.972407073177176,4.972407073177176,4.972407073177176,4.972407073177176,186410223.0484269,6.335099305801598,,,7.087189971111297,29.323006475173685,bear,hold
2025-12-24,4.948887382728749,4.948887382728749,4.948887382728749,4.948887382728749,161495681.14493278,6.288662741408979,,,7.058293990187209,28.89684167392801,bear,hold
2025-12-25,4.9163992239970336,4.9163992239970336,4.9163992239970336,4.9163992239970336,176516279.8100517,6.247972180730213,,,7.029349466319775,28.285324820097273,bear,hold
2025-12-26,4.8742355025369415,4.8742355025369415,4.8742355025369415,4.8742355025369415,122317103.37841477,6.183439728761815,,,7.000226304647034,27.472758455817868,bear,hold
2025-12-27,4.896217330392945,4.896217330392945,4.896217330392945,4.896217330392945,133918707.14311524,6.129506597637202,,,6.971793750940898,28.623981669339102,bear,hold
2025-12-28,4.9630769145475595,4.9630769145475595,4.9630769145475595,4.9630769145475595,117787158.97922777,6.0742963256539015,,,6.944648928827474,32.15160733527469,bear,hold
2025-12-29,4.921858009707595,4.921858009707595,4.921858009707595,4.921858009707595,124569477.90606208,6.02294288707711,,,6.917313916406935,31.130130371902723,bear,hold
2025-12-30,4.909554273743556,4.909554273743556,4.909554273743556,4.909554273743556,166571759.84125003,5.967206705367718,,,6.890182029343917,30.815414146550864,bear,hold
2025-12-31,4.901301329971732,4.901301329971732,4.901301329971732,4.901301329971732,121346921.92034748,5.8882764891824,,,6.863305263136184,30.59200410463231,bear,hold
2026-01-01,4.803663903375366,4.803663903375366,4.803663903375366,4.803663903375366,207511748.26729533,5.826579828547134,,,6.835472271788065,28.00518942282048,bear,hold
2026-01-02,4.88175503281238,4.88175503281238,4.88175503281238,4.88175503281238,210216442.52979094,5.774561092063538,,,6.8090706874775835,32.89279972787379,bear,hold
2026-01-03,5.04500058852605,5.04500058852605,5.04500058852605,5.04500058852605,258777592.64350834,5.730434433934764,,,6.785231902356617,41.78935952305922,bear,hold
2026-01-04,5.258818542462857,5.258818542462857,5.258818542462857,5.258818542462857,517968505.6958099,5.691681582107752,,,6.764604694790486,50.95984454826827,bear,hold
2026-01-05,5.4250110271384075,5.4250110271384075,5.4250110271384075,5.4250110271384075,477866421.20436525,5.656287246618245,,,6.746502077660052,56.673283607392,bear,hold
2026-01-06,5.621310845931002,5.621310845931002,5.621310845931002,5.621310845931002,486026210.38379854,5.627523898197943,,,6.7312967907447945,62.265428160363385,bear,hold
2026-01-07,5.471016674714734,5.471016674714734,5.471016674714734,5.471016674714734,347384763.35267377,5.598842063821082,,,6.714265978366011,56.276406381414404,bear,hold
2026-01-08,5.356090590486332,5.356090590486332,5.356090590486332,5.356090590486332,260118266.59220082,5.563376633952323,,,6.695912256908177,52.14601510489684,bear,hold
2026-01-09,5.355381488218249,5.355381488218249,5.355381488218249,5.355381488218249,251203543.9569024,5.533307431009539,,,6.677796976250205,52.12059664901309,bear,hold
2026-01-10,5.458010454092366,5.458010454092366,5.458010454092366,5.458010454092366,218257657.46029752,5.50931823396237,,,6.661313374599423,55.50140171880288,bear,hold
2026-01-11,5.443190390244239,5.443190390244239,5.443190390244239,5.443190390244239,135445586.04669747,5.492846640763182,,,6.644852253189218,54.89856843033636,bear,hold
2026-01-12,5.462839580162932,5.462839580162932,5.462839580162932,5.462839580162932,247193033.68657795,5.4762447469798765,,,6.628879108959134,55.58734641258154,bear,hold
2026-01-13,5.376314790001503,5.376314790001503,5.376314790001503,5.376314790001503,205754484.77622107,5.45854621617516,,,6.611952564108354,51.833471371576046,bear,hold
2026-01-14,5.871095096937996,5.871095096937996,5.871095096937996,5.871095096937996,294285961.97491896,5.4485467067412605,,,6.601940976714161,65.9810314134227,bear,hold
2026-01-15,5.598671874338689,5.598671874338689,5.598671874338689,5.598671874338689,272250534.5155588,5.435959899181998,,,6.58838328614152,56.19416185882804,bear,hold
2026-01-16,5.390083066397308,5.390083066397308,5.390083066397308,5.390083066397308,201072141.09324533,5.417982115024752,,,6.57219003992876,50.07016094855394,bear,hold
2026-01-17,5.419282459148387,5.419282459148387,5.419282459148387,5.419282459148387,160601360.84851536,5.40353035821063,,,6.556610207756052,50.877200206445615,bear,hold
2026-01-18,5.310585735890839,5.310585735890839,5.310585735890839,5.310585735890839,149258816.56535283,5.388900218765539,,,6.539772039217333,47.781080273836736,bear,hold
2026-01-19,5.037521851528595,5.037521851528595,5.037521851528595,5.037521851528595,198973263.16295728,5.3689954391194075,,,6.519471361005323,41.02659124027761,bear,hold
2026-01-20,5.034965781761458,5.034965781761458,5.034965781761458,5.034965781761458,256321978.45322296,5.349483748029797,,,6.499410474799324,40.96820955278584,bear,hold
2026-01-21,4.874401485773857,4.874401485773857,4.874401485773857,4.874401485773857,190696745.86396483,5.332446386100908,,,6.477450893866548,37.370689076334465,bear,hold
2026-01-22,4.975663434540163,4.975663434540163,4.975663434540163,4.975663434540163,227107100.43621343,5.312125852129335,,,6.457156468740516,40.89567614943012,bear,hold
2026-01-23,4.886621585249183,4.886621585249183,4.886621585249183,4.886621585249183,159249468.83009398,5.288477128875416,,,6.435933024369012,38.826304363928095,bear,hold
2026-01-24,4.898048880372409,4.898048880372409,4.898048880372409,4.898048880372409,155244493.82347226,5.267910050206553,,,6.415150806206896,39.25115192900885,bear,hold
2026-01-25,4.975454047428025,4.975454047428025,4.975454047428025,4.975454047428025,151821794.40855175,5.252749355723377,,,6.395695444601777,42.180390613206406,bear,hold
2026-01-26,4.7966373788405265,4.7966373788405265,4.7966373788405265,4.7966373788405265,172363761.7994766,5.234294403175029,,,6.37408655182122,37.66238038519721,bear,hold
2026-01-27,4.850041332567017,4.850041332567017,4.850041332567017,4.850041332567017,151571074.8317749,5.218210071645303,,,6.353491346155622,39.73838111457068,bear,hold
2026-01-28,4.850111650364783,4.850111650364783,4.850111650364783,4.850111650364783,155215727.18051815,5.2014713105173,,6.420956460601576,6.333175404320611,39.741226716239375,bear,hold
2026-01-29,4.800011355812785,4.800011355812785,4.800011355812785,4.800011355812785,160951641.75679708,5.178747336155271,,6.392258612667845,6.312456971232668,38.351666862532745,bear,hold
2026-01-30,4.610080556898846,4.610080556898846,4.610080556898846,4.610080556898846,212099166.71842888,5.1561157009282,,6.362146453997092,6.289451884552482,33.56085800172072,bear,hold
2026-01-31,4.51773045580119,4.51773045580119,4.51773045580119,4.51773045580119,234076986.5405397,5.13269424951119,,6.33020791664152,6.265509703082869,31.500384123350145,bear,hold
2026-02-01,4.4428715899922935,4.4428715899922935,4.4428715899922935,4.4428715899922935,444536819.5057438,5.109315206900391,,6.295923002012989,6.240879458311374,29.897999603833426,bear,hold
2026-02-02,4.175022513283876,4.175022513283876,4.175022513283876,4.175022513283876,239534109.7891132,5.0816483541953605,,6.263272103869142,6.21296247256776,24.99807826056103,bear,hold
2026-02-03,4.318027392087881,4.318027392087881,4.318027392087881,4.318027392087881,292903003.22233033,5.059675963903042,,6.233180867683376,6.187355241750465,31.45693811914613,bear,hold
2026-02-04,4.264291895119055,4.264291895119055,4.264291895119055,4.264291895119055,263550012.52129382,5.038442530420926,,6.202189303310728,6.161367899228419,30.3976394453677,bear,hold
2026-02-05,4.166390949263745,4.166390949263745,4.166390949263745,4.166390949263745,256452923.41149592,5.015863676056071,,6.169746330780568,6.134408751255924,28.513704400904572,bear,hold
2026-02-06,3.632168770861669,3.632168770861669,3.632168770861669,3.632168770861669,498489800.1647615,4.98574864548036,,6.133771386769009,6.100594697466812,20.90133569130076,bear,hold
2026-02-07,3.778708443293249,3.778708443293249,3.778708443293249,3.778708443293249,363652573.5661578,4.9610022619096075,,6.100626686068479,6.0692178561941965,26.683443899419032,bear,hold
2026-02-08,3.481500754851186,3.481500754851186,3.481500754851186,3.481500754851186,170231803.28574958,4.9275244887687615,,6.065169171121148,6.034248706176048,23.009636899056048,bear,hold
2026-02-09,3.466222743553752,3.466222743553752,3.466222743553752,3.466222743553752,83232070.20902006,4.895061219149971,,6.030090773173136,5.9995456526270985,22.83558527756486,bear,hold
2026-02-10,3.365375933496891,3.365375933496891,3.365375933496891,3.365375933496891,86864944.46055245,4.860998599288507,,5.9992590249354825,5.963948764530745,21.670348392476697,bear,hold
2026-02-11,3.2377663388705478,3.2377663388705478,3.2377663388705478,3.2377663388705478,67880595.30509548,4.826305784602375,,5.967884869189717,5.927108461481283,20.2614537242398,bear,hold
2026-02-12,3.320046189495835,3.320046189495835,3.320046189495835,3.320046189495835,106200878.24855761,4.793728960737717,,5.9365841616426716,5.891877890238236,23.705740795828177,bear,hold
2026-02-13,3.387564892551898,3.387564892551898,3.387564892551898,3.387564892551898,92424522.31106065,4.763152274108814,,5.907646010393847,5.858035822701934,26.510972934135097,bear,hold
2026-02-14,3.531499278923543,3.531499278923543,3.531499278923543,3.531499278923543,80244495.97742903,4.736297549636546,,5.878702510764237,5.826596139677902,32.23142622213453,bear,hold
2026-02-15,3.6658051205343045,3.6658051205343045,3.6658051205343045,3.6658051205343045,103411715.78619252,4.711689305439373,,5.850796391252906,5.797396261040826,37.14778489617965,bear,hold
2026-02-16,3.526911017188107,3.526911017188107,3.526911017188107,3.526911017188107,100191187.7500365,4.682965987492184,,5.821299291362816,5.766714028015789,34.37077085736239,bear,hold
2026-02-17,3.430425000110281,3.430425000110281,3.430425000110281,3.430425000110281,204545384.48866168,4.653137327300238,,5.791692829690745,5.735142554665715,32.550372757089775,bear,hold
2026-02-18,3.5530446831042273,3.5530446831042273,3.5530446831042273,3.5530446831042273,94950082.60651745,4.626007135487451,,5.7643431554385005,5.70565474559056,37.1091175757679,bear,hold
2026-02-19,3.4314919202116374,3.4314919202116374,3.4314919202116374,3.4314919202116374,174163059.79592094,4.596610947292249,,5.734690331497519,5.6749228155178715,34.611770663540895,bear,hold
2026-02-20,3.5161969395861585,3.5161969395861585,3.5161969395861585,3.5161969395861585,95870560.1661962,4.570861608016465,,5.703978507130395,5.645750844221498,37.75538339544128,bear,hold
2026-02-21,3.6050509679472285,3.6050509679472285,3.6050509679472285,3.6050509679472285,258913093.00964323,4.545327526719162,,5.673527975856766,5.61817381886644,40.96176694946014,bear,hold
2026-02-22,3.5929593731837595,3.5929593731837595,3.5929593731837595,3.5929593731837595,70057644.57261881,4.516286702412316,,5.64377282620721,5.590806056086945,40.65485258733529,bear,hold
2026-02-23,3.309346993355866,3.309346993355866,3.309346993355866,3.309346993355866,94345688.74151208,4.477297271430176,,5.611810803915483,5.5599755282122,34.184924692706105,bear,hold
2026-02-24,3.389412242065805,3.389412242065805,3.389412242065805,3.389412242065805,127851228.5734202,4.436585295728724,,5.579127126620918,5.530643591912924,37.222283646668224,bear,hold
2026-02-25,3.440493690428064,3.440493690428064,3.440493690428064,3.440493690428064,119157597.25531577,4.3929689526186655,,5.549950277030305,5.50239832297394,39.15168734133273,bear,hold
2026-02-26,3.6044547167684087,3.6044547167684087,3.6044547167684087,3.6044547167684087,121951403.8387402,4.355637713459739,,5.520488446266167,5.476750436403596,44.99527665095816,bear,hold
2026-02-27,3.5690414891483684,3.5690414891483684,3.5690414891483684,3.5690414891483684,88876485.86414541,4.31989673143298,,5.492149483852413,5.4509705857650115,44.0121415248507,bear,hold
2026-02-28,3.4951478644664817,3.4951478644664817,3.4951478644664817,3.4951478644664817,94504023.44035877,4.282692058957944,,5.478316984471068,5.4245405489907075,41.95232533388208,bear,hold
2026-03-01,3.558104117069069,3.558104117069069,3.558104117069069,3.558104117069069,113104669.64643562,4.244693932217478,,5.461804199203142,5.399318435045821,44.3423237821205,bear,hold
2026-03-02,3.489254653749522,3.489254653749522,3.489254653749522,3.489254653749522,155597718.02564117,4.205615217487583,,5.442463745977215,5.373506762325601,42.29157246769869,bear,hold
2026-03-03,3.587688366448886,3.587688366448886,3.587688366448886,3.587688366448886,86432678.72839107,4.168112193213303,,5.421286689939029,5.3493740813002395,46.1276589402743,bear,hold
2026-03-04,3.4823425460534407,3.4823425460534407,3.4823425460534407,3.4823425460534407,89004989.81956585,4.1302327483343415,,5.401190408879941,5.324143925418526,42.84512876470238,bear,hold
2026-03-05,3.4964091950333187,3.4964091950333187,3.4964091950333187,3.4964091950333187,127863156.3985959,4.082739030296249,,5.382858989616967,5.299444807440348,43.42407337192438,bear,hold
2026-03-06,3.3230810701035867,3.3230810701035867,3.3230810701035867,3.3230810701035867,90567422.81260821,4.037227214211546,,5.364160716372649,5.27273718936823,38.278834517938996,bear,hold
2026-03-07,3.237703608725625,3.237703608725625,3.237703608725625,3.237703608725625,89487295.22529635,3.9941796250581127,,5.346167551561358,5.245236735575762,36.015134356299285,bear,hold
2026-03-08,3.1310954626173344,3.1310954626173344,3.1310954626173344,3.1310954626173344,71084206.49883911,3.948415885127492,,5.326538448914812,5.216667258914162,33.362085634877744,bear,hold
2026-03-09,3.09809257781589,3.09809257781589,3.09809257781589,3.09809257781589,73519649.0341094,3.904166021965993,,5.306134240026342,5.188037871331753,32.56239372004141,bear,hold
2026-03-10,2.9789379603331887,2.9789379603331887,2.9789379603331887,2.9789379603331887,100910425.23141554,3.8629943441420846,,5.284694621730682,5.158185169831772,29.786325700192435,bear,hold
2026-03-11,2.9865441098434538,2.9865441098434538,2.9865441098434538,2.9865441098434538,110287910.06489088,3.822025910703724,,5.264102108907528,5.128838669021119,30.1954321131914,bear,hold
2026-03-12,2.9004727678640707,2.9004727678640707,2.9004727678640707,2.9004727678640707,67488635.15688308,3.7825473363455284,,5.243996411090583,5.098725616302781,28.193531702693974,bear,hold
2026-03-13,2.9627706242000316,2.9627706242000316,2.9627706242000316,2.9627706242000316,272491907.17516744,3.7422894801387256,,5.223287054845798,5.069861359652744,31.721961397528517,bear,hold
2026-03-14,3.820542141904658,3.820542141904658,3.820542141904658,3.820542141904658,1632849073.0292482,3.720967891271836,,5.2080040011592015,5.052978667521013,60.50141870375519,bear,hold
2026-03-15,4.000368354730075,4.000368354730075,4.000368354730075,4.000368354730075,1023667890.9043078,3.703014280758989,,5.193791888282768,5.038754203834649,63.93360142964354,bear,hold
2026-03-16,4.043644131693333,4.043644131693333,4.043644131693333,4.043644131693333,483664297.4482272,3.684378082444295,,5.177839116843329,5.025306770427334,64.72792325216524,bear,hold
2026-03-17,3.9020709992539215,3.9020709992539215,3.9020709992539215,3.9020709992539215,433596035.4109102,3.6664867548525626,,5.154861176332675,5.01012790865472,60.067215541686046,bear,hold
2026-03-18,3.6970672283030446,3.6970672283030446,3.6970672283030446,3.6970672283030446,222712988.78269354,3.6434272727672834,,5.129944132165786,4.992383845406725,54.003387348489795,bear,hold
2026-03-19,3.507894351728206,3.507894351728206,3.507894351728206,3.507894351728206,240862026.93320426,3.616582926794552,,5.096019731887466,4.972323176573232,49.07967402791404,bear,hold
2026-03-20,3.42235998586048,3.42235998586048,3.42235998586048,3.42235998586048,134310091.48519543,3.589029899395506,,5.066748300309816,4.951377728050087,46.993382850444995,bear,hold
2026-03-21,3.3433190257091594,3.3433190257091594,3.3433190257091594,3.3433190257091594,110580089.1049657,3.5636946687717117,,5.033528873959043,4.92964720504548,45.08611235089329,bear,hold
2026-03-22,3.3317942093066204,3.3317942093066204,3.3317942093066204,3.3317942093066204,77653708.21993352,3.539975943841821,,5.001986054237676,4.908054596994956,44.800599343868825,bear,hold
2026-03-23,3.282852818672943,3.282852818672943,3.282852818672943,3.282852818672943,107793738.4180832,3.516775568415434,,4.971596837187775,4.886092410801415,43.53965740452674,bear,hold
2026-03-24,3.3528298912098027,3.3528298912098027,3.3528298912098027,3.3528298912098027,145104048.46608424,3.500331715973952,,4.94361193925099,4.86537264702315,45.884931601498025,bear,hold
2026-03-25,3.3729260859988797,3.3729260859988797,3.3729260859988797,3.3729260859988797,89559533.16916034,3.481429689852172,,4.918054788022872,4.845204450252552,46.571315898761554,bear,hold
2026-03-26,3.341829063806504,3.341829063806504,3.341829063806504,3.341829063806504,148001095.55679202,3.462980433225921,,4.884061723471798,4.8248885666519294,45.60732402239663,bear,hold
2026-03-27,3.220820755944798,3.220820755944798,3.220820755944798,3.220820755944798,95997120.71446112,3.444069029359542,,4.852832772538378,4.803211974615347,41.966970568216695,bear,hold
2026-03-28,2.9956102754840725,2.9956102754840725,2.9956102754840725,2.9956102754840725,94503397.5491625,3.43133785945199,,4.819061485122461,4.778784924627087,36.17903103424013,bear,hold
2026-03-29,2.9411765747424905,2.9411765747424905,2.9411765747424905,2.9411765747424905,59492530.205198646,3.4145872220809754,5.56184284755342,4.78657324680957,4.753952379358377,34.92525518292646,bear,hold
2026-03-30,2.864627164435986,2.864627164435986,2.864627164435986,2.864627164435986,80788135.0633898,3.4022497502726714,5.532077433042924,4.7520608454183035,4.728420957535102,33.183664910633624,bear,hold
2026-03-31,2.932964902288587,2.932964902288587,2.932964902288587,2.932964902288587,88541722.74129872,3.391584593447368,5.502613343700346,4.7098119365829545,4.704158037869608,36.24038398856561,bear,hold
2026-04-01,3.011941179380132,3.011941179380132,3.011941179380132,3.011941179380132,155283591.88016146,3.3845158983650325,5.472727421169339,4.674979395470393,4.681290242484615,39.675095474491904,bear,hold
2026-04-02,3.0899938436244767,3.0899938436244767,3.0899938436244767,3.0899938436244767,1619717632.9069693,3.381560448460111,5.4419635921975305,4.643602981089196,4.659786237094614,42.946274661603354,bear,hold
2026-04-03,2.9352387134751265,2.9352387134751265,2.9352387134751265,2.9352387134751265,1484203185.3733227,3.373864298939697,5.412909044497794,4.612773732649984,4.636481540829485,38.48976403793874,bear,hold
2026-04-04,2.9295291511247163,2.9295291511247163,2.9295291511247163,2.9295291511247163,1436952447.1804185,3.3647035841111532,5.38490268796294,4.582295647059349,4.6134146166442855,38.331722867646505,bear,hold
2026-04-05,3.0120505885410083,3.0120505885410083,3.0120505885410083,3.0120505885410083,1563687817.1269777,3.354314610303503,5.356947386369197,4.552419381251687,4.591774562210457,42.036228598213874,bear,hold
2026-04-06,3.0057525123578985,3.0057525123578985,3.0057525123578985,3.0057525123578985,1522550440.2492127,3.3411135581399747,5.3284341134135556,4.523464197290343,4.570341831807044,41.82970055987304,bear,hold
2026-04-07,2.958332949654734,2.958332949654734,2.958332949654734,2.958332949654734,1487275950.807972,3.3297419967893074,5.29988247349943,4.495272944119606,4.548557927994175,40.227160227418615,bear,hold
2026-04-08,3.1323176830773147,3.1323176830773147,3.1323176830773147,3.1323176830773147,1692761340.1885753,3.3237798504486475,5.273449229207979,4.4667226269707,4.529419546306109,48.085820080913564,bear,hold
2026-04-09,3.0650271115712444,3.0650271115712444,3.0650271115712444,3.0650271115712444,1646440200.1731977,3.3140194990179883,5.246546600528448,4.439623951800799,4.509630459350233,45.58929879803985,bear,hold
2026-04-10,3.0618877207696653,3.0618877207696653,3.0618877207696653,3.0618877207696653,1626824264.5243697,3.3066274150291486,5.219970046850919,4.413941219045934,4.490066368288334,45.470687621063846,bear,hold
2026-04-11,2.848533398483781,2.848533398483781,2.848533398483781,2.848533398483781,111758219.36622502,3.293274144207101,5.195803610409496,4.38952524296222,4.467883490318002,38.19730868054612,bear,hold
2026-04-12,2.8261043648489315,2.8261043648489315,2.8261043648489315,2.8261043648489315,90479615.7235755,3.2776952121451353,5.171783391517352,4.364762172215939,4.445697285919771,37.51789089863181,bear,hold
2026-04-13,2.7955384804151167,2.7955384804151167,2.7955384804151167,2.7955384804151167,108154633.2868514,3.261746794289762,5.147250357689017,4.340007151860066,4.423397842602141,36.5634213869553,bear,hold
2026-04-14,2.8742415736845777,2.8742415736845777,2.8742415736845777,2.8742415736845777,87893371.89534776,3.253044685896337,5.124427035220503,4.3150298018961495,4.4024632984275796,40.74363225063236,bear,hold
2026-04-15,2.809106283741999,2.809106283741999,2.809106283741999,2.809106283741999,146838026.78596044,3.2414385667298604,5.100554620503868,4.290609044977864,4.380931446877774,38.48345880254714,bear,hold
2026-04-16,2.948515290062803,2.948515290062803,2.948515290062803,2.948515290062803,142570250.46286303,3.231598998722555,5.077433887693578,4.266748637947887,4.36157447178568,45.45738213247461,bear,hold
2026-04-17,3.0640611405932647,3.0640611405932647,3.0640611405932647,3.0640611405932647,227455364.99142554,3.2207911271990524,5.054471668387541,4.244764286810307,4.344040507850647,50.4693417660014,bear,hold
2026-04-18,3.045658738814659,3.045658738814659,3.045658738814659,3.045658738814659,156829949.85622817,3.210323472192378,5.031823313910613,4.223361187029374,4.3264948082690795,49.68625002411782,bear,hold
2026-04-19,2.879127842461063,2.879127842461063,2.879127842461063,2.879127842461063,134827677.87395042,3.19800307175227,5.009308957730826,4.200835237090987,4.30693579521762,43.159899144007426,bear,hold
2026-04-20,2.794759583848799,2.794759583848799,2.794759583848799,2.794759583848799,159701066.95535433,3.182736181087864,4.985368319290325,4.177865303145322,4.286500981550474,40.27371001538922,bear,hold
2026-04-21,2.8738028948588332,2.8738028948588332,2.8738028948588332,2.8738028948588332,187623694.6279581,3.1704271459100513,4.960658072009702,4.157490541092755,4.267410466865452,44.04877707499247,bear,hold
2026-04-22,2.854010161583744,2.854010161583744,2.854010161583744,2.854010161583744,123430395.71615265,3.155753581812748,4.935587496086344,4.135078541296075,4.248310462740024,43.31056973241149,bear,hold
2026-04-23,2.9135946266600103,2.9135946266600103,2.9135946266600103,2.9135946266600103,167981497.69879073,3.144378623424879,4.911362067599036,4.1125395190011815,4.230273762252456,46.23190314314359,bear,hold
2026-04-24,2.8688987571620075,2.8688987571620075,2.8688987571620075,2.8688987571620075,101545153.41568863,3.131828414667453,4.8867864108138575,4.0907002043107985,4.211876802724207,44.384223440461355,bear,hold
2026-04-25,2.882637696670444,2.882637696670444,2.882637696670444,2.882637696670444,242083409.8078057,3.12301954719879,4.861373963980686,4.0703369823471105,4.193914112101859,45.1104053809196,bear,hold
2026-04-26,2.57064517640727,2.57064517640727,2.57064517640727,2.57064517640727,521714979.20010084,3.109678378552423,4.836600926697153,4.047845983562463,4.171978045403284,34.19222137038582,bear,hold
2026-04-27,2.616385632037417,2.616385632037417,2.616385632037417,2.616385632037417,254337251.60628137,3.0993841819408243,4.811037299738602,4.026146895869492,4.150956526303745,36.614395189691706,bear,hold
2026-04-28,2.530836607251493,2.530836607251493,2.530836607251493,2.530836607251493,178934255.98432326,3.0880390625295364,4.7860090016394885,4.003602516587254,4.12906301388412,34.08730901265153,bear,hold
2026-04-29,2.4872957576380683,2.4872957576380683,2.4872957576380683,2.4872957576380683,108463417.17853679,3.0782062184756342,4.771286991538405,3.978967414328138,4.106876969880795,32.8447950904185,bear,hold
2026-04-30,2.3930346976140573,2.3930346976140573,2.3930346976140573,2.3930346976140573,156516974.5563939,3.0663360302310467,4.753902694753582,3.955048645609293,4.083716939174488,30.27219346448986,bear,hold
2026-05-01,2.3826768981426647,2.3826768981426647,2.3826768981426647,2.3826768981426647,85377560.78544934,3.055980112836618,4.734831488717399,3.931433458977086,4.0607299115929765,29.994181896830042,bear,hold
2026-05-02,2.3128537799056943,2.3128537799056943,2.3128537799056943,2.3128537799056943,122162859.53353515,3.042981775950732,4.7136333765579534,3.907869387972609,4.037109963867473,28.11943763877663,bear,hold
2026-05-03,2.357175918732343,2.357175918732343,2.357175918732343,2.357175918732343,130946097.24802227,3.013714451487285,4.693940146679986,3.8850037506168738,4.0144081524467286,31.064887620452623,bear,hold
2026-05-04,2.3309586661059676,2.3309586661059676,2.3309586661059676,2.3309586661059676,75910195.2594237,2.980326257714803,4.675280900551267,3.862963120326889,3.9916588350637454,30.274627357310777,bear,hold
2026-05-05,2.31548389881924,2.31548389881924,2.31548389881924,2.31548389881924,97760998.2756094,2.945763053057321,4.657154123423823,3.841459694109706,3.969007822411793,29.792863477629737,bear,hold
2026-05-06,2.375937360529569,2.375937360529569,2.375937360529569,2.375937360529569,187612979.42532668,2.9152403802828344,4.640250076814939,3.820606863345585,3.9474798431971685,34.198160496669104,bear,hold
2026-05-07,2.3705457959421867,2.3705457959421867,2.3705457959421867,2.3705457959421867,138557634.13868028,2.888709951635617,4.622706956628981,3.8008399026048356,3.926169923639669,33.99329654822064,bear,hold
2026-05-08,2.378448784067997,2.378448784067997,2.378448784067997,2.378448784067997,121597778.52944496,2.8661210402824127,4.604825791438312,3.7820000537636718,3.9052547731049168,34.611632485599,bear,hold
2026-05-09,2.478376799510235,2.478376799510235,2.478376799510235,2.478376799510235,146220736.62402716,2.8472413765554077,4.587315252827236,3.762878535103791,3.8859726383266104,42.00900699708898,bear,hold
2026-05-10,2.4602816430355396,2.4602816430355396,2.4602816430355396,2.4602816430355396,101097908.21232693,2.8295806289019354,4.570269181516989,3.744099216664808,3.86670654379565,41.10222639200966,bear,hold
2026-05-11,2.488940660072149,2.488940660072149,2.488940660072149,2.488940660072149,121880471.64130598,2.812723557917246,4.554137532506167,3.725673743332679,3.8480880859074946,43.19364218293096,bear,hold
2026-05-12,2.425618751508497,2.425618751508497,2.425618751508497,2.425618751508497,95309614.99515851,2.795578876573957,4.53695522377136,3.7074823981779033,3.828865527334535,39.82843265639163,bear,hold
2026-05-13,2.441545079215768,2.441545079215768,2.441545079215768,2.441545079215768,234324453.5506598,2.7773531803340767,4.519362100877299,3.689572810295667,3.8101179537113086,41.07197479260366,bear,hold
2026-05-14,2.3595737077798806,2.3595737077798806,2.3595737077798806,2.3595737077798806,282575004.44304603,2.7570861327696963,4.501209648629044,3.671309770894117,3.790516004441965,36.850677885534296,bear,hold
2026-05-15,2.3724776181431273,2.3724776181431273,2.3724776181431273,2.3724776181431273,123522679.401386,2.737699103856429,4.481686876053685,3.6534400717198747,3.771353323546035,37.93213901233039,bear,hold
2026-05-16,2.251237904711673,2.251237904711673,2.251237904711673,2.251237904711673,111963727.52321257,2.7183074468317665,4.457348152223516,3.634547361536437,3.7508112232915165,32.32997481526911,bear,hold
2026-05-17,2.1747343564171486,2.1747343564171486,2.1747343564171486,2.1747343564171486,86776753.08979002,2.7018899284504276,4.432294556947264,3.614630628978363,3.7295128872526737,29.381213688080933,bear,hold
2026-05-18,2.0840398878655755,2.0840398878655755,2.0840398878655755,2.0840398878655755,63457671.92032246,2.6847471947128896,4.401428204433127,3.5943604995366343,3.707276765639335,26.316775870112863,bear,hold
2026-05-19,2.073329829744809,2.073329829744809,2.073329829744809,2.073329829744809,88519953.81642891,2.6689212480190663,4.374193051548193,3.5741017535080717,3.68519640164076,25.972277769970205,bear,hold
2026-05-20,2.014334755973925,2.014334755973925,2.014334755973925,2.014334755973925,54255979.63277594,2.650548645092773,4.344294531753977,3.5534805636938014,3.66261719021283,24.100761853243952,bear,hold
2026-05-21,2.02932273772591,2.02932273772591,2.02932273772591,2.02932273772591,59916442.29328539,2.6308962762596884,4.315702200591116,3.5336638410820194,3.6405456435576014,25.568181092054303,bear,hold
2026-05-22,2.0761574204806275,2.0761574204806275,2.0761574204806275,2.0761574204806275,61665682.29710451,2.6106195477968113,4.288396271665224,3.513623858136793,3.6194052621646695,30.115021770395927,bear,hold
2026-05-23,2.0170707735745665,2.0170707735745665,2.0170707735745665,2.0170707735745665,72182737.89167781,2.5922561889988005,4.262128047521299,3.4919957880299966,3.5977520933999387,27.807138444803698,bear,hold
2026-05-24,2.0975433601696607,2.0975433601696607,2.0975433601696607,2.0975433601696607,86277617.19853833,2.575616473179699,4.2378611280324705,3.4694152510136167,3.5774790024103407,35.10182222042137,bear,hold
2026-05-25,2.0602663935019887,2.0602663935019887,2.0602663935019887,2.0602663935019887,47499582.0365172,2.556580789278919,4.207658169495195,3.4453813607733563,3.556976129316985,33.41735865751264,bear,hold
2026-05-26,2.0792701771981243,2.0792701771981243,2.0792701771981243,2.0792701771981243,44705717.283270076,2.5380511425757235,4.180090150948068,3.420081070282407,3.537007129964027,35.12652110909808,bear,hold
2026-05-27,2.013019213354262,2.013019213354262,2.013019213354262,2.013019213354262,58098671.546943374,2.5191448678497137,4.1515372944462765,3.395381088415547,3.5164126986584896,32.038817483662015,bear,hold
2026-05-28,1.9503881440554327,1.9503881440554327,1.9503881440554327,1.9503881440554327,60719082.676799685,2.495506277069276,4.1238415854738175,3.371054642369612,3.495250204677367,29.40712386400122,bear,hold
2026-05-29,1.9057512360720994,1.9057512360720994,1.9057512360720994,1.9057512360720994,81668963.94236411,2.4723207595592935,4.094888524858112,3.3464144262828537,3.473770488885404,27.66311423109785,bear,hold
2026-05-30,1.9742108759134718,1.9742108759134718,1.9742108759134718,1.9742108759134718,84811665.3142916,2.450567222662169,4.060520518541492,3.321530143581576,3.453506169791189,34.1166428417788,bear,hold
2026-05-31,1.9978572194277662,1.9978572194277662,1.9978572194277662,1.9978572194277662,59819083.25657988,2.433553699081049,4.031067319962937,3.296920620932887,3.433835238029521,36.232804384273265,bear,hold
2026-06-01,2.014899831720386,2.014899831720386,2.014899831720386,2.014899831720386,47456655.98629543,2.4173296084184783,4.003728359836579,3.2722924798725828,3.4146604352415597,37.783879661970595,bear,hold
2026-06-02,2.0418508101560153,2.0418508101560153,2.0418508101560153,2.0418508101560153,102172359.89149249,2.402255855013296,3.977680946412535,3.2484748800165435,3.396108953821485,40.25864312725979,bear,hold
2026-06-03,1.9474024556510194,1.9474024556510194,1.9474024556510194,1.9474024556510194,115670688.35775305,2.383719072652625,3.9514356530217225,3.2204485040073507,3.3765318389813435,35.00389730257457,bear,hold
2026-06-04,1.9856258962129965,1.9856258962129965,1.9856258962129965,1.9856258962129965,93482456.51282866,2.367249464902045,3.925390143494718,3.1946410327350248,3.3577358127277175,38.50231309637966,bear,hold
2026-06-05,1.8020247937671936,1.8020247937671936,1.8020247937671936,1.8020247937671936,133218634.78352354,2.344319654976133,3.8991028761288242,3.1690120450733805,3.3367126908498728,30.116898411821353,bear,hold
2026-06-06,1.5945446480710397,1.5945446480710397,1.5945446480710397,1.5945446480710397,166159328.54433933,2.3149293251256884,3.87255005740139,3.141692489279971,3.3131698794609696,23.80693142148874,bear,hold
2026-06-07,1.5773754856450712,1.5773754856450712,1.5773754856450712,1.5773754856450712,88226666.98363163,2.285563660062296,3.8447901244099945,3.115026701778216,3.2897131984634576,23.37057291113318,bear,hold
2026-06-08,1.665883830559709,1.665883830559709,1.665883830559709,1.665883830559709,74305277.42675787,2.261298779824269,3.818825335386005,3.0909435730570096,3.2677695583566506,30.447911877132867,bear,hold
2026-06-09,1.6842638398402072,1.6842638398402072,1.6842638398402072,1.6842638398402072,65480447.99291381,2.2390888649440974,3.7939593030529526,3.067009987757572,3.246370832430753,31.855423229917122,bear,hold
2026-06-10,1.6556396734264587,1.6556396734264587,1.6556396734264587,1.6556396734264587,68230482.94569744,2.2147256005154503,3.7709036511690663,3.044018831955091,3.2248744654171815,30.80973667268057,bear,hold
2026-06-11,1.6373587980048518,1.6373587980048518,1.6373587980048518,1.6373587980048518,76148050.38977955,2.190392573243872,3.7476257738124503,3.020173798836981,3.2034215509926907,30.1295017573145,bear,hold
2026-06-12,1.73836459964999,1.73836459964999,1.73836459964999,1.73836459964999,88009304.1248596,2.166887972703672,3.7250113901595125,2.997686248939844,3.1836234840826543,38.24271915619664,bear,hold
2026-06-13,2.1525528122089375,2.1525528122089375,2.1525528122089375,2.1525528122089375,665667915.0720085,2.1525610538046105,3.7039188013773936,2.9780755627386766,3.169690096624901,59.17643419480788,bear,hold
2026-06-14,2.1842347337994252,2.1842347337994252,2.1842347337994252,2.1842347337994252,556814645.5530653,2.13859299454719,3.6836999137848805,2.9581382819270434,3.1563731322623947,60.2853717882295,bear,hold
2026-06-15,2.0714161201758046,2.0714161201758046,2.0714161201758046,2.0714161201758046,232670111.23890117,2.1286084134225605,3.6626121330144623,2.9386724157937243,3.1417115510179814,54.59781957764377,bear,hold
2026-06-16,1.9931900053481777,1.9931900053481777,1.9931900053481777,1.9931900053481777,168003959.4602811,2.116144500888776,3.64186873154193,2.918266334885018,3.126190989590011,51.004640752105004,bear,hold
2026-06-17,1.904040477330831,1.904040477330831,1.904040477330831,1.904040477330831,120359712.22097987,2.1036085782903626,3.621178470387858,2.8972229693633476,3.1096754421270494,47.19282842642621,bear,hold
2026-06-18,1.91465757202216,1.91465757202216,1.91465757202216,1.91465757202216,112683562.98823775,2.0921558145780446,3.600587954078793,2.8766132994791285,3.0935265519904966,47.69418088670801,bear,hold
2026-06-19,1.8884900307712387,1.8884900307712387,1.8884900307712387,1.8884900307712387,78554868.45971912,2.082064921241188,3.579977652551439,2.8571733671496453,3.0772422746767227,46.52185283490728,bear,hold
2026-06-20,1.8534605001414306,1.8534605001414306,1.8534605001414306,1.8534605001414306,61207261.04143649,2.071480593281164,3.560613607141055,2.8381428674663614,3.060704683128949,44.92974032382471,bear,hold
2026-06-21,1.8099036479823913,1.8099036479823913,1.8099036479823913,1.8099036479823913,65231817.34901582,2.0614215906426976,3.5397046747153724,2.8193359535948623,3.0438019664377793,42.96095861176031,bear,hold
2026-06-22,1.8810606214273924,1.8810606214273924,1.8810606214273924,1.8810606214273924,137431835.46520784,2.0518992846965984,3.518764689082784,2.802950511510173,3.028089245559261,47.0434825536098,bear,hold
2026-06-23,1.869645851140984,1.869645851140984,1.869645851140984,1.869645851140984,95960397.93615791,2.042673028397299,3.498480904269411,2.785462071931981,3.0124346050941493,46.4688988617845,bear,hold
2026-06-24,1.7632151091601387,1.7632151091601387,1.7632151091601387,1.7632151091601387,90590415.49061494,2.031627652604117,3.4786295359572774,2.7675972377465596,2.9955532605545003,41.39245473311879,bear,hold
2026-06-25,1.6918922567735342,1.6918922567735342,1.6918922567735342,1.6918922567735342,93327600.79612075,2.017946750528996,3.458492072209856,2.7499222470859155,2.977936219962866,38.36757651835906,bear,hold
2026-06-26,1.6416266931478982,1.6416266931478982,1.6416266931478982,1.6416266931478982,90652803.5336097,2.0033683684731103,3.438428916130328,2.73570408938796,2.9598779831140147,36.3513743246198,bear,hold
2026-06-27,1.7084204227386688,1.7084204227386688,1.7084204227386688,1.7084204227386688,155209336.19878206,1.9899678012465238,3.4185357697101972,2.7209163178125704,2.942966394460294,40.80300567400688,bear,hold
2026-06-28,1.651170486422291,1.651170486422291,1.651170486422291,1.651170486422291,55195670.57195503,1.9734236749847647,3.3971105717727372,2.7078425301809355,2.925509693000321,38.3285667515454,bear,hold
2026-06-29,1.6326995557051098,1.6326995557051098,1.6326995557051098,1.6326995557051098,45486614.48024334,1.9568720332381562,3.376565757960001,2.694745935982016,2.9080392857395747,37.53761549754162,bear,hold
2026-06-30,1.677684538277565,1.677684538277565,1.677684538277565,1.677684538277565,66508198.9248691,1.9406469108022646,3.356510165518131,2.6826909974447353,2.8914128702333315,40.74475182624104,bear,hold
2026-07-01,1.6564299906906539,1.6564299906906539,1.6564299906906539,1.6564299906906539,62967098.55241279,1.9252631355859078,3.3367331968689222,2.6713957378148794,2.8747239124016737,39.70736920562131,bear,hold
2026-07-02,1.6820270681204195,1.6820270681204195,1.6820270681204195,1.6820270681204195,88331587.00513026,1.9100727753640008,3.3173515064668475,2.659695601233626,2.8586063874789542,41.63465254286556,bear,hold
2026-07-03,1.7157808670851884,1.7157808670851884,1.7157808670851884,1.7157808670851884,76414429.32963221,1.897196918550107,3.2988471762687546,2.647754286766007,2.843162799365525,44.16904211029507,bear,hold
2026-07-04,1.78976502771102,1.78976502771102,1.78976502771102,1.78976502771102,87810738.98159325,1.8855426667414648,3.281166183561185,2.6353133278287744,2.8289276943431667,49.35962341773839,bear,hold
2026-07-05,1.8201120785132128,1.8201120785132128,1.8201120785132128,1.8201120785132128,65409853.18039099,1.8769201502174955,3.2637900756162184,2.622129806100052,2.8152950508860055,51.357281610947,bear,hold
2026-07-06,1.7054688722001174,1.7054688722001174,1.7054688722001174,1.7054688722001174,87037043.0051284,1.8675348405331547,3.246627818478984,2.609119505064424,2.8002973998226826,44.2549263495806,bear,hold
2026-07-07,1.6926363348204403,1.6926363348204403,1.6926363348204403,1.6926363348204403,83151949.98712282,1.8597067694722522,3.2300108620439314,2.5967067288837824,2.785329007052382,43.52927058224056,bear,hold
2026-07-08,1.6460965898913384,1.6460965898913384,1.6460965898913384,1.6460965898913384,59315564.90747434,1.851162104675183,3.2124643979339202,2.5830856710751187,2.769933974388044,40.9093521233865,bear,hold
2026-07-09,1.6044042010885193,1.6044042010885193,1.6044042010885193,1.6044042010885193,77112323.5801156,1.8429634935774748,3.195039487816897,2.5700350445099533,2.7541835720461587,38.66426300411939,bear,hold
2026-07-10,1.605047536378622,1.605047536378622,1.605047536378622,1.605047536378622,46365534.2342095,1.834477989550529,3.177722190865939,2.5563839773441854,2.7386547066993,38.72014783895911,bear,hold
2026-07-11,1.613949248243541,1.613949248243541,1.613949248243541,1.613949248243541,43010163.01646744,1.8252338261057872,3.1609299017412713,2.542161822203445,2.7234559842877353,39.54099485013241,bear,hold
2026-07-12,1.5844130787929451,1.5844130787929451,1.5844130787929451,1.5844130787929451,38953850.36035313,1.816580672210155,3.144107530221592,2.5278150629577962,2.7080635125918597,37.73485045754815,bear,hold
2026-07-13,1.5577760259739353,1.5577760259739353,1.5577760259739353,1.5577760259739353,44246349.3548168,1.8057853255262404,3.1273144142314764,2.5153038417622113,2.692519087097023,36.1319273565443,bear,hold
2026-07-14,1.5448502028748605,1.5448502028748605,1.5448502028748605,1.5448502028748605,52723111.88352103,1.7954770017136976,3.1106674877331666,2.502128398625133,2.6770100481210477,35.34726540350127,bear,hold
2026-07-15,1.5585173399386647,1.5585173399386647,1.5585173399386647,1.5585173399386647,50756857.796840236,1.7850619449685083,3.0939789877808948,2.488685710407351,2.6618952817942585,36.90744153882126,bear,hold
2026-07-16,1.5784123130207521,1.5784123130207521,1.5784123130207521,1.5784123130207521,69349481.55847864,1.7763698069618385,3.077055664773261,2.474213978952011,2.647253620054076,39.20723644347097,bear,hold
2026-07-17,1.5450510351744235,1.5450510351744235,1.5450510351744235,1.5450510351744235,57574530.923366316,1.768263064784218,3.0601716299005948,2.4597569042807685,2.6323589905286755,36.78578899243035,bear,hold
2026-07-18,1.5532933627119456,1.5532933627119456,1.5532933627119456,1.5532933627119456,52070564.70698868,1.7612139073170152,3.0433903253454364,2.4458865149825213,2.6177770225852064,37.807756100494586,bear,hold
2026-07-19,1.6257931492370012,1.6257931492370012,1.6257931492370012,1.6257931492370012,163667728.00434205,1.7542455527834857,3.027012784441763,2.4320842937837215,2.604371835107528,46.06713236812099,bear,hold
2026-07-20,1.5653531268073482,1.5653531268073482,1.5653531268073482,1.5653531268073482,75827055.72849652,1.7455954709310775,3.0108212305589235,2.4183421400198486,2.5903310417521204,41.159685108275056,bear,hold
2026-07-21,1.58824528579082,1.58824528579082,1.58824528579082,1.58824528579082,84007238.60952625,1.737062380012486,2.9943536818238154,2.4040604037294337,2.5767893423472383,43.6099539172589,bear,hold
2026-07-22,1.5903054945491852,1.5903054945491852,1.5903054945491852,1.5903054945491852,46410052.386454105,1.7280314737003493,2.977080206353931,2.3905458533615467,2.5634584795391566,43.83662758937721,bear,hold
2026-07-23,1.6090300252464462,1.6090300252464462,1.6090300252464462,1.6090300252464462,53636099.82185583,1.7212640250922577,2.958831263767849,2.377064573577355,2.5505607977243905,45.96269348078623,bear,hold
2026-07-24,1.5988550407367803,1.5988550407367803,1.5988550407367803,1.5988550407367803,74199636.1603692,1.7135286079827337,2.939700483835841,2.3647486733675915,2.53769990911645,44.96655289023286,bear,hold
2026-07-25,1.5609418566775548,1.5609418566775548,1.5609418566775548,1.5609418566775548,46839114.808021285,1.7087069492409406,2.919398638889574,2.3527718037101053,2.524500475975384,41.36881566588505,bear,hold
2026-07-26,1.566255832548602,1.566255832548602,1.566255832548602,1.566255832548602,38757864.52244567,1.708141172930492,2.899874834678743,2.3415943777810426,2.5115512240371847,42.0684466258948,bear,hold
2026-07-27,1.596992910386014,1.596992910386014,1.596992910386014,1.596992910386014,48400262.312717035,1.708533521425311,2.8810793462782414,2.330872237299401,2.4991923279067634,46.07660834053653,bear,hold
2026-07-28,1.5276650425361094,1.5276650425361094,1.5276650425361094,1.5276650425361094,51995226.11811287,1.7057691456648392,2.86194076404983,2.3205060021722788,2.48606358080716,39.447181396113805,bear,hold
2026-07-29,1.468257204596667,1.468257204596667,1.468257204596667,1.468257204596667,69095144.13868421,1.7014490129599682,2.8419919978023516,2.3096610957062302,2.4723094405880994,34.82349445265869,bear,hold
2026-07-30,1.4606556190187037,1.4606556190187037,1.4606556190187037,1.4606556190187037,63564293.097504966,1.6975493318718131,2.8220793239462245,2.299376687500192,2.458638442999324,34.26997692004488,bear,hold
2026-07-31,1.4560308686731664,1.4560308686731664,1.4560308686731664,1.4560308686731664,46493887.77868301,1.6939227732851792,2.8020452803887754,2.288614260675,2.4450896919949168,33.91675945338831,bear,hold
2026-08-01,1.4166662673487342,1.4166662673487342,1.4166662673487342,1.4166662673487342,44773711.5797497,1.6874888066391542,2.782247037775512,2.2714437187138867,2.431192078148347,30.988982896898307,bear,hold
2026-08-02,1.435492116527623,1.435492116527623,1.435492116527623,1.435492116527623,40040696.729742765,1.6731475927255277,2.76006902287346,2.2531231741552977,2.417736673261581,33.926525174923924,bear,hold
2026-08-03,1.4392449006608299,1.4392449006608299,1.4392449006608299,1.4392449006608299,36913277.01474716,1.658247796062756,2.7392718880050704,2.234520322505065,2.404513811469679,34.524834804222436,bear,hold
2026-08-04,1.4705370446407666,1.4705370446407666,1.4705370446407666,1.4705370446407666,54438203.32315423,1.6462302145520553,2.7196741578962875,2.2171522228292573,2.3918925038098293,39.448517375994406,bear,hold
2026-08-05,1.4668280900887494,1.4668280900887494,1.4668280900887494,1.4668280900887494,48566637.19796103,1.6357029762468667,2.69991188605099,2.2012219432705837,2.379391633354139,39.07346130182688,bear,hold
2026-08-06,1.4666785533244486,1.4666785533244486,1.4666785533244486,1.4666785533244486,40351950.02185976,1.6269557377667392,2.6806923501381577,2.1866418304248425,2.367057672813197,39.0573381734949,bear,hold
2026-08-07,1.4782485576540203,1.4782485576540203,1.4782485576540203,1.4782485576540203,46332922.49603101,1.6182275574793763,2.6628959836687844,2.172755320223368,2.3550467388245595,41.083051102682916,bear,hold
2026-08-08,1.476728291601724,1.476728291601724,1.476728291601724,1.476728291601724,49369443.58049297,1.609992322695986,2.6451047962179866,2.159422529265458,2.3431775706188454,40.890718908363276,bear,hold
2026-08-09,1.4880793156690237,1.4880793156690237,1.4880793156690237,1.4880793156690237,38117008.43343299,1.6026846990065378,2.628173185367462,2.1462531371680464,2.3316221887951993,43.035075242022835,bear,hold
2026-08-10,1.485051485164286,1.485051485164286,1.485051485164286,1.485051485164286,41420868.23142046,1.596187655750176,2.6107201256205825,2.133411699071556,2.3201820441515384,42.59121878262052,bear,hold
2026-08-11,1.4816382538541724,1.4816382538541724,1.4816382538541724,1.4816382538541724,39908436.485095635,1.5881992083987115,2.5936952089636076,2.1200460445190155,2.308850371309682,42.06452904911313,bear,hold
2026-08-12,1.478728332581678,1.478728332581678,1.478728332581678,1.478728332581678,56119728.94717752,1.5803808580275251,2.5765986062246538,2.1065160605660354,2.2976325059214657,41.5923051340519,bear,hold
2026-08-13,1.4078944772756872,1.4078944772756872,1.4078944772756872,1.4078944772756872,53527995.455920205,1.573274445389836,2.558760808373892,2.0927022420908155,2.285609019047874,32.13521580492974,bear,hold
2026-08-14,1.3953643541350917,1.3953643541350917,1.3953643541350917,1.3953643541350917,48002529.7630586,1.5673438873370673,2.5417544432503654,2.0796632677921747,2.273578685738242,30.801051885736058,bear,hold
2026-08-15,1.4309648531453878,1.4309648531453878,1.4309648531453878,1.4309648531453878,52901881.58255086,1.563130650537017,2.524659060853257,2.068487229061184,2.2621920123248254,38.6007288543225,bear,hold
2026-08-16,1.4041889394680422,1.4041889394680422,1.4041889394680422,1.4041889394680422,31118316.108632445,1.5570460208716046,2.5074294472987733,2.0575087459520804,2.250597376205139,35.37146815665666,bear,hold
2026-08-17,1.3993477576531588,1.3993477576531588,1.3993477576531588,1.3993477576531588,38944553.59963442,1.5520095662962219,2.4904261293079752,2.047042464475061,2.2390940029814637,34.804530686660755,bear,hold
2026-08-18,1.396195311136153,1.396195311136153,1.396195311136153,1.396195311136153,34163947.8561487,1.5472794814048427,2.4743567030791613,2.0360655388239715,2.2277034801186892,34.41767884375393,bear,hold
2026-08-19,1.4073977924161145,1.4073977924161145,1.4073977924161145,1.4073977924161145,45079786.514656834,1.541873746487614,2.458805039762236,2.0246045146313714,2.2166182681227085,37.093491196969694,bear,hold
2026-08-20,1.7847670513016458,1.7847670513016458,1.7847670513016458,1.7847670513016458,219947725.61374867,1.5444404876998337,2.445514517068783,2.01528146611478,2.21078244086837,74.63601043820815,bear,hold
2026-08-21,1.647882848510133,1.647882848510133,1.647882848510133,1.647882848510133,275735716.1619291,1.5437576033076281,2.432878818744914,2.006086067079316,2.2031756896202856,60.52563211828324,bear,hold
2026-08-22,1.868634931763229,1.868634931763229,1.868634931763229,1.868634931763229,309970191.8211699,1.5468146846011888,2.420631856443291,1.9985082512267338,2.1986548685681635,70.2829778280176,bear,hold
2026-08-23,2.395381100926057,2.395381100926057,2.395381100926057,2.395381100926057,2290031227.3153625,1.5589270060654894,2.411287302472326,1.9941034691723412,2.2013133311675945,81.826467502125,bear,hold
2026-08-24,2.6205536232276336,2.6205536232276336,2.6205536232276336,2.6205536232276336,1138256096.0443816,1.5749358369597781,2.4035581158421455,1.9913520485356966,2.2069787405197574,84.58336226314954,bear,hold
2026-08-25,2.391798202902324,2.391798202902324,2.391798202902324,2.391798202902324,576800656.4874452,1.5886624235738223,2.397356263002349,1.9873053717731795,2.209476300822225,72.54353550289764,bear,hold
2026-08-26,2.173028259457003,2.173028259457003,2.173028259457003,2.173028259457003,296831405.37297446,1.5982702620665532,2.3893278620831677,1.9804533044616055,2.208983759722695,63.268347355882135,bear,hold
2026-08-27,2.3259519873263486,2.3259519873263486,2.3259519873263486,2.3259519873263486,329977811.6779712,1.6118673700152533,2.383550118245543,1.9751741964312848,2.210564411447069,66.49332866071458,bear,hold
2026-08-28,2.548039168769959,2.548039168769959,2.548039168769959,2.548039168769959,699054111.7349025,1.6307400693688823,2.3789592003716242,1.9715038496312867,2.2151248811406217,70.53881093976082,bear,hold
2026-08-29,2.7384972947189468,2.7384972947189468,2.7384972947189468,2.7384972947189468,1139759033.1091914,1.6534090645356887,2.3758248071777346,1.9707178774615381,2.2221974813241125,73.49435900395727,bear,hold
2026-08-30,2.677116933001818,2.677116933001818,2.677116933001818,2.677116933001818,657193176.993752,1.6746724182308543,2.3730215601483913,1.9696536815197732,2.2283450414819197,71.02153927999794,bear,hold
2026-08-31,2.3437606434083516,2.3437606434083516,2.3437606434083516,2.3437606434083516,389327986.9236688,1.6898593695231623,2.3681401324179534,1.9664266969697248,2.229904711778223,59.343374888712596,bear,hold
2026-09-01,2.423695739884047,2.423695739884047,2.423695739884047,2.423695739884047,251191847.09839624,1.7071777638013645,2.363320786654614,1.9632085124425782,2.2325235094553286,60.99940880599384,bear,hold
2026-09-02,2.270364011114011,2.270364011114011,2.270364011114011,2.270364011114011,212886097.5842694,1.7216880399661476,2.3570151103155665,1.959360353352378,2.2330348675858516,56.26510375037791,bear,hold
2026-09-03,2.2144600971362185,2.2144600971362185,2.2144600971362185,2.2144600971362185,236890671.68830398,1.7348068951100988,2.349758385198576,1.954117101974331,2.23278385717437,54.60120198744548,bear,hold
2026-09-04,2.3892307661367003,2.3892307661367003,2.3892307661367003,2.3892307661367003,490859647.02155,1.751023264172418,2.344069983943319,1.949296885013927,2.23489800459278,58.711976611403266,bear,hold
2026-09-05,2.3041209692155986,2.3041209692155986,2.3041209692155986,2.3041209692155986,334134332.325977,1.7662046628532415,2.338438463788846,1.944000186659648,2.2358334500606563,56.05031372390054,bear,hold
2026-09-06,2.3721022642072893,2.3721022642072893,2.3721022642072893,2.3721022642072893,270161811.34444594,1.782580840883148,2.332533751694361,1.9403785753864067,2.2376749205220974,57.69985345978424,bear,hold
2026-09-07,2.335458597315549,2.335458597315549,2.335458597315549,2.335458597315549,172034787.6638534,1.7967741498447192,2.3270535850798804,1.9370978540540267,2.2389963215598465,56.46954095989403,bear,hold
2026-09-08,2.303545406739723,2.303545406739723,2.303545406739723,2.303545406739723,203569563.34116596,1.8115379954433664,2.3209903274156485,1.9330245862817472,2.23986860649471,55.3623782574707,bear,hold
2026-09-09,2.22656404991446,2.22656404991446,2.22656404991446,2.22656404991446,181177435.92420703,1.824304370725839,2.314097892825485,1.9285428283412525,2.2396888151895715,52.67927728336045,bear,hold
2026-09-10,2.0297958052264025,2.0297958052264025,2.0297958052264025,2.0297958052264025,226507621.25758475,1.8330941769393838,2.306282074985698,1.9222299796167266,2.2368524231630422,46.47872192371844,bear,hold
2026-09-10,1.9526351361477994,1.9526351361477994,1.9526351361477994,1.9526351361477994,189557384.7817781,1.8399662791574107,2.299498515699658,1.915685239466625,2.2330116490141876,44.27781044887231,bear,hold
