date,value
2022-07-12,-0.1909
2022-07-13,-0.1342
2022-07-14,-0.1053
2022-07-15,-0.0803
2022-07-16,-0.055
2022-07-17,-0.0803
2022-07-18,0.022
2022-07-19,0.0976
2022-07-20,0.0908
2022-07-21,0.0846
2022-07-22,0.0565
2022-07-23,0.0422
2022-07-24,0.0542
2022-07-25,-0.0231
2022-07-26,-0.0447
2022-07-27,0.0736
2022-07-28,0.1381
2022-07-29,0.1459
2022-07-30,0.1232
2022-07-31,0.1051
2022-08-01,0.1033
2022-08-02,0.0832
2022-08-03,0.0682
2022-08-04,0.0569
2022-08-05,0.0999
2022-08-06,0.0824
2022-08-07,0.0933
2022-08-08,0.1382
2022-08-09,0.0974
2022-08-10,0.1475
2022-08-11,0.1486
2022-08-12,0.1801
2022-08-13,0.1823
2022-08-14,0.1746
2022-08-15,0.1592
2022-08-16,0.1444
2022-08-17,0.1083
2022-08-18,0.1006
2022-08-19,-0.057
2022-08-20,-0.04
2022-08-21,-0.0117
2022-08-22,-0.0283
2022-08-23,-0.0116
2022-08-24,-0.0186
2022-08-25,-0.0067
2022-08-26,-0.0986
2022-08-27,-0.1118
2022-08-28,-0.1374
2022-08-29,-0.0959
2022-08-30,-0.1249
2022-08-31,-0.1104
2022-09-01,-0.1039
2022-09-02,-0.1136
2022-09-03,-0.1234
2022-09-04,-0.1126
2022-09-05,-0.1236
2022-09-06,-0.1876
2022-09-07,-0.1559
2022-09-08,-0.1533
2022-09-09,-0.012
2022-09-10,0.0124
2022-09-11,0.0139
2022-09-12,0.0576
2022-09-13,-0.0906
2022-09-14,-0.0834
2022-09-15,-0.1196
2022-09-16,-0.116
2022-09-17,-0.0895
2022-09-18,-0.1372
2022-09-19,-0.1271
2022-09-20,-0.1736
2022-09-21,-0.1978
2022-09-22,-0.1346
2022-09-23,-0.1403
2022-09-24,-0.1681
2022-09-25,-0.1768
2022-09-26,-0.1482
2022-09-27,-0.1537
2022-09-28,-0.1285
2022-09-29,-0.1219
2022-09-30,-0.1282
2022-10-01,-0.1366
2022-10-02,-0.1569
2022-10-03,-0.1138
2022-10-04,-0.0644
2022-10-05,-0.0769
2022-10-06,-0.0906
2022-10-07,-0.1186
2022-10-08,-0.1265
2022-10-09,-0.1255
2022-10-10,-0.144
2022-10-11,-0.1515
2022-10-12,-0.1417
2022-10-13,-0.1253
2022-10-14,-0.1394
2022-10-15,-0.1468
2022-10-16,-0.1332
2022-10-17,-0.1113
2022-10-18,-0.1271
2022-10-19,-0.1409
2022-10-20,-0.1474
2022-10-21,-0.1371
2022-10-22,-0.1339
2022-10-23,-0.1089
2022-10-24,-0.1243
2022-10-25,-0.0721
2022-10-26,-0.0237
2022-10-27,-0.0596
2022-10-28,-0.0369
2022-10-29,-0.023
2022-10-30,-0.0357
2022-10-31,-0.0442
2022-11-01,-0.0442
2022-11-02,-0.0672
2022-11-03,-0.0635
2022-11-04,0.0015
2022-11-05,0.0105
2022-11-06,-0.0127
2022-11-07,-0.0353
2022-11-08,-0.1755
2022-11-09,-0.3599
2022-11-10,-0.234
2022-11-11,-0.2753
2022-11-12,-0.2819
2022-11-13,-0.3124
2022-11-14,-0.2886
2022-11-15,-0.2703
2022-11-16,-0.2807
2022-11-17,-0.2736
2022-11-18,-0.2588
2022-11-19,-0.2557
2022-11-20,-0.2861
2022-11-21,-0.3163
2022-11-22,-0.2868
2022-11-23,-0.2594
2022-11-24,-0.258
2022-11-25,-0.2612
2022-11-26,-0.2657
2022-11-27,-0.2729
2022-11-28,-0.2801
2022-11-29,-0.2633
2022-11-30,-0.2113
2022-12-01,-0.2258
2022-12-02,-0.2169
2022-12-03,-0.2289
2022-12-04,-0.2126
2022-12-05,-0.2189
2022-12-06,-0.2108
2022-12-07,-0.2261
2022-12-08,-0.1987
2022-12-09,-0.2041
2022-12-10,-0.2049
2022-12-11,-0.2066
2022-12-12,-0.199
2022-12-13,-0.1579
2022-12-14,-0.1543
2022-12-15,-0.1865
2022-12-16,-0.2374
2022-12-17,-0.2252
2022-12-18,-0.2248
2022-12-19,-0.2474
2022-12-20,-0.2136
2022-12-21,-0.2197
2022-12-22,-0.2183
2022-12-23,-0.22
2022-12-24,-0.2158
2022-12-25,-0.216
2022-12-26,-0.2119
2022-12-27,-0.2239
2022-12-28,-0.2333
2022-12-29,-0.2254
2022-12-30,-0.2275
2022-12-31,-0.2295
2023-01-01,-0.2235
2023-01-02,-0.2176
2023-01-03,-0.2183
2023-01-04,-0.205
2023-01-05,-0.2062
2023-01-06,-0.1961
2023-01-07,-0.1923
2023-01-08,-0.1885
2023-01-09,-0.1797
2023-01-10,-0.1613
2023-01-11,-0.1321
2023-01-12,-0.0599
2023-01-13,0.0094
2023-01-14,0.089
2023-01-15,0.0793
2023-01-16,0.1002
2023-01-17,0.0994
2023-01-18,0.0666
2023-01-19,0.0924
2023-01-20,0.203
2023-01-21,0.2044
2023-01-22,0.2059
2023-01-23,0.2019
2023-01-24,0.198
2023-01-25,0.2324
2023-01-26,0.2261
2023-01-27,0.2313
2023-01-28,0.2268
2023-01-29,0.2803
2023-01-30,0.2115
2023-01-31,0.2343
2023-02-01,0.2747
2023-02-02,0.2587
2023-02-03,0.2541
2023-02-04,0.2472
2023-02-05,0.2192
2023-02-06,0.2041
2023-02-07,0.2406
2023-02-08,0.2173
2023-02-09,0.1388
2023-02-10,0.1253
2023-02-11,0.1426
2023-02-12,0.1362
2023-02-13,0.1382
2023-02-14,0.168
2023-02-15,0.3137
2023-02-16,0.2736
2023-02-17,0.3338
2023-02-18,0.3357
2023-02-19,0.3165
2023-02-20,0.3465
2023-02-21,0.3183
2023-02-22,0.3019
2023-02-23,0.2838
2023-02-24,0.2324
2023-02-25,0.2453
2023-02-26,0.2583
2023-02-27,0.245
2023-02-28,0.2317
2023-03-01,0.265
2023-03-02,0.2552
2023-03-03,0.1767
2023-03-04,0.1756
2023-03-05,0.1825
2023-03-06,0.1825
2023-03-07,0.1704
2023-03-08,0.1375
2023-03-09,0.0434
2023-03-10,0.105
2023-03-11,0.1666
2023-03-12,0.2282
2023-03-13,0.2898
2023-03-14,0.3514
2023-03-15,0.4129
2023-03-16,0.4745
2023-03-17,0.536
2023-03-18,0.5028
2023-03-19,0.5864
2023-03-20,0.5604
2023-03-21,0.5829
2023-03-22,0.5236
2023-03-23,0.5952
2023-03-24,0.5295
2023-03-25,0.5213
2023-03-26,0.5131
2023-03-27,0.5049
2023-03-28,0.5135
2023-03-29,0.5903
2023-03-30,0.586
2023-03-31,0.6192
2023-04-01,0.6172
2023-04-02,0.5935
2023-04-03,0.5711
2023-04-04,0.5892
2023-04-05,0.5847
2023-04-06,0.5801
2023-04-07,0.5755
2023-04-08,0.5773
2023-04-09,0.6296
2023-04-10,0.6819
2023-04-11,0.7342
2023-04-12,0.7381
2023-04-13,0.7421
2023-04-14,0.746
2023-04-15,0.722
2023-04-16,0.698
2023-04-17,0.6741
2023-04-18,0.6501
2023-04-19,0.6262
2023-04-20,0.5731
2023-04-21,0.5201
2023-04-22,0.5576
2023-04-23,0.5416
2023-04-24,0.5661
2023-04-25,0.5904
2023-04-26,0.5956
2023-04-27,0.6711
2023-04-28,0.6619
2023-04-29,0.6526
2023-04-30,0.6623
2023-05-01,0.5746
2023-05-02,0.6147
2023-05-03,0.6372
2023-05-04,0.6547
2023-05-05,0.6722
2023-05-06,0.6268
2023-05-07,0.5814
2023-05-08,0.5361
2023-05-09,0.5303
2023-05-10,0.5307
2023-05-11,0.4845
2023-05-12,0.4694
2023-05-13,0.4742
2023-05-14,0.4795
2023-05-15,0.5
2023-05-16,0.485
2023-05-17,0.4786
2023-05-18,0.4722
2023-05-19,0.4757
2023-05-20,0.4904
2023-05-21,0.4676
2023-05-22,0.4714
2023-05-23,0.497
2023-05-24,0.4349
2023-05-25,0.444
2023-05-26,0.4606
2023-05-27,0.47
2023-05-28,0.5569
2023-05-29,0.5332
2023-05-30,0.5289
2023-05-31,0.494
2023-06-01,0.4662
2023-06-02,0.4961
2023-06-03,0.4927
2023-06-04,0.4892
2023-06-05,0.3933
2023-06-06,0.4929
2023-06-07,0.4316
2023-06-08,0.4443
2023-06-09,0.4407
2023-06-10,0.3983
2023-06-11,0.4015
2023-06-12,0.4018
2023-06-13,0.4001
2023-06-14,0.3452
2023-06-15,0.3779
2023-06-16,0.432
2023-06-17,0.4449
2023-06-18,0.4332
2023-06-19,0.4636
2023-06-20,0.5705
2023-06-21,0.6269
2023-06-22,0.6832
2023-06-23,0.7298
2023-06-24,0.7227
2023-06-25,0.7164
2023-06-26,0.7007
2023-06-27,0.6939
2023-06-28,0.687
2023-06-29,0.7119
2023-06-30,0.7124
2023-07-01,0.7171
2023-07-02,0.7176
2023-07-03,0.7547
2023-07-04,0.7307
2023-07-05,0.7091
2023-07-06,0.6744
2023-07-07,0.6986
2023-07-08,0.6937
2023-07-09,0.6864
2023-07-10,0.7021
2023-07-11,0.7168
2023-07-12,0.7001
2023-07-13,0.7731
2023-07-14,0.6941
2023-07-15,0.6925
2023-07-16,0.6894
2023-07-17,0.6823
2023-07-18,0.6601
2023-07-19,0.6586
2023-07-20,0.6571
2023-07-21,0.6653
2023-07-22,0.6574
2023-07-23,0.6495
2023-07-24,0.6416
2023-07-25,0.6338
2023-07-26,0.6259
2023-07-27,0.616
2023-07-28,0.6289
2023-07-29,0.6318
2023-07-30,0.6269
2023-07-31,0.6221
2023-08-01,0.6414
2023-08-02,0.6169
2023-08-03,0.6203
2023-08-04,0.6107
2023-08-05,0.6103
2023-08-06,0.6098
2023-08-07,0.6179
2023-08-08,0.6607
2023-08-09,0.6466
2023-08-10,0.6358
2023-08-11,0.6334
2023-08-12,0.6342
2023-08-13,0.625
2023-08-14,0.6333
2023-08-15,0.6163
2023-08-16,0.5875
2023-08-17,0.4419
2023-08-18,0.3993
2023-08-19,0.4034
2023-08-20,0.4042
2023-08-21,0.4051
2023-08-22,0.406
2023-08-23,0.4068
2023-08-24,0.4077
2023-08-25,0.4022
2023-08-26,0.3999
2023-08-27,0.4053
2023-08-28,0.4068
2023-08-29,0.5169
2023-08-30,0.4908
2023-08-31,0.3972
2023-09-01,0.387
2023-09-02,0.3916
2023-09-03,0.3984
2023-09-04,0.3871
2023-09-05,0.3863
2023-09-06,0.3846
2023-09-07,0.4166
2023-09-08,0.3953
2023-09-09,0.3948
2023-09-10,0.3904
2023-09-11,0.3422
2023-09-12,0.3931
2023-09-13,0.4188
2023-09-14,0.4414
2023-09-15,0.4493
2023-09-16,0.4411
2023-09-17,0.4373
2023-09-18,0.4553
2023-09-19,0.4857
2023-09-20,0.4801
2023-09-21,0.4409
2023-09-22,0.4416
2023-09-23,0.4412
2023-09-24,0.421
2023-09-25,0.4212
2023-09-26,0.4147
2023-09-27,0.4247
2023-09-28,0.4733
2023-09-29,0.4645
2023-09-30,0.469
2023-10-01,0.5368
2023-10-02,0.5099
2023-10-03,0.5008
2023-10-04,0.5253
2023-10-05,0.4995
2023-10-06,0.535
2023-10-07,0.5367
2023-10-08,0.5341
2023-10-09,0.5094
2023-10-10,0.4974
2023-10-11,0.4561
2023-10-12,0.4502
2023-10-13,0.4574
2023-10-14,0.4581
2023-10-15,0.4768
2023-10-16,0.5723
2023-10-17,0.5669
2023-10-18,0.5592
2023-10-19,0.5848
2023-10-20,0.6547
2023-10-21,0.6695
2023-10-22,0.6735
2023-10-23,0.8778
2023-10-24,0.9387
2023-10-25,0.979
2023-10-26,0.9548
2023-10-27,0.9338
2023-10-28,0.9465
2023-10-29,0.9794
2023-10-30,0.9724
2023-10-31,0.9808
2023-11-01,1.0336
2023-11-02,0.9938
2023-11-03,0.9801
2023-11-04,1.0061
2023-11-05,1.0064
2023-11-06,0.9992
2023-11-07,1.0256
2023-11-08,1.0506
2023-11-09,1.1079
2023-11-10,1.1539
2023-11-11,1.126
2023-11-12,1.1303
2023-11-13,1.0938
2023-11-14,1.027
2023-11-15,1.1812
2023-11-16,1.0633
2023-11-17,1.0908
2023-11-18,1.0907
2023-11-19,1.15
2023-11-20,1.1533
2023-11-21,1.0487
2023-11-22,1.1419
2023-11-23,1.1346
2023-11-24,1.1617
2023-11-25,1.1666
2023-11-26,1.1437
2023-11-27,1.1254
2023-11-28,1.1656
2023-11-29,1.1648
2023-11-30,1.155
2023-12-01,1.2212
2023-12-02,1.2725
2023-12-03,1.3069
2023-12-04,1.4355
2023-12-05,1.5806
2023-12-06,1.5532
2023-12-07,1.5182
2023-12-08,1.5787
2023-12-09,1.5449
2023-12-10,1.5429
2023-12-11,1.367
2023-12-12,1.3812
2023-12-13,1.4807
2023-12-14,1.4853
2023-12-15,1.4099
2023-12-16,1.4238
2023-12-17,1.3696
2023-12-18,1.4499
2023-12-19,1.4228
2023-12-20,1.5116
2023-12-21,1.5278
2023-12-22,1.5348
2023-12-23,1.5166
2023-12-24,1.4682
2023-12-25,1.5031
2023-12-26,1.4226
2023-12-27,1.4822
2023-12-28,1.4279
2023-12-29,1.3795
2023-12-30,1.3922
2023-12-31,1.3918
2024-01-01,1.5158
2024-01-02,1.5736
2024-01-03,1.4229
2024-01-04,1.5104
2024-01-05,1.5005
2024-01-06,1.4835
2024-01-07,1.4773
2024-01-08,1.6882
2024-01-09,1.6231
2024-01-10,1.6699
2024-01-11,1.6367
2024-01-12,1.3938
2024-01-13,1.395
2024-01-14,1.3289
2024-01-15,1.3715
2024-01-16,1.4073
2024-01-17,1.3732
2024-01-18,1.2728
2024-01-19,1.2947
2024-01-20,1.2983
2024-01-21,1.2887
2024-01-22,1.1555
2024-01-23,1.1652
2024-01-24,1.1866
2024-01-25,1.1726
2024-01-26,1.3027
2024-01-27,1.3196
2024-01-28,1.3092
2024-01-29,1.391
2024-01-30,1.369
2024-01-31,1.3417
2024-02-01,1.3696
2024-02-02,1.3774
2024-02-03,1.3649
2024-02-04,1.3366
2024-02-05,1.3382
2024-02-06,1.3683
2024-02-07,1.4439
2024-02-08,1.5142
2024-02-09,1.6355
2024-02-10,1.6748
2024-02-11,1.7002
2024-02-12,1.8158
2024-02-13,1.788
2024-02-14,1.9273
2024-02-15,1.9297
2024-02-16,1.9405
2024-02-17,1.9056
2024-02-18,1.9347
2024-02-19,1.9055
2024-02-20,1.9361
2024-02-21,1.8947
2024-02-22,1.8604
2024-02-23,1.8227
2024-02-24,1.8733
2024-02-25,1.8825
2024-02-26,2.064
2024-02-27,2.2208
2024-02-28,2.5545
2024-02-29,2.4735
2024-03-01,2.5348
2024-03-02,2.499
2024-03-03,2.5564
2024-03-04,2.879
2024-03-05,2.5894
2024-03-06,2.7037
2024-03-07,2.7516
2024-03-08,2.8215
2024-03-09,2.8247
2024-03-10,2.8421
2024-03-11,3.0402
2024-03-12,2.9767
2024-03-13,3.0497
2024-03-14,2.9348
2024-03-15,2.7909
2024-03-16,2.5262
2024-03-17,2.7037
2024-03-18,2.6639
2024-03-19,2.286
2024-03-20,2.6601
2024-03-21,2.4989
2024-03-22,2.3649
2024-03-23,2.4009
2024-03-24,2.5853
2024-03-25,2.7404
2024-03-26,2.7363
2024-03-27,2.6784
2024-03-28,2.7673
2024-03-29,2.7031
2024-03-30,2.682
2024-03-31,2.7769
2024-04-01,2.6711
2024-04-02,2.3906
2024-04-03,2.4234
2024-04-04,2.5656
2024-04-05,2.5273
2024-04-06,2.6003
2024-04-07,2.6122
2024-04-08,2.7519
2024-04-09,2.5798
2024-04-10,2.6694
2024-04-11,2.6307
2024-04-12,2.4408
2024-04-13,2.2779
2024-04-14,2.3435
2024-04-15,2.1992
2024-04-16,2.2194
2024-04-17,2.0634
2024-04-18,2.1963
2024-04-19,2.2076
2024-04-20,2.2766
2024-04-21,2.2774
2024-04-22,2.3963
2024-04-23,2.3577
2024-04-24,2.2105
2024-04-25,2.2277
2024-04-26,2.1792
2024-04-27,2.1546
2024-04-28,2.123
2024-04-29,2.1772
2024-04-30,1.972
2024-05-01,1.8175
2024-05-02,1.88
2024-05-03,2.1125
2024-05-04,2.1652
2024-05-05,2.1743
2024-05-06,2.1193
2024-05-07,2.0659
2024-05-08,1.9819
2024-05-09,2.0971
2024-05-10,1.9662
2024-05-11,1.9608
2024-05-12,1.9944
2024-05-13,2.0806
2024-05-14,1.9964
2024-05-15,2.2773
2024-05-16,2.2114
2024-05-17,2.3098
2024-05-18,2.308
2024-05-19,2.2611
2024-05-20,2.5551
2024-05-21,2.4885
2024-05-22,2.4141
2024-05-23,2.3298
2024-05-24,2.3771
2024-05-25,2.4145
2024-05-26,2.36
2024-05-27,2.4096
2024-05-28,2.3156
2024-05-29,2.2665
2024-05-30,2.3107
2024-05-31,2.2474
2024-06-01,2.2647
2024-06-02,2.2671
2024-06-03,2.3231
2024-06-04,2.4207
2024-06-05,2.447
2024-06-06,2.4214
2024-06-07,2.3303
2024-06-08,2.3253
2024-06-09,2.342
2024-06-10,2.3277
2024-06-11,2.1967
2024-06-12,2.2431
2024-06-13,2.1556
2024-06-14,2.1055
2024-06-15,2.1159
2024-06-16,2.1382
2024-06-17,2.1271
2024-06-18,2.0441
2024-06-19,2.0277
2024-06-20,2.0268
2024-06-21,1.976
2024-06-22,1.9792
2024-06-23,1.9239
2024-06-24,1.7426
2024-06-25,1.828
2024-06-26,1.7713
2024-06-27,1.812
2024-06-28,1.7365
2024-06-29,1.7693
2024-06-30,1.877
2024-07-01,1.8785
2024-07-02,1.8301
2024-07-03,1.7214
2024-07-04,1.5583
2024-07-05,1.5145
2024-07-06,1.603
2024-07-07,1.477
2024-07-08,1.5113
2024-07-09,1.5842
2024-07-10,1.5674
2024-07-11,1.5426
2024-07-12,1.5732
2024-07-13,1.6567
2024-07-14,1.7527
2024-07-15,1.9633
2024-07-16,1.9804
2024-07-17,1.9251
2024-07-18,1.9093
2024-07-19,2.0631
2024-07-20,2.0852
2024-07-21,2.1325
2024-07-22,2.0989
2024-07-23,1.9987
2024-07-24,1.9642
2024-07-25,1.9823
2024-07-26,2.1039
2024-07-27,2.11
2024-07-28,2.1128
2024-07-29,2.0347
2024-07-30,1.9931
2024-07-31,1.906
2024-08-01,1.9305
2024-08-02,1.7207
2024-08-03,1.6726
2024-08-04,1.5362
2024-08-05,1.3136
2024-08-06,1.4113
2024-08-07,1.3585
2024-08-08,1.7407
2024-08-09,1.6707
2024-08-10,1.6758
2024-08-11,1.5595
2024-08-12,1.59
2024-08-13,1.6538
2024-08-14,1.5576
2024-08-15,1.4892
2024-08-16,1.561
2024-08-17,1.5876
2024-08-18,1.5513
2024-08-19,1.5851
2024-08-20,1.5681
2024-08-21,1.6797
2024-08-22,1.6364
2024-08-23,1.842
2024-08-24,1.8349
2024-08-25,1.8598
2024-08-26,1.7727
2024-08-27,1.581
2024-08-28,1.5531
2024-08-29,1.5656
2024-08-30,1.5536
2024-08-31,1.542
2024-09-01,1.4511
2024-09-02,1.5516
2024-09-03,1.4663
2024-09-04,1.4873
2024-09-05,1.38
2024-09-06,1.2531
2024-09-07,1.2655
2024-09-08,1.3094
2024-09-09,1.4344
2024-09-10,1.4633
2024-09-11,1.4483
2024-09-12,1.4869
2024-09-13,1.6177
2024-09-14,1.5869
2024-09-15,1.537
2024-09-16,1.4856
2024-09-17,1.5955
2024-09-18,1.6523
2024-09-19,1.7429
2024-09-20,1.7478
2024-09-21,1.7579
2024-09-22,1.7675
2024-09-23,1.7511
2024-09-24,1.8043
2024-09-25,1.7302
2024-09-26,1.8373
2024-09-27,1.8734
2024-09-28,1.871
2024-09-29,1.8607
2024-09-30,1.7294
2024-10-01,1.5966
2024-10-02,1.5864
2024-10-03,1.59
2024-10-04,1.6587
2024-10-05,1.6562
2024-10-06,1.6963
2024-10-07,1.6742
2024-10-08,1.6421
2024-10-09,1.5585
2024-10-10,1.5367
2024-10-11,1.6529
2024-10-12,1.6917
2024-10-13,1.6657
2024-10-14,1.8443
2024-10-15,1.8845
2024-10-16,1.9206
2024-10-17,1.8996
2024-10-18,1.9536
2024-10-19,1.949
2024-10-20,1.9789
2024-10-21,1.8872
2024-10-22,1.8836
2024-10-23,1.8391
2024-10-24,1.9168
2024-10-25,1.8132
2024-10-26,1.8527
2024-10-27,1.9035
2024-10-28,2.0003
2024-10-29,2.1454
2024-10-30,2.1287
2024-10-31,2.0133
2024-11-01,1.9624
2024-11-02,1.947
2024-11-03,1.9183
2024-11-04,1.8634
2024-11-05,1.9551
2024-11-06,2.2738
2024-11-07,2.282
2024-11-08,2.304
2024-11-09,2.316
2024-11-10,2.5017
2024-11-11,2.9345
2024-11-12,2.8754
2024-11-13,2.9819
2024-11-14,2.7983
2024-11-15,2.9934
2024-11-16,2.9558
2024-11-17,2.9055
2024-11-18,2.9408
2024-11-19,3.0114
2024-11-20,3.0961
2024-11-21,3.2923
2024-11-22,3.2932
2024-11-23,3.2153
2024-11-24,3.2198
2024-11-25,2.9676
2024-11-26,2.8814
2024-11-27,3.0842
2024-11-28,3.0613
2024-11-29,3.1366
2024-11-30,3.0813
2024-12-01,3.1258
2024-12-02,3.0247
2024-12-03,3.0279
2024-12-04,3.1638
2024-12-05,3.0403
2024-12-06,3.1726
2024-12-07,3.166
2024-12-08,3.2001
2024-12-09,3.0066
2024-12-10,2.9659
2024-12-11,3.1791
2024-12-12,3.1086
2024-12-13,3.1586
2024-12-14,3.1548
2024-12-15,3.3056
2024-12-16,3.3543
2024-12-17,3.35
2024-12-18,3.0559
2024-12-19,2.9001
2024-12-20,2.8847
2024-12-21,2.8532
2024-12-22,2.7452
2024-12-23,2.7127
2024-12-24,2.8919
2024-12-25,2.9157
2024-12-26,2.7307
2024-12-27,2.6539
2024-12-28,2.6937
2024-12-29,2.6055
2024-12-30,2.55
2024-12-31,2.585
2025-01-01,2.6306
2025-01-02,2.7414
2025-01-03,2.7974
2025-01-04,2.7973
2025-01-05,2.8012
2025-01-06,2.9761
2025-01-07,2.7144
2025-01-08,2.6153
2025-01-09,2.4812
2025-01-10,2.5932
2025-01-11,2.5816
2025-01-12,2.5652
2025-01-13,2.5618
2025-01-14,2.6618
2025-01-15,2.8271
2025-01-16,2.8084
2025-01-17,3.0061
2025-01-18,3.003
2025-01-19,2.8319
2025-01-20,2.9018
2025-01-21,3.0535
2025-01-22,2.9375
2025-01-23,2.9409
2025-01-24,2.959
2025-01-25,2.9599
2025-01-26,2.8582
2025-01-27,2.8074
2025-01-28,2.7651
2025-01-29,2.8901
2025-01-30,2.9328
2025-01-31,2.7991
2025-02-01,2.7169
2025-02-02,2.5638
2025-02-03,2.7512
2025-02-04,2.5696
2025-02-05,2.5024
2025-02-06,2.4958
2025-02-07,2.4846
2025-02-08,2.4908
2025-02-09,2.4708
2025-02-10,2.516
2025-02-11,2.4385
2025-02-12,2.5243
2025-02-13,2.4642
2025-02-14,2.5005
2025-02-15,2.5041
2025-02-16,2.4364
2025-02-17,2.4151
2025-02-18,2.3955
2025-02-19,2.4469
2025-02-20,2.5223
2025-02-21,2.4115
2025-02-22,2.4328
2025-02-23,2.406
2025-02-24,2.2108
2025-02-25,2.0675
2025-02-26,1.8503
2025-02-27,1.8772
2025-02-28,1.8587
2025-03-01,1.9298
2025-03-02,2.3097
2025-03-03,1.9457
2025-03-04,1.9892
2025-03-05,2.1342
2025-03-06,2.1124
2025-03-07,1.9453
2025-03-08,1.9262
2025-03-09,1.6765
2025-03-10,1.6022
2025-03-11,1.7679
2025-03-12,1.8048
2025-03-13,1.6906
2025-03-14,1.8227
2025-03-15,1.8321
2025-03-16,1.7472
2025-03-17,1.814
2025-03-18,1.7528
2025-03-19,1.9328
2025-03-20,1.8122
2025-03-21,1.8079
2025-03-22,1.7953
2025-03-23,1.8799
2025-03-24,1.9466
2025-03-25,1.9489
2025-03-26,1.9205
2025-03-27,1.9351
2025-03-28,1.8027
2025-03-29,1.7214
2025-03-30,1.7081
2025-03-31,1.718
2025-04-01,1.8388
2025-04-02,1.7186
2025-04-03,1.7312
2025-04-04,1.7664
2025-04-05,1.7441
2025-04-06,1.5075
2025-04-07,1.5705
2025-04-08,1.4356
2025-04-09,1.7128
2025-04-10,1.5722
2025-04-11,1.7373
2025-04-12,1.8191
2025-04-13,1.7425
2025-04-14,1.785
2025-04-15,1.7453
2025-04-16,1.7642
2025-04-17,1.8018
2025-04-18,1.7781
2025-04-19,1.8068
2025-04-20,1.8041
2025-04-21,1.8999
2025-04-22,2.1616
2025-04-23,2.1621
2025-04-24,2.1637
2025-04-25,2.195
2025-04-26,2.1884
2025-04-27,2.1475
2025-04-28,2.1968
2025-04-29,2.15
2025-04-30,2.1521
2025-05-01,2.2412
2025-05-02,2.2546
2025-05-03,2.2127
2025-05-04,2.1429
2025-05-05,2.1573
2025-05-06,2.23
2025-05-07,2.2451
2025-05-08,2.4923
2025-05-09,2.4797
2025-05-10,2.5457
2025-05-11,2.5155
2025-05-12,2.4647
2025-05-13,2.5084
2025-05-14,2.4787
2025-05-15,2.4772
2025-05-16,2.4652
2025-05-17,2.4458
2025-05-18,2.561
2025-05-19,2.536
2025-05-20,2.583
2025-05-21,2.6926
2025-05-22,2.7583
2025-05-23,2.576
2025-05-24,2.5979
2025-05-25,2.6352
2025-05-26,2.646
2025-05-27,2.6243
2025-05-28,2.569
2025-05-29,2.4725
2025-05-30,2.395
2025-05-31,2.4222
2025-06-01,2.462
2025-06-02,2.4594
2025-06-03,2.4347
2025-06-04,2.3998
2025-06-05,2.2682
2025-06-06,2.3782
2025-06-07,2.4265
2025-06-08,2.4245
2025-06-09,2.6032
2025-06-10,2.5917
2025-06-11,2.5278
2025-06-12,2.4147
2025-06-13,2.4103
2025-06-14,2.3843
2025-06-15,2.3827
2025-06-16,2.4465
2025-06-17,2.3364
2025-06-18,2.3403
2025-06-19,2.3324
2025-06-20,2.2706
2025-06-21,2.1973
2025-06-22,2.1682
2025-06-23,2.35
2025-06-24,2.3638
2025-06-25,2.4125
2025-06-26,2.3938
2025-06-27,2.3899
2025-06-28,2.3974
2025-06-29,2.4339
2025-06-30,2.3777
2025-07-01,2.3102
2025-07-02,2.4403
2025-07-03,2.4626
2025-07-04,2.3794
2025-07-05,2.3827
2025-07-06,2.4166
2025-07-07,2.3735
2025-07-08,2.3955
2025-07-09,2.4855
2025-07-10,2.6562
2025-07-11,2.7155
2025-07-12,2.6991
2025-07-13,2.7536
2025-07-14,2.781
2025-07-15,2.6877
2025-07-16,2.7112
2025-07-17,2.7301
2025-07-18,2.6623
2025-07-19,2.6542
2025-07-20,2.6261
2025-07-21,2.6241
2025-07-22,2.7181
2025-07-23,2.6549
2025-07-24,2.6379
2025-07-25,2.5968
2025-07-26,2.6103
2025-07-27,2.6622
2025-07-28,2.6014
2025-07-29,2.5886
2025-07-30,2.5771
2025-07-31,2.5
2025-08-01,2.3972
2025-08-02,2.3657
2025-08-03,2.4277
2025-08-04,2.4594
2025-08-05,2.4132
2025-08-06,2.4451
2025-08-07,2.5315
2025-08-08,2.4993
2025-08-09,2.4869
2025-08-10,2.5849
2025-08-11,2.5625
2025-08-12,2.6105
2025-08-13,2.7286
2025-08-14,2.5354
2025-08-15,2.4853
2025-08-16,2.4817
2025-08-17,2.4834
2025-08-18,2.4308
2025-08-19,2.297
2025-08-20,2.3458
2025-08-21,2.2698
2025-08-22,2.4314
2025-08-23,2.3707
2025-08-24,2.3015
2025-08-25,2.1701
2025-08-26,2.2346
2025-08-27,2.2074
2025-08-28,2.2489
2025-08-29,2.0892
2025-08-30,2.0967
2025-08-31,2.0785
2025-09-01,2.1008
2025-09-02,2.1779
2025-09-03,2.1987
2025-09-04,2.162
2025-09-05,2.1488
2025-09-06,2.1288
2025-09-07,2.1654
2025-09-08,2.1917
2025-09-09,2.1656
2025-09-10,2.252
2025-09-11,2.3032
2025-09-12,2.3252
2025-09-13,2.3147
2025-09-14,2.2907
2025-09-15,2.2872
2025-09-16,2.333
2025-09-17,2.3197
2025-09-18,2.3319
2025-09-19,2.2746
2025-09-20,2.2765
2025-09-21,2.2575
2025-09-22,2.1608
2025-09-23,2.1321
2025-09-24,2.1743
2025-09-25,2.0197
2025-09-26,2.0349
2025-09-27,2.0318
2025-09-28,2.1208
2025-09-29,2.1956
2025-09-30,2.1772
2025-10-01,2.3274
2025-10-02,2.3992
2025-10-03,2.4562
2025-10-04,2.4526
2025-10-05,2.4893
2025-10-06,2.5301
2025-10-07,2.4033
2025-10-08,2.462
2025-10-09,2.392
2025-10-10,2.109
2025-10-11,2.0065
2025-10-12,2.1543
2025-10-13,2.1577
2025-10-14,2.0801
2025-10-15,1.9843
2025-10-16,1.8867
2025-10-17,1.8302
2025-10-18,1.8467
2025-10-19,1.9002
2025-10-20,1.9666
2025-10-21,1.8952
2025-10-22,1.8537
2025-10-23,1.9354
2025-10-24,1.967
2025-10-25,1.9854
2025-10-26,2.0857
2025-10-27,2.0653
2025-10-28,2.0571
2025-10-29,1.9472
2025-10-30,1.885
2025-10-31,1.8851
2025-11-01,1.929
2025-11-02,1.941
2025-11-03,1.962
2025-11-04,1.8138
2025-11-05,1.6245
2025-11-06,1.7177
2025-11-07,1.6266
2025-11-08,1.6931
2025-11-09,1.6571
2025-11-10,1.7319
2025-11-11,1.7865
2025-11-12,1.6707
2025-11-13,1.6183
2025-11-14,1.5795
2025-11-15,1.3649
2025-11-16,1.4096
2025-11-17,1.3629
2025-11-18,1.2901
2025-11-19,1.312
2025-11-20,1.2682
2025-11-21,1.0929
2025-11-22,1.0484
2025-11-23,1.0282
2025-11-24,1.0922
2025-11-25,1.1375
2025-11-26,1.1082
2025-11-27,1.2078
2025-11-28,1.2398
2025-11-29,1.2271
2025-11-30,1.2229
2025-12-01,1.2099
2025-12-02,1.0664
2025-12-03,1.2403
2025-12-04,1.3189
2025-12-05,1.2667
2025-12-06,1.1704
2025-12-07,1.1983
2025-12-08,1.2149
2025-12-09,1.2886
2025-12-10,1.2593
2025-12-11,1.2593
2025-12-12,1.2755
2025-12-13,1.1994
2025-12-14,1.1972
2025-12-15,1.1256
2025-12-16,1.0643
2025-12-17,1.1101
2025-12-18,1.0541
2025-12-19,1.032
2025-12-20,1.1338
2025-12-21,1.1338
2025-12-22,1.1366
2025-12-23,1.1362
2025-12-24,1.0986
2025-12-25,1.1074
2025-12-26,1.0938
2025-12-27,1.0964
2025-12-28,1.114
2025-12-29,1.1155
2025-12-30,1.0911
2025-12-31,1.1366
2026-01-01,1.1064
2026-01-02,1.1839
2026-01-03,1.1839
2026-01-04,1.208
2026-01-05,1.2346
2026-01-06,1.3209
2026-01-07,1.3062
2026-01-08,1.2194
2026-01-09,1.2194
2026-01-10,1.2042
2026-01-11,1.1986
2026-01-12,1.2134
2026-01-13,1.3542
2026-01-14,1.3539
2026-01-15,1.4164
2026-01-16,1.3682
2026-01-17,1.361
2026-01-18,1.3268
2026-01-19,1.3268
2026-01-20,1.2589
2026-01-21,1.1133
2026-01-22,1.1513
2026-01-23,1.1562
2026-01-24,1.1644
2026-01-25,1.157
2026-01-26,1.0594
2026-01-27,1.1278
2026-01-28,1.1577
2026-01-29,1.154
2026-01-30,0.9977
2026-01-31,0.9841
2026-02-01,0.7979
2026-02-02,0.7506
2026-02-03,0.8051
2026-02-04,0.701
2026-02-05,0.6168
2026-02-06,0.3219
2026-02-07,0.5424
2026-02-08,0.4977
2026-02-09,0.5342
2026-02-10,0.5333
2026-02-11,0.4844
2026-02-12,0.4282
2026-02-13,0.4036
2026-02-14,0.4931
2026-02-15,0.5243
2026-02-16,0.4824
2026-02-17,0.496
2026-02-18,0.4144
2026-02-19,0.4144
2026-02-20,0.4319
2026-02-21,0.4685
2026-02-22,0.4713
2026-02-23,0.4567
2026-02-24,0.355
2026-02-25,0.3376
2026-02-26,0.4713
2026-02-27,0.4549
2026-02-28,0.4022
2026-03-01,0.4348
2026-03-02,0.397
2026-03-03,0.502
2026-03-04,0.4894
2026-03-05,0.622
2026-03-06,0.5745
2026-03-07,0.4828
2026-03-08,0.4517
2026-03-09,0.4104
2026-03-10,0.4901
2026-03-11,0.5398
2026-03-12,0.5522
2026-03-13,0.565
2026-03-14,0.5778
2026-03-15,0.5858
2026-03-16,0.6395
2026-03-17,0.701
2026-03-18,0.6768
2026-03-19,0.5914
2026-03-20,0.5446
2026-03-21,0.5639
2026-03-22,0.5523
2026-03-23,0.4794
2026-03-24,0.5774
2026-03-25,0.5672
2026-03-26,0.59
2026-03-27,0.5086
2026-03-28,0.4216
2026-03-29,0.4311
2026-03-30,0.4131
2026-03-31,0.4423
2026-04-01,0.4924
2026-04-02,0.4892
2026-04-03,0.4481
2026-04-04,0.4504
2026-04-05,0.4622
2026-04-06,0.5184
2026-04-07,0.5154
2026-04-08,0.6184
2026-04-09,0.5899
2026-04-10,0.6122
2026-04-11,0.6474
2026-04-12,0.6538
2026-04-13,0.5766
2026-04-14,0.7036
2026-04-15,0.6901
2026-04-16,0.708
2026-04-17,0.7214
2026-04-18,0.7881
2026-04-19,0.7408
2026-04-20,0.6825
2026-04-21,0.7456
2026-04-22,0.762
2026-04-23,0.824
2026-04-24,0.8254
2026-04-25,0.8009
2026-04-26,0.8072
2026-04-27,0.8327
2026-04-28,0.7952
2026-04-29,0.7624
2026-04-30,0.7476
2026-05-01,0.7634
2026-05-02,0.8227
2026-05-03,0.8432
2026-05-04,0.8362
2026-05-05,0.8753
2026-05-06,0.9117
2026-05-07,0.925
2026-05-08,0.8836
2026-05-09,0.8857
2026-05-10,0.9025
2026-05-11,0.9575
2026-05-12,0.9338
2026-05-13,0.8938
2026-05-14,0.8539
2026-05-15,0.9132
2026-05-16,0.8479
2026-05-17,0.8177
2026-05-18,0.8019
2026-05-19,0.7759
2026-05-20,0.7722
2026-05-21,0.7931
2026-05-22,0.7997
2026-05-23,0.728
2026-05-24,0.7682
2026-05-25,0.7806
2026-05-26,0.7886
2026-05-27,0.742
2026-05-28,0.6893
2026-05-29,0.6645
2026-05-30,0.6631
2026-05-31,0.6766
2026-06-01,0.6694
2026-06-02,0.597
2026-06-03,NaN
2026-06-04,0.3659
2026-06-05,0.3399
2026-06-06,0.2498
2026-06-07,0.2576
2026-06-08,0.3375
2026-06-09,0.3335
2026-06-10,0.2905
2026-06-11,0.2808
2026-06-12,0.3512
2026-06-13,0.351
2026-06-14,0.3786
2026-06-15,0.4178
2026-06-16,0.444
2026-06-17,0.4234
2026-06-18,0.3826
2026-06-19,0.333
2026-06-20,0.3536
2026-06-21,0.3782
2026-06-22,0.344
2026-06-23,0.3673
2026-06-24,0.3257
2026-06-25,0.2678
2026-06-26,0.232
2026-06-27,0.2406
2026-06-28,0.2399
2026-06-29,0.2284
2026-06-30,0.2511
2026-07-01,0.1987
2026-07-02,0.2467
2026-07-03,0.2976
2026-07-04,0.3315
2026-07-05,0.35
2026-07-06,0.3657
2026-07-07,0.3801
2026-07-08,0.3569
2026-07-09,0.3199
2026-07-10,0.3538
2026-07-11,0.3854
