Date,sma111,sma350x2
2021-08-18,,
2021-08-19,,
2021-08-20,,
2021-08-21,,
2021-08-22,,
2021-08-23,,
2021-08-24,,
2021-08-25,,
2021-08-26,,
2021-08-27,,
2021-08-28,,
2021-08-29,,
2021-08-30,,
2021-08-31,,
2021-09-01,,
2021-09-02,,
2021-09-03,,
2021-09-04,,
2021-09-05,,
2021-09-06,,
2021-09-07,,
2021-09-08,,
2021-09-09,,
2021-09-10,,
2021-09-11,,
2021-09-12,,
2021-09-13,,
2021-09-14,,
2021-09-15,,
2021-09-16,,
2021-09-17,,
2021-09-18,,
2021-09-19,,
2021-09-20,,
2021-09-21,,
2021-09-22,,
2021-09-23,,
2021-09-24,,
2021-09-25,,
2021-09-26,,
2021-09-27,,
2021-09-28,,
2021-09-29,,
2021-09-30,,
2021-10-01,,
2021-10-02,,
2021-10-03,,
2021-10-04,,
2021-10-05,,
2021-10-06,,
2021-10-07,,
2021-10-08,,
2021-10-09,,
2021-10-10,,
2021-10-11,,
2021-10-12,,
2021-10-13,,
2021-10-14,,
2021-10-15,,
2021-10-16,,
2021-10-17,,
2021-10-18,,
2021-10-19,,
2021-10-20,,
2021-10-21,,
2021-10-22,,
2021-10-23,,
2021-10-24,,
2021-10-25,,
2021-10-26,,
2021-10-27,,
2021-10-28,,
2021-10-29,,
2021-10-30,,
2021-10-31,,
2021-11-01,,
2021-11-02,,
2021-11-03,,
2021-11-04,,
2021-11-05,,
2021-11-06,,
2021-11-07,,
2021-11-08,,
2021-11-09,,
2021-11-10,,
2021-11-11,,
2021-11-12,,
2021-11-13,,
2021-11-14,,
2021-11-15,,
2021-11-16,,
2021-11-17,,
2021-11-18,,
2021-11-19,,
2021-11-20,,
2021-11-21,,
2021-11-22,,
2021-11-23,,
2021-11-24,,
2021-11-25,,
2021-11-26,,
2021-11-27,,
2021-11-28,,
2021-11-29,,
2021-11-30,,
2021-12-01,,
2021-12-02,,
2021-12-03,,
2021-12-04,,
2021-12-05,,
2021-12-06,53890.26932010135,
2021-12-07,53943.41254926802,
2021-12-08,53977.53163710586,
2021-12-09,53962.513126407655,
2021-12-10,53947.538464245496,
2021-12-11,53947.90653153153,
2021-12-12,53952.88119369369,
2021-12-13,53944.15473676802,
2021-12-14,53923.000175957204,
2021-12-15,53940.60831925676,
2021-12-16,53928.05658783784,
2021-12-17,53903.72994087838,
2021-12-18,53885.88260135135,
2021-12-19,53882.747747747744,
2021-12-20,53880.16747606982,
2021-12-21,53880.97455658784,
2021-12-22,53874.6753589527,
2021-12-23,53881.51467483108,
2021-12-24,53889.42071368243,
2021-12-25,53877.49683277027,
2021-12-26,53861.06422438063,
2021-12-27,53895.562324042796,
2021-12-28,53909.05299831081,
2021-12-29,53909.533079954956,
2021-12-30,53930.2016821509,
2021-12-31,53940.15653153153,
2022-01-01,53954.78304476351,
2022-01-02,53976.24380630631,
2022-01-03,53970.52871621621,
2022-01-04,53949.99922578829,
2022-01-05,53912.03205940315,
2022-01-06,53875.035754504504,
2022-01-07,53814.491061373876,
2022-01-08,53764.704778997744,
2022-01-09,53756.30658783784,
2022-01-10,53766.465019707204,
2022-01-11,53758.90959318694,
2022-01-12,53750.38710585586,
2022-01-13,53748.15125281532,
2022-01-14,53751.60265343468,
2022-01-15,53751.32210726351,
2022-01-16,53759.233354448195,
2022-01-17,53770.188379786036,
2022-01-18,53777.497114301805,
2022-01-19,53759.05957911036,
2022-01-20,53692.06387246621,
2022-01-21,53590.67493665541,
2022-01-22,53472.02896255631,
2022-01-23,53356.38844313063,
2022-01-24,53222.51020551802,
2022-01-25,53056.67736486487,
2022-01-26,52903.939857826575,
2022-01-27,52752.321720157655,
2022-01-28,52597.511894707204,
2022-01-29,52447.661458333336,
2022-01-30,52271.38048986487,
2022-01-31,52113.20090793919,
2022-02-01,51945.112401463964,
2022-02-02,51761.61204954955,
2022-02-03,51541.43774634009,
2022-02-04,51366.741307713964,
2022-02-05,51185.54803631757,
2022-02-06,51008.848536036036,
2022-02-07,50824.86919341216,
2022-02-08,50627.802611204956,
2022-02-09,50466.799232826575,
2022-02-10,50312.50056306306,
2022-02-11,50141.45840371621,
2022-02-12,49973.11275337838,
2022-02-13,49785.344207488735,
2022-02-14,49625.19218046171,
2022-02-15,49499.90223817567,
2022-02-16,49349.80964949324,
2022-02-17,49154.40466638513,
2022-02-18,48957.48704954955,
2022-02-19,48766.5248803491,
2022-02-20,48563.16427364865,
2022-02-21,48327.56858811937,
2022-02-22,48105.19003378379,
2022-02-23,47887.57147381757,
2022-02-24,47682.22853322072,
2022-02-25,47481.208157376124,
2022-02-26,47262.99338400901,
2022-02-27,46994.01101492117,
2022-02-28,46779.78944960586,
2022-03-01,46593.83815456081,
2022-03-02,46404.416138795044,
2022-03-03,46208.8832347973,
2022-03-04,45980.66772240991,
2022-03-05,45745.83660613739,
2022-03-06,45519.36915822072,
2022-03-07,45320.27720298423,
2022-03-08,45125.405651745496,
2022-03-09,44990.63798564189,
2022-03-10,44822.330623592345,
2022-03-11,44634.022311373876,
2022-03-12,44455.40551097973,
2022-03-13,44289.28276323198,
2022-03-14,44128.000598254504,
2022-03-15,43975.37320523649,
2022-03-16,43830.051133164416,
2022-03-17,43716.371973536036,
2022-03-18,43599.12943412162,
2022-03-19,43463.473536036036,
2022-03-20,43314.29567849099,
2022-03-21,43170.80532094595,
2022-03-22,43036.83217201577,
2022-03-23,42914.44605152027,
2022-03-24,42827.62341638513,
2022-03-25,42783.91195101351,
2022-03-26,42740.05591920045,
2022-03-27,42706.16283079955,
2022-03-28,42673.9819115991,
2022-03-29,42646.60293496621,
2022-03-30,42641.11233108108,
2022-03-31,42625.755313907655,
2022-04-01,42597.99978885135,
2022-04-02,42559.89720579955,
2022-04-03,42557.3394214527,
2022-04-04,42557.42989864865,
2022-04-05,42527.33322775901,
2022-04-06,42487.16487190315,
2022-04-07,42462.8558910473,
2022-04-08,42421.76478040541,
2022-04-09,42386.40551097973,
2022-04-10,42344.30996621621,
2022-04-11,42259.49275056306,
2022-04-12,42182.9042088964,
2022-04-13,42096.25728462838,
2022-04-14,41998.179089245496,
2022-04-15,41909.20256193694,
2022-04-16,41815.64372184685,
2022-04-17,41717.23412865991,
2022-04-18,41656.30943834459,
2022-04-19,41611.78726773649,
2022-04-20,41559.50126689189,
2022-04-21,41507.43746480856,
2022-04-22,41435.84744510135,
2022-04-23,41365.05025337838,
2022-04-24,41302.08787302928,
2022-04-25,41253.085480011265,
2022-04-26,41203.972480292796,
2022-04-27,41168.65888935811,
2022-04-28,41152.58614864865,
2022-04-29,41124.440948761265,
2022-04-30,41086.63260135135,
2022-05-01,41056.43288992117,
2022-05-02,41018.53624718468,
2022-05-03,40962.69256756757,
2022-05-04,40936.62770974099,
2022-05-05,40877.84790259009,
2022-05-06,40813.55532094595,
2022-05-07,40744.97941300676,
2022-05-08,40671.184051238735,
2022-05-09,40562.367117117115,
2022-05-10,40465.77773085586,
2022-05-11,40359.97536599099,
2022-05-12,40293.222533079956,
2022-05-13,40241.446438626124,
2022-05-14,40185.810951576575,
2022-05-15,40137.61982685811,
2022-05-16,40073.73616976351,
2022-05-17,40015.84190244933,
2022-05-18,39940.00439893018,
2022-05-19,39872.7071192286,
2022-05-20,39792.18964667793,
2022-05-21,39715.74482685811,
2022-05-22,39642.23669763513,
2022-05-23,39555.350541948195,
2022-05-24,39489.60821368243,
2022-05-25,39421.20965301239,
2022-05-26,39310.99658643018,
2022-05-27,39195.55884009009,
2022-05-28,39073.05854096284,
2022-05-29,38943.37990920608,
2022-05-30,38831.739776886265,
2022-05-31,38718.70836852478,
2022-06-01,38594.690051379504,
2022-06-02,38487.11843679617,
2022-06-03,38374.14475999437,
2022-06-04,38262.751953125,
2022-06-05,38148.51541385135,
2022-06-06,38029.55567286036,
2022-06-07,37914.18287232545,
2022-06-08,37821.17696016329,
2022-06-09,37731.81679335586,
2022-06-10,37632.37218468468,
2022-06-11,37541.64634360923,
2022-06-12,37448.73974169482,
2022-06-13,37306.40966356982,
2022-06-14,37170.465723536036,
2022-06-15,37028.4858178491,
2022-06-16,36858.82303983671,
2022-06-17,36690.95217483108,
2022-06-18,36522.55449394707,
2022-06-19,36318.590864301805,
2022-06-20,36104.580957911036,
2022-06-21,35895.450151323195,
2022-06-22,35693.06492820946,
2022-06-23,35530.43674338401,
2022-06-24,35366.75269214527,
2022-06-25,35214.34146255631,
2022-06-26,35060.875299127256,
2022-06-27,34898.69700168919,
2022-06-28,34703.18086641329,
2022-06-29,34529.00575380067,
2022-06-30,34357.7422754786,
2022-07-01,34180.853586007885,
2022-07-02,34013.21927787162,
2022-07-03,33829.70866765203,
2022-07-04,33657.568816863735,
2022-07-05,33468.79571368243,
2022-07-06,33284.98370636261,
2022-07-07,33103.32993735923,
2022-07-08,32919.00980081644,
2022-07-09,32741.93216849662,
2022-07-10,32559.792106559686,
2022-07-11,32358.096143018018,
2022-07-12,32145.762422578828,
2022-07-13,31931.808734515766,
2022-07-14,31717.58521607545,
2022-07-15,31504.391522381757,
2022-07-16,31273.48903786599,
2022-07-17,31036.113721143018,
2022-07-18,30811.068306587837,
2022-07-19,30597.795960022522,
2022-07-20,30396.83250633446,
2022-07-21,30188.571104307433,
2022-07-22,29979.97677364865,
2022-07-23,29763.867873733107,
2022-07-24,29547.529930320947,
2022-07-25,29329.563344594593,
2022-07-26,29131.66258445946,
2022-07-27,28946.317549971845,
2022-07-28,28780.157393721845,
2022-07-29,28609.188890061938,
2022-07-30,28442.05857615428,
2022-07-31,28296.247712556305,
2022-08-01,28144.779384853602,
2022-08-02,27980.918003941442,83319.24368303572
2022-08-03,27826.962978603602,83193.78837053571
2022-08-04,27665.498944256757,83056.15053571429
2022-08-05,27511.128044059686,82907.29418526786
2022-08-06,27360.17602759009,82759.04154017857
2022-08-07,27201.164097691442,82609.6371875
2022-08-08,27041.765325872748,82462.570546875
2022-08-09,26877.71072635135,82322.33169642858
2022-08-10,26728.343873170044,82179.39943080358
2022-08-11,26586.156566722973,82048.05834821428
2022-08-12,26450.265466638513,81907.16777901785
2022-08-13,26314.72290259009,81767.29158482143
2022-08-14,26169.326734938062,81627.23159598214
2022-08-15,26043.376390061938,81496.27152901786
2022-08-16,25905.01756052928,81363.22354910715
2022-08-17,25756.929001266893,81217.44623883929
2022-08-18,25618.21651534347,81068.21775669642
2022-08-19,25466.528927364863,80901.65877232143
2022-08-20,25310.64574535473,80737.20983258929
2022-08-21,25157.535772100226,80564.52818080357
2022-08-22,25010.224556587837,80386.04459821428
2022-08-23,24846.52831151464,80241.570078125
2022-08-24,24709.7704638232,80100.44795758929
2022-08-25,24579.68021537162,79958.78785714286
2022-08-26,24442.36549831081,79818.07991071428
2022-08-27,24316.081468186938,79674.31008928572
2022-08-28,24219.86400267455,79523.18748883929
2022-08-29,24123.24317286036,79382.24417410714
2022-08-30,24040.904912725226,79226.26883928571
2022-08-31,23959.841955236487,79065.54550223214
2022-09-01,23877.355803068695,78907.50996651786
2022-09-02,23786.08108108108,78751.52283482143
2022-09-03,23682.72049197635,78588.97268973214
2022-09-04,23593.745671452703,78433.12408482142
2022-09-05,23498.128677505632,78301.51591517858
2022-09-06,23409.096213400902,78176.62444196429
2022-09-07,23309.780810106982,78037.85767857142
2022-09-08,23220.85372677365,77891.77045758929
2022-09-09,23148.32152660473,77769.14989955357
2022-09-10,23070.455007742115,77648.94387276786
2022-09-11,23004.42208614865,77526.43368303572
2022-09-12,22938.790223817567,77412.91779017857
2022-09-13,22855.31586078266,77294.41587053571
2022-09-14,22773.99933136261,77172.56859375
2022-09-15,22693.581644144146,77034.91325892857
2022-09-16,22612.11933417793,76872.94550223215
2022-09-17,22528.169957066442,76715.32314732143
2022-09-18,22417.29712134009,76550.86344866072
2022-09-19,22306.95314259572,76381.89902901786
2022-09-20,22208.680250563062,76195.47603794643
2022-09-21,22101.292071368243,75985.11004464286
2022-09-22,22008.581802505632,75788.58185267857
2022-09-23,21913.669411599098,75590.46637276786
2022-09-24,21814.84373240428,75384.57373883929
2022-09-25,21701.613334037163,75179.03385044643
2022-09-26,21594.11057150901,74960.39318080357
2022-09-27,21494.076259853602,74749.36168526785
2022-09-28,21397.8125,74532.36524553571
2022-09-29,21312.130032376128,74316.6596875
2022-09-30,21231.688397381757,74075.73305803571
2022-10-01,21164.566300675677,73838.132578125
2022-10-02,21133.545748873872,73595.22109375
2022-10-03,21110.273560670044,73352.92110491071
2022-10-04,21090.12945171734,73101.92025669642
2022-10-05,21088.139058980854,72840.02243303572
2022-10-06,21083.490058417792,72598.56684151785
2022-10-07,21088.257689329956,72363.45017857142
2022-10-08,21078.01712063626,72123.581328125
2022-10-09,21067.628730292792,71886.52755580356
2022-10-10,21053.492574605854,71635.67989955356
2022-10-11,21045.063643721845,71399.60918526785
2022-10-12,21027.6903856982,71174.895234375
2022-10-13,21011.03496269707,70939.24247767858
2022-10-14,20990.163956925677,70693.28642857143
2022-10-15,20972.509360923425,70448.59387276786
2022-10-16,20959.289678350226,70208.30322544643
2022-10-17,20952.714210304053,69971.425234375
2022-10-18,20945.780810106982,69720.61388392857
2022-10-19,20939.96827491554,69470.15381696429
2022-10-20,20938.025689752252,69227.87672991071
2022-10-21,20937.39697705518,68988.14411830358
2022-10-22,20936.59619580518,68746.31959821428
2022-10-23,20930.611926379504,68496.26256696429
2022-10-24,20923.00343116554,68220.71253348215
2022-10-25,20918.927857545044,67952.84984375
2022-10-26,20911.11572705518,67700.13676339286
2022-10-27,20898.09517525338,67444.91319196428
2022-10-28,20889.11449535473,67195.99553571429
2022-10-29,20888.736363316442,66946.56095982142
2022-10-30,20894.72777660473,66690.38246651785
2022-10-31,20905.285068271398,66444.31333705357
2022-11-01,20907.746322494368,66217.59349330358
2022-11-02,20904.048880912163,65987.83059151786
2022-11-03,20898.406179617115,65777.93260044642
2022-11-04,20898.018018018018,65566.66204241071
2022-11-05,20902.552681587837,65347.15059151786
2022-11-06,20888.505806587837,65131.12779017857
2022-11-07,20863.40114724099,64927.205089285715
2022-11-08,20821.14474239865,64704.18907366072
2022-11-09,20755.524484445385,64473.333956473216
2022-11-10,20709.324421100788,64246.545909598215
2022-11-11,20660.394821579393,64037.77178013393
2022-11-12,20608.052672789978,63820.53810825893
2022-11-13,20562.932529208898,63586.85186941965
2022-11-14,20521.29690139358,63351.48977120536
2022-11-15,20466.829013583898,63122.227985491074
2022-11-16,20402.19435353322,62890.4543359375
2022-11-17,20338.07619826858,62663.08119977679
2022-11-18,20275.387642525337,62452.221378348215
2022-11-19,20215.699808206646,62266.569056919645
2022-11-20,20152.43523894989,62077.5575390625
2022-11-21,20087.652959600226,61878.72702008929
2022-11-22,20027.682344453828,61681.52521205357
2022-11-23,19973.44585796734,61487.844698660716
2022-11-24,19913.22198761261,61310.315234375
2022-11-25,19855.209037162163,61134.764017857146
2022-11-26,19794.744087837837,60946.774151785714
2022-11-27,19728.39400337838,60754.467243303574
2022-11-28,19665.808452984234,60580.06633928572
2022-11-29,19598.216920045044,60407.679765625
2022-11-30,19537.055092201575,60226.376015625
2022-12-01,19470.06693412162,60050.95719866071
2022-12-02,19403.98217553491,59884.59443080357
2022-12-03,19337.215529983107,59713.505625
2022-12-04,19274.09403153153,59544.49688616071
2022-12-05,19211.855609515766,59373.60859375
2022-12-06,19155.580887528155,59191.62511160714
2022-12-07,19098.242046734234,59010.02291294643
2022-12-08,19065.412514076575,58818.30254464286
2022-12-09,19029.080007742115,58625.793727678574
2022-12-10,18989.391751126128,58435.501529017856
2022-12-11,18950.70062640766,58242.8996875
2022-12-12,18911.76683910473,58051.848370535714
2022-12-13,18879.210972691442,57881.51958705357
2022-12-14,18845.10958614865,57717.92495535714
2022-12-15,18819.027115005632,57547.563470982146
2022-12-16,18788.44825098536,57378.08369419643
2022-12-17,18763.02732615428,57201.559575892854
2022-12-18,18731.135275900902,57026.77533482143
2022-12-19,18700.89087134009,56855.24140625
2022-12-20,18672.571421030407,56689.57700892857
2022-12-21,18642.755155546172,56536.71147321429
2022-12-22,18614.472005208332,56386.250970982146
2022-12-23,18587.12844876126,56244.75983258928
2022-12-24,18558.849556587837,56102.553058035715
2022-12-25,18532.089333474098,55959.298113839286
2022-12-26,18514.81128589527,55817.00407366071
2022-12-27,18491.629750844593,55668.325892857145
2022-12-28,18466.609375,55511.774296875
2022-12-29,18423.917388091217,55363.49299107143
2022-12-30,18378.170062640766,55212.08091517857
2022-12-31,18331.127181869368,55059.91004464286
2023-01-01,18279.367099521398,54908.54547991072
2023-01-02,18246.860465934686,54762.47645089286
2023-01-03,18214.777290962837,54615.64344866072
2023-01-04,18189.20996973536,54473.465792410716
2023-01-05,18162.760891751128,54337.216183035714
2023-01-06,18134.15181587838,54225.757053571426
2023-01-07,18111.94976421734,54122.470357142854
2023-01-08,18089.85080588401,54012.83801339286
2023-01-09,18074.58743313626,53901.650736607146
2023-01-10,18064.667546452703,53790.17810267857
2023-01-11,18051.346336570947,53682.07967633929
2023-01-12,18047.49002322635,53577.68741071429
2023-01-13,18056.251847550677,53475.5459375
2023-01-14,18075.839245495496,53377.478046875
2023-01-15,18090.77732615428,53280.12488839286
2023-01-16,18109.32764991554,53181.190647321426
2023-01-17,18124.956468186938,53080.72348214286
2023-01-18,18135.00809403153,52987.78517857143
2023-01-19,18149.918039132885,52895.96912946428
2023-01-20,18180.228462837837,52788.40157366071
2023-01-21,18213.86375633446,52681.75277901786
2023-01-22,18241.76317919482,52569.22696428571
2023-01-23,18265.164871903155,52449.76494419643
2023-01-24,18287.46894355293,52327.010792410714
2023-01-25,18315.95917792793,52205.74829241072
2023-01-26,18347.363932291668,52088.420658482144
2023-01-27,18380.356366131757,51977.968035714286
2023-01-28,18412.65063696509,51868.17729910714
2023-01-29,18454.390114724098,51762.90330357143
2023-01-30,18488.522733671172,51650.06456473214
2023-01-31,18524.395147100226,51527.57359375
2023-02-01,18563.502041103602,51411.92736607143
2023-02-02,18602.116589245496,51314.4065625
2023-02-03,18641.59125140766,51219.65425223214
2023-02-04,18678.20164695946,51123.70963169643
2023-02-05,18708.87649563626,51035.27698660714
2023-02-06,18739.738597972973,50953.47600446428
2023-02-07,18776.898560670044,50867.63751116071
2023-02-08,18811.90449042793,50785.59652901786
2023-02-09,18835.747466216217,50691.23327008929
2023-02-10,18857.756422438062,50590.87306919643
2023-02-11,18878.51198268581,50492.391506696425
2023-02-12,18900.517666103602,50401.411037946425
2023-02-13,18915.943288992115,50279.210279017854
2023-02-14,18929.009624859234,50152.73123883929
2023-02-15,18965.243911880632,50040.63823660714
2023-02-16,18992.524299690314,49933.04786830357
2023-02-17,19026.2821825732,49849.77927455357
2023-02-18,19062.36933417793,49765.44036830357
2023-02-19,19096.890677787163,49684.912700892855
2023-02-20,19136.024686796172,49609.296183035716
2023-02-21,19174.554863457208,49527.57666294643
2023-02-22,19210.40040822072,49425.89619419643
2023-02-23,19235.627991272522,49337.38208705357
2023-02-24,19252.884167370496,49248.25725446428
2023-02-25,19273.144425675677,49158.379330357144
2023-02-26,19299.796646255632,49076.731037946425
2023-02-27,19344.675922015766,48984.48027901786
2023-02-28,19410.140545819257,48891.9578125
2023-03-01,19464.73315209741,48791.97279017857
2023-03-02,19522.76174514358,48692.11043526786
2023-03-03,19572.88331397804,48581.03342633929
2023-03-04,19626.937227266328,48467.677410714285
2023-03-05,19679.34546558277,48360.178493303574
2023-03-06,19729.301722621058,48253.61713169643
2023-03-07,19779.30469629786,48138.53690848214
2023-03-08,19824.625079180743,48017.53761160714
2023-03-09,19857.64529666385,47882.69239955357
2023-03-10,19888.957884642456,47744.62676339286
2023-03-11,19928.06219207489,47608.23580357143
2023-03-12,19985.509624859234,47467.34127232143
2023-03-13,20057.651639921172,47336.31001116071
2023-03-14,20130.943236204956,47206.483404017854
2023-03-15,20200.956714527027,47076.84510044643
2023-03-16,20277.812095298425,46959.782890625
2023-03-17,20376.547666807433,46852.02452008928
2023-03-18,20471.33372043919,46744.00697544643
2023-03-19,20577.832400760137,46638.77902901786
2023-03-20,20679.834688203828,46531.03366071429
2023-03-21,20778.999102618243,46431.71837053572
2023-03-22,20872.155000703828,46340.865223214285
2023-03-23,20973.46412232545,46254.18022321429
2023-03-24,21068.824922578828,46169.64091517857
2023-03-25,21162.19628026464,46082.284174107146
2023-03-26,21261.471090230854,46001.065078125
2023-03-27,21352.01509712838,45930.31071428571
2023-03-28,21445.889006193695,45856.83041294643
2023-03-29,21546.023842201575,45783.583046875
2023-03-30,21644.225735501128,45715.57188616072
2023-03-31,21746.47582347973,45646.57199776786
2023-04-01,21848.339263091217,45577.92371651786
2023-04-02,21947.374137809686,45512.10860491071
2023-04-03,22037.54442919482,45437.61720982143
2023-04-04,22130.809649493243,45361.41915178571
2023-04-05,22228.22513724662,45286.01118303571
2023-04-06,22330.89771607545,45214.67848214286
2023-04-07,22431.174901463964,45147.167276785716
2023-04-08,22531.984075872748,45081.230502232145
2023-04-09,22639.131563203828,45017.59483258928
2023-04-10,22753.966480152027,44955.85010044643
2023-04-11,22874.845069679053,44910.80780133929
2023-04-12,22994.743366413288,44858.79598214286
2023-04-13,23117.284927505632,44805.22591517857
2023-04-14,23240.149282094593,44758.80234375
2023-04-15,23361.559279983107,44716.53732142857
2023-04-16,23482.239917652027,44669.94453125
2023-04-17,23596.905423001128,44618.03434151786
2023-04-18,23721.63497677365,44576.01776785714
2023-04-19,23831.367750563062,44513.87095982143
2023-04-20,23936.263267173425,44466.27580357143
2023-04-21,24032.924655123872,44416.195736607144
2023-04-22,24133.75726703266,44372.28457589286
2023-04-23,24231.981718046172,44335.32525669643
2023-04-24,24329.688766891893,44319.48746651786
2023-04-25,24432.791103603602,44303.971417410714
2023-04-26,24537.16916525901,44301.03625
2023-04-27,24649.978339667792,44303.470736607145
2023-04-28,24761.556570242115,44303.79735491071
2023-04-29,24871.082189611487,44298.92434151786
2023-04-30,24979.841216216217,44287.288303571426
2023-05-01,25075.74459811374,44277.16630580357
2023-05-02,25172.552171311938,44267.193046875
2023-05-03,25263.8739794482,44268.82754464286
2023-05-04,25344.397733671172,44260.446841517856
2023-05-05,25421.497606981982,44262.35338169643
2023-05-06,25493.784311655407,44259.338504464286
2023-05-07,25559.418056728602,44248.65996651786
2023-05-08,25618.27169552365,44240.633470982146
2023-05-09,25681.06443552928,44229.223125
2023-05-10,25739.93797508446,44218.13395089286
2023-05-11,25778.89505912162,44205.182890625
2023-05-12,25815.177628800677,44194.768125
2023-05-13,25851.787197353602,44183.163426339284
2023-05-14,25887.7890625,44168.79017857143
2023-05-15,25928.83613105293,44142.88333705357
2023-05-16,25964.140554617115,44115.70813616071
2023-05-17,26003.47411669482,44101.992265625
2023-05-18,26037.28925605293,44081.21924107143
2023-05-19,26072.055373733107,44065.137745535714
2023-05-20,26102.28077491554,44049.69015625
2023-05-21,26137.539220861487,44031.67395089286
2023-05-22,26170.980609515766,44005.84883928571
2023-05-23,26202.52977195946,43983.39311383929
2023-05-24,26228.322089667792,43961.224330357145
2023-05-25,26255.59132179054,43940.44838169643
2023-05-26,26286.10882953266,43926.936875
2023-05-27,26321.358266469593,43918.408549107146
2023-05-28,26369.336078265766,43925.96853794643
2023-05-29,26409.710796734234,43956.01708705357
2023-05-30,26452.620266751128,43987.420267857146
2023-05-31,26501.274493243243,44013.973515625
2023-06-01,26547.840160472973,44050.76392857143
2023-06-02,26596.297050957208,44089.49597098214
2023-06-03,26643.92701295045,44135.53875
2023-06-04,26691.773543074323,44173.057578125
2023-06-05,26723.659065315314,44202.54649553572
2023-06-06,26750.063942849098,44239.85041294643
2023-06-07,26774.591181024774,44276.18737723214
2023-06-08,26792.092219172297,44307.172176339285
2023-06-09,26808.660666525902,44337.16485491071
2023-06-10,26822.386771537163,44362.01572544643
2023-06-11,26832.39595650338,44390.08928571428
2023-06-12,26845.60448338964,44419.61512276786
2023-06-13,26861.189030827703,44451.83280133929
2023-06-14,26871.794288429053,44480.522243303574
2023-06-15,26893.220122466217,44513.617488839285
2023-06-16,26921.617310670044,44553.94946428572
2023-06-17,26948.189048423425,44595.48329241072
2023-06-18,26973.534470016893,44635.70693080357
2023-06-19,27006.90091849662,44673.534174107146
2023-06-20,27049.07152660473,44720.03344866072
2023-06-21,27108.097022804053,44774.199453125
2023-06-22,27176.111451295044,44821.48341517857
2023-06-23,27251.265677787163,44872.70828125
2023-06-24,27324.35740427928,44923.88821428571
2023-06-25,27396.884466497748,44978.85857142857
2023-06-26,27469.41925323761,45037.71899553572
2023-06-27,27550.230820664416,45102.657566964284
2023-06-28,27637.827438766893,45159.08140625
2023-06-29,27730.242820945947,45215.51244419643
2023-06-30,27818.93508938626,45270.6034375
2023-07-01,27894.84616061374,45324.31636160714
2023-07-02,27952.71315456081,45380.553080357146
2023-07-03,28010.464192708332,45430.100223214286
2023-07-04,28068.13645481419,45472.31821428571
2023-07-05,28117.338048986487,45513.93212053571
2023-07-06,28139.729113879504,45552.473314732146
2023-07-07,28170.14701224662,45596.0578125
2023-07-08,28190.4521044482,45640.78388392857
2023-07-09,28212.109744510137,45683.99571428572
2023-07-10,28232.27780123874,45735.725825892856
2023-07-11,28262.129275760137,45789.332667410716
2023-07-12,28280.666877815314,45831.967511160714
2023-07-13,28316.54763161599,45875.57986607143
2023-07-14,28342.127463400902,45912.890926339285
2023-07-15,28362.861486486487,45950.83149553571
2023-07-16,28390.872694960584,45990.32998883929
2023-07-17,28416.798441019146,46029.368214285714
2023-07-18,28430.385117539416,46068.67361607143
2023-07-19,28447.325309684686,46109.05885044643
2023-07-20,28459.15892454955,46149.97918526785
2023-07-21,28472.65179828266,46187.80449776786
2023-07-22,28486.818412162163,46226.721774553575
2023-07-23,28507.487946931305,46266.199765625
2023-07-24,28516.576471002252,46296.870792410715
2023-07-25,28526.03058136261,46331.516919642854
2023-07-26,28537.839878941442,46362.41594866072
2023-07-27,28549.414924690314,46392.43400669643
2023-07-28,28561.770340653155,46420.52787946429
2023-07-29,28570.994369369368,46448.71559151786
2023-07-30,28567.591920045044,46477.03544642857
2023-07-31,28558.53834107545,46506.139095982144
2023-08-01,28554.36428420608,46539.23876116071
2023-08-02,28543.129082207208,46572.47282366071
2023-08-03,28531.354131475226,46606.56391741071
2023-08-04,28520.143281953828,46653.40128348214
2023-08-05,28508.672754786036,46698.40737723214
2023-08-06,28505.040417370496,46741.30871651786
2023-08-07,28494.076682150902,46785.775401785715
2023-08-08,28502.570488457208,46832.84628348214
2023-08-09,28514.42189259572,46879.51185267857
2023-08-10,28533.81542088964,46924.24720982143
2023-08-11,28548.051590653155,46976.462611607145
2023-08-12,28564.48924901464,47030.029620535715
2023-08-13,28580.32325098536,47085.26447544643
2023-08-14,28590.24077984234,47137.324185267855
2023-08-15,28596.976333755632,47190.887265625
2023-08-16,28590.021308417792,47240.32735491071
2023-08-17,28565.91580447635,47277.683984375
2023-08-18,28537.096600506757,47312.42561383929
2023-08-19,28508.5146044482,47348.22056919643
2023-08-20,28491.379610078828,47383.665546875
2023-08-21,28468.349011120496,47419.73280133928
2023-08-22,28441.550341356982,47460.84130580357
2023-08-23,28419.78394214527,47501.648828125
2023-08-24,28389.405458192567,47540.69190848214
2023-08-25,28363.667124155407,47567.35771205357
2023-08-26,28341.626442849098,47592.08870535714
2023-08-27,28327.170766469593,47616.776919642856
2023-08-28,28313.183153856982,47638.123783482144
2023-08-29,28314.134836007885,47680.58484375
2023-08-30,28316.805796030407,47720.90584821429
2023-08-31,28308.93626829955,47756.50734375
2023-09-01,28300.077227618243,47790.953861607144
2023-09-02,28290.511102899774,47823.76084821428
2023-09-03,28279.49194115991,47861.189765625
2023-09-04,28268.462802646398,47897.008549107144
2023-09-05,28253.878835867115,47936.37536830357
2023-09-06,28244.158361486487,47977.55157366071
2023-09-07,28238.303103885137,48016.560970982144
2023-09-08,28227.276692708332,48054.32106026786
2023-09-09,28219.545625703828,48094.084866071425
2023-09-10,28210.36498803491,48134.25703125
2023-09-11,28191.77875140766,48168.199787946425
2023-09-12,28187.26096213401,48206.61577008929
2023-09-13,28185.027783643018,48245.482075892854
2023-09-14,28183.40961078266,48285.29135044643
2023-09-15,28181.07033009572,48326.30223214286
2023-09-16,28167.40037302928,48367.76614955357
2023-09-17,28156.48418144707,48410.56660714286
2023-09-18,28147.943025056305,48451.313470982146
2023-09-19,28147.866078969593,48490.59503348215
2023-09-20,28150.67720650338,48530.430982142854
2023-09-21,28144.53344946509,48568.214921875
2023-09-22,28140.068940033783,48608.40188616071
2023-09-23,28135.206996058558,48649.33229910714
2023-09-24,28139.682027730854,48688.24887276786
2023-09-25,28131.210831925677,48729.14599330357
2023-09-26,28130.050939611487,48770.09360491071
2023-09-27,28128.650038710584,48811.20944196429
2023-09-28,28133.525461007885,48854.858828125
2023-09-29,28143.07933910473,48899.00776785714
2023-09-30,28152.338330518018,48944.15223214286
2023-10-01,28171.088330518018,48993.955982142856
2023-10-02,28185.611363316442,49039.55613839286
2023-10-03,28206.37985641892,49085.81649553571
2023-10-04,28226.406883445947,49135.30140625
2023-10-05,28236.212732263513,49183.085245535716
2023-10-06,28249.14896537162,49233.223125
2023-10-07,28263.857316300677,49283.283984375
2023-10-08,28273.623627533783,49331.101595982145
2023-10-09,28266.92263161599,49378.176484375
2023-10-10,28243.172385275902,49419.863125
2023-10-11,28215.794358811938,49454.73671875
2023-10-12,28180.310846002252,49491.713649553574
2023-10-13,28147.100753096845,49527.52521205357
2023-10-14,28114.501161317567,49562.057957589284
2023-10-15,28086.469823338964,49599.338236607146
2023-10-16,28066.932010135137,49645.18791294643
2023-10-17,28051.882478181305,49690.504910714284
2023-10-18,28032.810318130632,49737.183984375
2023-10-19,28016.977477477478,49785.811517857146
2023-10-20,28008.80514498874,49834.58705357143
2023-10-21,28002.477600647522,49883.93402901786
2023-10-22,27992.004240568695,49935.74780133928
2023-10-23,28012.802910332208,50007.08161830357
2023-10-24,28043.319679054053,50094.85450892857
2023-10-25,28084.70240357545,50201.26616629464
2023-10-26,28119.06621269707,50295.951177455354
2023-10-27,28151.654138513513,50392.38265066964
2023-10-28,28186.954497466217,50491.184871651785
2023-10-29,28224.107738597973,50595.09981584821
2023-10-30,28259.07541525901,50697.2950390625
2023-10-31,28297.59915188626,50798.91314174107
2023-11-01,28333.28568412162,50906.157795758925
2023-11-02,28374.764727618243,51010.447650669645
2023-11-03,28414.7333544482,51113.50220424107
2023-11-04,28458.2744580518,51218.47733816964
2023-11-05,28502.449834600226,51325.66318638393
2023-11-06,28549.12378589527,51435.66368303572
2023-11-07,28598.940350506757,51545.68535714286
2023-11-08,28651.762528153155,51654.51147321428
2023-11-09,28712.88307643581,51769.30381696428
2023-11-10,28780.830518018018,51888.115970982144
2023-11-11,28844.37566863739,52006.251796875
2023-11-12,28915.345069679053,52124.02261160714
2023-11-13,28980.88529349662,52239.93708705357
2023-11-14,29036.5850049268,52349.037991071425
2023-11-15,29114.69214527027,52467.39236607143
2023-11-16,29176.2734375,52577.03600446429
2023-11-17,29241.49655123874,52688.510424107146
2023-11-18,29307.35596143018,52800.953091517855
2023-11-19,29380.83736275338,52916.70200892857
2023-11-20,29451.11866554054,53033.85704241072
2023-11-21,29511.135363879504,53140.853091517856
2023-11-22,29585.49266258446,53258.47716517857
2023-11-23,29659.506440033783,53373.08371651786
2023-11-24,29737.688010275902,53490.724453125
2023-11-25,29816.561321086712,53608.827700892856
2023-11-26,29891.322969453828,53725.255859375
2023-11-27,29958.78851703266,53839.81431919643
2023-11-28,30033.28934403153,53954.384419642854
2023-11-29,30109.225383586712,54068.914944196425
2023-11-30,30184.135575028155,54185.188549107144
2023-12-01,30267.674180039416,54311.138638392855
2023-12-02,30359.506774352478,54440.74572544643
2023-12-03,30454.731524493243,54573.43380580357
2023-12-04,30570.134677646398,54719.37905133929
2023-12-05,30708.68304828266,54874.661015625
2023-12-06,30862.573990005632,55028.54050223214
2023-12-07,31017.91730011261,55179.75377232143
2023-12-08,31180.713664836712,55336.15176339286
2023-12-09,31338.699253941442,55489.741640625
2023-12-10,31497.75834037162,55643.671428571426
2023-12-11,31634.80496903153,55782.66587053571
2023-12-12,31770.107509853602,55923.997578125
2023-12-13,31920.813538147522,56074.50140625
2023-12-14,32073.753220016893,56225.253582589285
2023-12-15,32217.188309403155,56369.98027901786
2023-12-16,32362.687623170044,56516.79525669643
2023-12-17,32500.151710304053,56658.16430803572
2023-12-18,32634.351228181305,56806.36469866071
2023-12-19,32769.24547789978,56952.59709821428
2023-12-20,32928.892120636265,57105.677165178575
2023-12-21,33091.670748873876,57260.148113839285
2023-12-22,33254.9960057714,57414.69630580357
2023-12-23,33415.08588471284,57567.750390625
2023-12-24,33570.07418355856,57715.89309151786
2023-12-25,33730.73326646959,57866.845011160716
2023-12-26,33881.78881615991,58010.125636160716
2023-12-27,34036.76773648649,58155.885401785716
2023-12-28,34187.41819749437,58291.646930803574
2023-12-29,34333.39769847973,58418.445948660716
2023-12-30,34480.46684966216,58539.47796875
2023-12-31,34634.54372536599,58661.67447544643
2024-01-01,34799.71479096284,58793.08989955357
2024-01-02,34968.45032728041,58929.069609375
2024-01-03,35115.37376829955,59055.694720982145
2024-01-04,35273.67312429617,59187.65545758929
2024-01-05,35432.18132390203,59310.43339285714
2024-01-06,35589.43364653716,59431.64236607143
2024-01-07,35744.28784839527,59552.91483258929
2024-01-08,35922.30034135698,59690.26381696429
2024-01-09,36093.541086007885,59824.56816964286
2024-01-10,36274.26310881194,59958.91055803571
2024-01-11,36452.5425464527,60092.25803571429
2024-01-12,36599.15315315315,60205.254832589286
2024-01-13,36748.57258234797,60318.46222098215
2024-01-14,36888.19230363176,60421.44338169643
2024-01-15,37034.99157164978,60533.853839285715
2024-01-16,37186.36299971847,60648.22905133929
2024-01-17,37327.99458051802,60756.90838169643
2024-01-18,37457.27690385698,60858.56659598214
2024-01-19,37589.26330236487,60962.389933035716
2024-01-20,37712.523085585584,61067.15415178571
2024-01-21,37838.78434684685,61173.383404017855
2024-01-22,37947.58965019707,61269.082020089285
2024-01-23,38056.113580377256,61363.83207589286
2024-01-24,38170.17810388513,61461.76165178572
2024-01-25,38278.170995213964,61565.27462053571
2024-01-26,38402.928033502256,61680.507120535716
2024-01-27,38530.72050957207,61796.21671875
2024-01-28,38660.91795115428,61911.91609375
2024-01-29,38804.1362084741,62034.65977678572
2024-01-30,38948.99466849662,62153.127232142855
2024-01-31,39091.56950309685,62257.554453125
2024-02-01,39237.63615568694,62368.71044642857
2024-02-02,39384.70059121621,62475.111919642855
2024-02-03,39527.33660613739,62579.974620535715
2024-02-04,39654.04034698761,62684.29427455357
2024-02-05,39782.35494087838,62786.17724330357
2024-02-06,39915.294851492115,62892.7390625
2024-02-07,40055.82112190315,63007.76408482143
2024-02-08,40196.5293848536,63129.78736607143
2024-02-09,40351.743683136265,63266.63920758929
2024-02-10,40511.900267454956,63407.187220982145
2024-02-11,40648.906425957204,63548.516964285714
2024-02-12,40793.56133868243,63699.57611607143
2024-02-13,40930.85522240991,63851.548046875
2024-02-14,41090.0448338964,64012.57744419643
2024-02-15,41252.46604025901,64175.223660714284
2024-02-16,41415.264498873876,64345.49522321428
2024-02-17,41569.539414414416,64512.97891741071
2024-02-18,41728.2798071509,64682.619107142855
2024-02-19,41882.43623310811,64850.32988839286
2024-02-20,42034.21660332207,65022.13049107143
2024-02-21,42186.47730152027,65194.25106026786
2024-02-22,42335.78044059685,65371.06220982143
2024-02-23,42476.76921452703,65545.60338169643
2024-02-24,42625.61377393018,65722.39590401786
2024-02-25,42776.026991835584,65891.36327008929
2024-02-26,42947.90843186937,66064.64823660714
2024-02-27,43140.97233952703,66249.44421875
2024-02-28,43373.5098536036,66467.32323660715
2024-02-29,43588.68475506757,66673.86948660715
2024-03-01,43816.63594453829,66873.96493303572
2024-03-02,44041.63890061937,67074.33046875
2024-03-03,44281.86426661036,67275.06587053572
2024-03-04,44577.29465793919,67506.85545758929
2024-03-05,44810.81373170045,67710.4290736607
2024-03-06,45080.651886261265,67932.13974330357
2024-03-07,45353.88432573198,68152.66266741071
2024-03-08,45639.59955658784,68385.84443080357
2024-03-09,45919.89087134009,68620.15400669642
2024-03-10,46204.06052927928,68854.58520089286
2024-03-11,46531.17849099099,69111.63672991071
2024-03-12,46837.92578125,69364.28334821429
2024-03-13,47160.39315878379,69619.91225446429
2024-03-14,47463.78336148649,69867.70100446428
2024-03-15,47748.53093327703,70101.55979910714
2024-03-16,47999.30567286036,70312.44026785715
2024-03-17,48279.81429476351,70542.10493303572
2024-03-18,48547.53959037162,70769.29563616072
2024-03-19,48764.24482685811,70962.12239955357
2024-03-20,49036.325239301805,71189.18347098214
2024-03-21,49277.790470157655,71403.16775669644
2024-03-22,49496.73127815315,71608.041484375
2024-03-23,49713.70256193694,71814.40953125
2024-03-24,49941.21674408784,72036.70165178571
2024-03-25,50174.35335726351,72267.02069196428
2024-03-26,50410.76228181306,72494.17941964285
2024-03-27,50646.46209881757,72718.84393973215
2024-03-28,50885.906707488735,72949.39186383928
2024-03-29,51121.64403856982,73174.57545758928
2024-03-30,51354.667511261265,73399.300078125
2024-03-31,51625.74693834459,73633.69032366072
2024-04-01,51880.26879222973,73863.73091517857
2024-04-02,52083.47807573198,74064.01331473215
2024-04-03,52290.2964527027,74276.34550223214
2024-04-04,52529.74767736487,74506.41896205358
2024-04-05,52760.35599662162,74738.19456473214
2024-04-06,53008.38703547297,74972.92947544644
2024-04-07,53249.27906813063,75211.621875
2024-04-08,53513.79106841216,75463.65627232143
2024-04-09,53743.40156953829,75696.97866071429
2024-04-10,53984.11085304054,75937.92255580357
2024-04-11,54218.91001548423,76169.84725446429
2024-04-12,54430.22825168919,76386.165
2024-04-13,54617.663886542796,76583.72491071429
2024-04-14,54816.993489583336,76792.124453125
2024-04-15,55005.334107545044,76994.03669642858
2024-04-16,55188.83868243243,77194.78713169643
2024-04-17,55356.8462134009,77379.18931919643
2024-04-18,55549.75929054054,77577.27527901786
2024-04-19,55745.1346776464,77773.32776785715
2024-04-20,55949.90273085586,77979.5553013393
2024-04-21,56136.92356418919,78187.96482142857
2024-04-22,56334.03807713964,78411.64142857143
2024-04-23,56546.28220016892,78633.06141741072
2024-04-24,56727.33604307433,78842.519375
2024-04-25,56910.39023789414,79056.69604910714
2024-04-26,57088.463436092345,79267.84079241072
2024-04-27,57263.923282657655,79477.18400669642
2024-04-28,57409.35325168919,79683.94167410715
2024-04-29,57568.825239301805,79893.36126116071
2024-04-30,57695.03315033784,80085.36243303571
2024-05-01,57802.10905827703,80261.67791294643
2024-05-02,57948.68802787162,80446.19919642857
2024-05-03,58129.29571368243,80651.91180803571
2024-05-04,58328.35159769144,80861.97973214286
2024-05-05,58522.21794059685,81074.99291294643
2024-05-06,58702.46121903153,81282.48246651786
2024-05-07,58878.967201576575,81483.10583705358
2024-05-08,59058.47965934685,81682.26654017858
2024-05-09,59251.5567286036,81891.25941964285
2024-05-10,59423.87376829955,82085.96505580356
2024-05-11,59597.27850506757,82279.82424107143
2024-05-12,59794.94541807433,82470.468515625
2024-05-13,60002.65621480856,82671.35745535714
2024-05-14,60196.13112331081,82864.78853794643
2024-05-15,60433.3715160473,83087.91901785714
2024-05-16,60644.314857826575,83307.41392857143
2024-05-17,60868.925851632885,83534.85555803572
2024-05-18,61093.29712134009,83762.65941964286
2024-05-19,61300.41532939189,83986.42685267857
2024-05-20,61557.13231981982,84247.50169642858
2024-05-21,61805.365885416664,84492.63168526786
2024-05-22,62040.019601632885,84737.06790178572
2024-05-23,62262.935846002256,84973.76130580358
2024-05-24,62492.97054476351,85214.02260044643
2024-05-25,62733.35219594595,85462.10662946428
2024-05-26,62966.31999577703,85705.4090625
2024-05-27,63203.34596706081,85953.93508928572
2024-05-28,63419.36394988739,86196.09217633928
2024-05-29,63620.053385416664,86438.68313616072
2024-05-30,63811.204673423425,86683.18940848214
2024-05-31,63988.86356278153,86918.41198660714
2024-06-01,64163.75563063063,87153.81919642857
2024-06-02,64324.056341497744,87390.47856026786
2024-06-03,64495.789132882885,87630.21428571429
2024-06-04,64664.627604166664,87871.58729910714
2024-06-05,64837.09846565315,88106.19029017857
2024-06-06,65004.63865427928,88339.58962053571
2024-06-07,65163.914238457204,88560.43029017857
2024-06-08,65318.71808136261,88781.89930803572
2024-06-09,65479.69869087838,89005.71491071429
2024-06-10,65634.90054898648,89229.95005580357
2024-06-11,65774.47578828828,89439.34358258928
2024-06-12,65927.05430039414,89657.37181919643
2024-06-13,66071.41870777027,89864.863515625
2024-06-14,66201.50872747747,90067.91404017857
2024-06-15,66331.7588330518,90271.34787946429
2024-06-16,66440.9177927928,90477.16660714286
2024-06-17,66525.64685388513,90679.07436383929
2024-06-18,66549.39421452703,90875.43530133928
2024-06-19,66583.2853322072,91072.27033482143
2024-06-20,66604.79905686936,91271.809296875
2024-06-21,66623.41483671172,91464.68891741072
2024-06-22,66633.19147663288,91658.74627232143
2024-06-23,66586.79852899775,91847.37234375
2024-06-24,66555.05271677928,92018.017734375
2024-06-25,66516.29448198198,92196.21024553571
2024-06-26,66461.21153575451,92370.03670758929
2024-06-27,66400.89358108108,92542.20100446428
2024-06-28,66327.21118384009,92713.54996651785
2024-06-29,66253.94622747747,92888.35895089286
2024-06-30,66168.85061233108,93073.6684375
2024-07-01,66091.10909346846,93260.560390625
2024-07-02,65991.51914414414,93444.40297991071
2024-07-03,65890.41399211712,93617.31725446429
2024-07-04,65778.46741272522,93772.66404017857
2024-07-05,65700.5147804054,93925.54193080358
2024-07-06,65609.64013231982,94088.58042410715
2024-07-07,65504.23937218468,94235.80654017857
2024-07-08,65457.32337415541,94393.11043526785
2024-07-09,65368.09413710586,94557.57806919643
2024-07-10,65298.284276463964,94719.79248883929
2024-07-11,65240.32168496621,94880.55948660715
2024-07-12,65184.80152027027,95043.87502232143
2024-07-13,65112.70945945946,95214.58950892858
2024-07-14,65030.08766188063,95394.66084821429
2024-07-15,64983.98240427928,95598.31822544643
2024-07-16,64944.71938344595,95800.72631696428
2024-07-17,64885.02424690315,96000.536796875
2024-07-18,64831.70206925676,96199.367578125
2024-07-19,64805.25929054054,96414.43080357143
2024-07-20,64767.69172297297,96632.26806919643
2024-07-21,64753.74915540541,96855.76902901786
2024-07-22,64773.01291525901,97075.224296875
2024-07-23,64772.53417088964,97281.86532366072
2024-07-24,64744.275513795044,97486.49754464286
2024-07-25,64725.71322494369,97694.19831473214
2024-07-26,64716.84793778153,97914.28030133928
2024-07-27,64702.89101210586,98133.69385044643
2024-07-28,64672.48117257883,98356.39643973214
2024-07-29,64651.58836570946,98570.17627232143
2024-07-30,64612.06703969595,98781.78008928572
2024-07-31,64563.04578406532,98987.02277901786
2024-08-01,64546.483917511265,99208.12534598215
2024-08-02,64524.80458192567,99410.21397321428
2024-08-03,64479.23131334459,99607.83619419642
2024-08-04,64431.40037302928,99790.2784375
2024-08-05,64342.9282446509,99949.52024553572
2024-08-06,64295.6996410473,100120.96401785714
2024-08-07,64219.255560247744,100284.36870535715
2024-08-08,64200.03543778153,100487.49878348214
2024-08-09,64162.96941863739,100686.541328125
2024-08-10,64127.106067004504,100886.18332589285
2024-08-11,64053.9691722973,101072.63927455357
2024-08-12,63990.430813626124,101262.62993303571
2024-08-13,63957.39178631757,101450.52806919643
2024-08-14,63905.64009712838,101630.185234375
2024-08-15,63849.82728040541,101810.920234375
2024-08-16,63809.061197916664,102000.02526785714
2024-08-17,63776.320136542796,102192.08340401786
2024-08-18,63728.057467623876,102377.87996651785
2024-08-19,63717.75654560811,102570.34303571428
2024-08-20,63724.59241272522,102760.24481026786
2024-08-21,63743.076717342345,102962.65598214285
2024-08-22,63720.482826576575,103157.75151785715
2024-08-23,63722.31059966216,103375.97266741071
2024-08-24,63723.6426661036,103594.73446428572
2024-08-25,63734.197564752256,103814.74198660714
2024-08-26,63739.11507601351,104030.27344866071
2024-08-27,63723.94562922297,104222.67795758929
2024-08-28,63687.70836852478,104410.10253348215
2024-08-29,63675.054335585584,104597.80828125
2024-08-30,63659.97114301802,104783.58418526786
2024-08-31,63637.64234938063,104968.73628348214
2024-09-01,63587.40846706081,105144.68657366071
2024-09-02,63565.423704954956,105329.59056919643
2024-09-03,63485.81587837838,105502.27574776785
2024-09-04,63420.410085867115,105678.501640625
2024-09-05,63322.2894847973,105847.603671875
2024-09-06,63205.24398226351,106003.99901785715
2024-09-07,63095.88650760135,106161.48642857143
2024-09-08,62946.27723817567,106324.82780133928
2024-09-09,62828.10610219595,106500.37668526785
2024-09-10,62724.740111204956,106679.98503348214
2024-09-11,62629.36722269144,106857.07334821428
2024-09-12,62535.6817286036,107034.81886160714
2024-09-13,62457.35159769144,107227.15931919643
2024-09-14,62380.65815033784,107415.94334821429
2024-09-15,62288.66068412162,107594.22383928571
2024-09-16,62197.636261261265,107769.43368303572
2024-09-17,62132.14477759009,107957.311171875
2024-09-18,62071.64646677928,108150.74137276785
2024-09-19,62030.64685388513,108353.73877232143
2024-09-20,61989.980539132885,108555.14665178572
2024-09-21,61950.73043355856,108757.5809375
2024-09-22,61904.27934966216,108961.65877232143
2024-09-23,61839.07245917793,109165.92233258928
2024-09-24,61777.98370636261,109376.84204241072
2024-09-25,61709.38893581081,109584.09818080357
2024-09-26,61671.89734656532,109803.66515625
2024-09-27,61640.22969453829,110026.11252232143
2024-09-28,61606.35272381757,110249.11790178572
2024-09-29,61571.42500703829,110468.97877232142
2024-09-30,61535.366166948195,110667.89324776786
2024-10-01,61468.66184543919,110853.1575892857
2024-10-02,61413.49415822072,111037.75440848214
2024-10-03,61366.18162302928,111220.8378125
2024-10-04,61329.03276323198,111405.89225446428
2024-10-05,61288.049901463964,111589.729609375
2024-10-06,61254.974732545044,111777.30136160714
2024-10-07,61228.81179617117,111943.87522321429
2024-10-08,61203.33136261261,112105.19203125
2024-10-09,61165.07411317567,112254.21649553571
2024-10-10,61130.64439048423,112403.46136160714
2024-10-11,61114.36071227478,112566.52015625
2024-10-12,61114.47086148649,112732.82558035714
2024-10-13,61137.659698761265,112894.61354910715
2024-10-14,61175.871269707204,113074.86361607142
2024-10-15,61231.99588260135,113259.8540625
2024-10-16,61286.121269707204,113443.71386160715
2024-10-17,61349.90234375,113629.20868303571
2024-10-18,61417.752885698195,113821.70276785715
2024-10-19,61468.96406953829,114011.87727678572
2024-10-20,61524.36697635135,114205.89069196429
2024-10-21,61572.46459740991,114390.63629464286
2024-10-22,61637.2167088964,114573.02397321428
2024-10-23,61722.39231418919,114748.89207589286
2024-10-24,61825.984023085584,114928.70881696428
2024-10-25,61901.109023085584,115096.29993303571
2024-10-26,62001.69988738739,115267.02361607143
2024-10-27,62102.81879926802,115443.45091517858
2024-10-28,62210.01277449324,115634.33892857142
2024-10-29,62344.949676238735,115846.81236607143
2024-10-30,62480.03638795045,116043.72069196429
2024-10-31,62590.98884431306,116238.35165178572
2024-11-01,62683.33583192567,116426.27042410715
2024-11-02,62759.92574605856,116613.14796875
2024-11-03,62794.79930320946,116792.31694196428
2024-11-04,62819.25299127252,116965.65723214285
2024-11-05,62866.46713119369,117157.34723214286
2024-11-06,62971.55732685811,117375.67145089286
2024-11-07,63054.3924901464,117596.32995535714
2024-11-08,63138.913464245496,117818.18821428572
2024-11-09,63216.610254786036,118040.94292410715
2024-11-10,63332.72680884009,118286.62901785714
2024-11-11,63537.89629082207,118580.61368303571
2024-11-12,63741.352864583336,118867.04069196428
2024-11-13,63964.83878800676,119168.33024553572
2024-11-14,64139.05831221847,119451.40272321428
2024-11-15,64348.541842623876,119750.70133928572
2024-11-16,64549.466251407655,120042.59930803571
2024-11-17,64756.907129786036,120327.55622767858
2024-11-18,64976.201048704956,120605.05647321428
2024-11-19,65225.97167088964,120880.84584821429
2024-11-20,65487.07069960586,121169.94897321428
2024-11-21,65821.2117820946,121485.44647321428
2024-11-22,66166.41511824324,121798.76683035714
2024-11-23,66523.71516047297,122107.63138392857
2024-11-24,66920.31302787163,122417.54064732142
2024-11-25,67254.25879786036,122713.87473214285
2024-11-26,67587.21248592342,123002.64671875
2024-11-27,67895.79261683559,123305.91408482143
2024-11-28,68209.05708051802,123606.64834821428
2024-11-29,68538.02744932432,123923.97272321429
2024-11-30,68877.93348817568,124233.73808035714
2024-12-01,69219.60261824324,124553.25308035714
2024-12-02,69537.22188203828,124857.49174107143
2024-12-03,69872.94165259009,125164.52966517858
2024-12-04,70244.18880208333,125479.47984375
2024-12-05,70583.82362049549,125780.76223214286
2024-12-06,70948.16360501126,126100.32113839286
2024-12-07,71321.49127252253,126421.37138392858
2024-12-08,71697.55039414414,126754.05651785714
2024-12-09,72043.67585163288,127061.59696428571
2024-12-10,72363.49781813064,127371.05426339286
2024-12-11,72730.98536036036,127700.94098214286
2024-12-12,73054.84702280405,128029.02752232143
2024-12-13,73390.70527167793,128368.22669642857
2024-12-14,73724.39379222973,128706.60421875
2024-12-15,74097.52924408784,129061.08140625
2024-12-16,74516.6786669482,129414.58075892857
2024-12-17,74941.11989724099,129764.19580357143
2024-12-18,75307.36637809685,130091.01502232143
2024-12-19,75653.05535613738,130395.64948660714
2024-12-20,76002.47906109234,130701.8965625
2024-12-21,76361.93165822072,131006.09959821429
2024-12-22,76686.18802787163,131298.45296875
2024-12-23,77021.82062922297,131571.11433035714
2024-12-24,77388.52832911036,131871.3221205357
2024-12-25,77777.1653293919,132172.3016517857
2024-12-26,78154.16318271396,132454.74125
2024-12-27,78514.75031672297,132747.95091517858
2024-12-28,78878.01485078828,133046.93118303572
2024-12-29,79206.93999859234,133342.55379464285
2024-12-30,79522.2057643581,133629.01803571428
2024-12-31,79847.30514498874,133916.29950892858
2025-01-01,80174.26682150901,134211.5972544643
2025-01-02,80501.43415681306,134529.45334821427
2025-01-03,80844.6981981982,134852.24776785713
2025-01-04,81196.53054617117,135175.50857142857
2025-01-05,81557.99408783784,135499.90386160713
2025-01-06,81934.29631193694,135857.45082589285
2025-01-07,82252.07129786036,136183.60598214285
2025-01-08,82541.28811233108,136497.69997767857
2025-01-09,82805.17155827703,136797.98700892858
2025-01-10,83087.21311936936,137100.18462053573
2025-01-11,83365.75260416667,137399.87912946427
2025-01-12,83646.46104307432,137699.60966517858
2025-01-13,83918.6642384572,137992.34267857144
2025-01-14,84219.48317849099,138298.52232142858
2025-01-15,84537.71266188064,138629.50453125
2025-01-16,84843.71484375,138953.39671875
2025-01-17,85191.23187640766,139303.5463169643
2025-01-18,85540.53607122747,139654.49386160713
2025-01-19,85880.71723676802,139988.81401785713
2025-01-20,86251.70513091216,140328.00256696428
2025-01-21,86661.73648648648,140688.35453125
2025-01-22,87048.16592764639,141027.41080357143
2025-01-23,87425.57759712837,141362.60283482142
2025-01-24,87810.5283643018,141692.15875
2025-01-25,88187.96706081081,142017.54944196428
2025-01-26,88552.34399634009,142328.34133928572
2025-01-27,88912.30542652027,142626.22399553572
2025-01-28,89279.42592201577,142921.02419642857
2025-01-29,89670.67557010135,143217.46142857143
2025-01-30,90051.66849662163,143519.15714285715
2025-01-31,90404.92975788288,143806.2704017857
2025-02-01,90745.51112049549,144086.22988839285
2025-02-02,91030.5818552928,144346.60948660714
2025-02-03,91340.1702561937,144630.1882142857
2025-02-04,91612.77477477478,144890.68504464286
2025-02-05,91875.97846283784,145146.54941964286
2025-02-06,92129.80285754504,145405.33984375
2025-02-07,92383.55377252253,145667.03776785714
2025-02-08,92631.12809684685,145923.6740625
2025-02-09,92893.58072916667,146179.48466517858
2025-02-10,93164.53702139639,146424.71410714285
2025-02-11,93428.63823198198,146645.64015625
2025-02-12,93696.4292652027,146847.81770089286
2025-02-13,93966.53244650901,147050.24904017858
2025-02-14,94241.25563063064,147250.63953125
2025-02-15,94508.38224943694,147453.78526785714
2025-02-16,94745.02435247747,147642.40046875
2025-02-17,94952.7080518018,147799.21743303572
2025-02-18,95161.7171311937,147980.57941964286
2025-02-19,95399.73894988738,148155.02973214287
2025-02-20,95659.66209177928,148334.50660714286
2025-02-21,95901.43032094595,148493.50919642858
2025-02-22,96152.21086711712,148653.95991071427
2025-02-23,96408.62901182432,148809.6978125
2025-02-24,96607.35522240991,148919.95075892858
2025-02-25,96725.34705799549,149018.5500892857
2025-02-26,96801.40259009009,149082.91308035713
2025-02-27,96874.90484234234,149158.95669642856
2025-02-28,96943.32052364865,149244.49517857144
2025-03-01,96993.39013231982,149362.876875
2025-03-02,97043.36190878379,149510.6353125
2025-03-03,97026.33361486487,149616.4471875
2025-03-04,96996.0456081081,149761.07245535715
2025-03-05,97026.43419200451,149890.84325892857
2025-03-06,97016.48571227478,150030.67375
2025-03-07,96982.10909346846,150161.89609375
2025-03-08,96948.85451858108,150288.13832589285
2025-03-09,96859.29054054055,150364.52042410715
2025-03-10,96734.86000844595,150413.51006696429
2025-03-11,96631.46107826577,150487.07792410714
2025-03-12,96498.2865990991,150568.60372767856
2025-03-13,96336.74641047297,150627.58515625
2025-03-14,96212.34839527027,150708.02100446427
2025-03-15,96089.18883727478,150792.00845982143
2025-03-16,95994.39055461712,150856.27154017857
2025-03-17,95923.13260135135,150938.40604910714
2025-03-18,95803.81700450451,151037.10049107144
2025-03-19,95724.55356137388,151156.37714285715
2025-03-20,95604.78483952703,151245.8534375
2025-03-21,95493.02076295044,151338.456875
2025-03-22,95371.87387387388,151423.80758928572
2025-03-23,95283.48711993243,151519.18941964285
2025-03-24,95206.88126407658,151609.8611607143
2025-03-25,95105.10803772522,151714.619375
2025-03-26,95017.78652871621,151807.83651785715
2025-03-27,94902.97923704956,151905.64504464285
2025-03-28,94762.70727759009,152003.6866517857
2025-03-29,94594.79349662163,152110.97872767856
2025-03-30,94458.77371903154,152205.81185267857
2025-03-31,94331.5078125,152315.08444196428
2025-04-01,94187.32889921172,152437.12620535714
2025-04-02,94029.15512387388,152558.32060267858
2025-04-03,93863.78188344595,152670.26388392856
2025-04-04,93705.86148648648,152784.5509375
2025-04-05,93518.52906813064,152890.32439732144
2025-04-06,93267.94137105856,152966.25491071428
2025-04-07,93025.55159065315,153037.09866071428
2025-04-08,92811.4111768018,153093.46825892857
2025-04-09,92677.02378941441,153198.02285714285
2025-04-10,92513.69235641892,153284.56247767858
2025-04-11,92389.18883727478,153396.84542410713
2025-04-12,92300.73993524775,153521.8052455357
2025-04-13,92201.62943412163,153639.35808035714
2025-04-14,92074.29877533784,153757.65104910714
2025-04-15,91933.48613457207,153889.26325892858
2025-04-16,91827.52533783784,154036.57671875
2025-04-17,91744.01984797297,154183.8470982143
2025-04-18,91647.50520833333,154307.05263392857
2025-04-19,91571.22761824324,154428.03515625
2025-04-20,91503.94017454956,154548.85328125
2025-04-21,91450.69425675676,154688.03589285715
2025-04-22,91441.88464245496,154865.79060267858
2025-04-23,91413.16603322072,155051.56870535715
2025-04-24,91375.6558277027,155228.1049107143
2025-04-25,91343.98261542793,155421.97761160714
2025-04-26,91310.93728885135,155615.42457589286
2025-04-27,91235.953125,155800.03285714285
2025-04-28,91218.44003378379,155983.33171875
2025-04-29,91211.60458896396,156170.37171875
2025-04-30,91227.12957488738,156330.02783482143
2025-05-01,91243.26365427928,156508.6607142857
2025-05-02,91264.37605574324,156679.2789732143
2025-05-03,91277.01893299549,156844.7132142857
2025-05-04,91275.2122043919,157004.928125
2025-05-05,91259.12218468469,157138.07017857142
2025-05-06,91225.77069256757,157290.44700892858
2025-05-07,91201.22487331081,157449.93263392858
2025-05-08,91190.22867398648,157651.71491071428
2025-05-09,91177.28075731982,157848.54205357144
2025-05-10,91209.77371903154,158051.00138392858
2025-05-11,91228.59980292793,158254.3629017857
2025-05-12,91198.56996058559,158445.32517857142
2025-05-13,91203.2252956081,158650.31714285715
2025-05-14,91199.43468468469,158855.8104017857
2025-05-15,91189.75140765766,159057.97982142857
2025-05-16,91178.71213400901,159263.6819642857
2025-05-17,91183.2939893018,159466.4485267857
2025-05-18,91222.55813626126,159687.55941964284
2025-05-19,91261.05996621621,159897.853125
2025-05-20,91288.87865990991,160104.84352678573
2025-05-21,91333.40815033784,160325.38785714286
2025-05-22,91416.90596846846,160559.19424107144
2025-05-23,91476.65273085586,160776.02401785715
2025-05-24,91567.66335867117,160995.94049107144
2025-05-25,91636.40181587837,161221.0113392857
2025-05-26,91740.62295889639,161449.17183035714
2025-05-27,91852.14724099099,161687.24388392858
2025-05-28,91953.12950450451,161913.30754464286
2025-05-29,92035.22564752253,162135.5095982143
2025-05-30,92102.93841497747,162352.58089285714
2025-05-31,92176.2537302928,162572.2785714286
2025-06-01,92250.2586570946,162795.2103125
2025-06-02,92341.55686936936,163020.30308035715
2025-06-03,92409.54434121621,163250.54149553573
2025-06-04,92482.59044200451,163477.80828125
2025-06-05,92519.22994087837,163687.79283482142
2025-06-06,92580.58122184685,163918.0450892857
2025-06-07,92665.63161599099,164154.40535714285
2025-06-08,92755.90427927928,164397.90736607142
2025-06-09,92888.82819538288,164683.71700892856
2025-06-10,93011.54553772522,164960.5889732143
2025-06-11,93104.81299268018,165234.16238839287
2025-06-12,93193.13288288288,165487.44383928573
2025-06-13,93278.83748592342,165748.99145089285
2025-06-14,93361.70671452703,166003.76303571428
2025-06-15,93489.03871058559,166248.75578125
2025-06-16,93651.74669200451,166499.86879464285
2025-06-17,93834.21600506757,166743.1379464286
2025-06-18,94016.00971283784,166998.62026785716
2025-06-19,94198.99422860361,167271.22933035714
2025-06-20,94354.64907094595,167537.78491071428
2025-06-21,94426.80271677928,167788.94986607143
2025-06-22,94561.23036317568,168046.88147321428
2025-06-23,94726.59593186936,168326.15390625
2025-06-24,94865.53350225225,168600.64765625
2025-06-25,95022.28603603604,168884.1834375
2025-06-26,95204.42412725225,169167.69821428572
2025-06-27,95393.0172438063,169448.77801339285
2025-06-28,95633.79800112612,169723.61087053572
2025-06-29,95902.74908502253,169995.59816964285
2025-06-30,96121.42588682432,170237.11350446427
2025-07-01,96319.40716497747,170469.11997767858
2025-07-02,96569.79110360361,170724.78013392858
2025-07-03,96801.13231981982,170985.77390625
2025-07-04,97014.56679335586,171221.91207589285
2025-07-05,97245.66131756757,171456.58368303571
2025-07-06,97472.29539695945,171691.31252232142
2025-07-07,97702.75802364865,171923.96738839286
2025-07-08,97901.82150900901,172169.81082589287
2025-07-09,98146.5004222973,172432.40752232142
2025-07-10,98434.28385416667,172719.32167410714
2025-07-11,98737.74788851352,173002.77841517856
2025-07-12,99020.45826295044,173286.33207589286
2025-07-13,99305.29793074324,173576.96207589286
2025-07-14,99596.99162443694,173879.98944196428
2025-07-15,99875.15653153154,174174.71042410715
2025-07-16,100159.49352477478,174483.96332589287
2025-07-17,100474.23852759009,174792.14814732142
2025-07-18,100793.20826295044,175115.5090625
2025-07-19,101113.97811092342,175442.70839285714
2025-07-20,101427.05806587837,175780.90160714285
2025-07-21,101717.7820945946,176143.46207589286
2025-07-22,102055.70734797297,176508.9540625
2025-07-23,102376.89773367117,176873.11120535716
2025-07-24,102687.92652027027,177196.87042410715
2025-07-25,102995.41378096846,177521.18910714285
2025-07-26,103353.36768018018,177846.9122767857
2025-07-27,103715.64836711712,178193.93517857144
2025-07-28,104090.89632601352,178528.62066964287
2025-07-29,104409.34853603604,178856.12113839286
2025-07-30,104753.53814752253,179193.80066964286
2025-07-31,105045.00992398648,179526.36127232143
2025-08-01,105297.55926238738,179837.366875
2025-08-02,105557.39653716216,180140.49796875
2025-08-03,105824.74141328828,180458.97629464287
2025-08-04,106107.65033783784,180776.56732142856
2025-08-05,106378.8897804054,181091.58819196429
2025-08-06,106650.35149211712,181399.3185267857
2025-08-07,106948.06404842342,181725.68986607142
2025-08-08,107232.97677364865,182026.22912946428
2025-08-09,107515.19348254504,182325.20837053572
2025-08-10,107801.57052364865,182639.34102678573
2025-08-11,108029.40434966216,182958.48837053572
2025-08-12,108267.90702421172,183305.16707589285
2025-08-13,108532.7742820946,183672.68957589284
2025-08-14,108745.73894988738,184009.66899553573
2025-08-15,108950.70671452703,184342.69113839287
2025-08-16,109164.54912725225,184677.0994419643
2025-08-17,109367.02041103604,185020.68558035715
2025-08-18,109564.92602759009,185347.19890625
2025-08-19,109732.70861486487,185663.77122767858
2025-08-20,109892.91047297297,185985.50381696428
2025-08-21,110032.63084177928,186306.98120535715
2025-08-22,110221.66047297297,186666.55453125
2025-08-23,110411.37535191441,187016.46676339285
2025-08-24,110579.93728885135,187351.42026785715
2025-08-25,110699.95418074324,187654.87636160714
2025-08-26,110833.02027027027,187964.32747767857
2025-08-27,110904.91758164414,188272.20685267856
2025-08-28,110991.1694115991,188583.16566964285
2025-08-29,111024.63344594595,188856.5344419643
2025-08-30,111066.99120213964,189135.4084375
2025-08-31,111115.85388513513,189415.71629464286
2025-09-01,111161.62668918919,189707.47678571427
2025-09-02,111230.64625563064,189998.28848214285
2025-09-03,111302.52526745496,190284.42294642856
2025-09-04,111367.69925394144,190557.46948660715
2025-09-05,111434.90554617117,190828.65810267857
2025-09-06,111468.9477759009,191096.2572767857
2025-09-07,111519.05081644144,191367.79388392856
2025-09-08,111566.62148085586,191646.31747767856
2025-09-09,111583.31038851352,191916.19506696428
2025-09-10,111603.8696509009,192206.55058035714
2025-09-11,111677.92138231982,192494.1306919643
2025-09-12,111752.79004786036,192781.6216294643
2025-09-13,111815.0884009009,193067.69511160714
2025-09-14,111868.84776182432,193352.10854910716
2025-09-15,111926.95798141892,193649.9106919643
2025-09-16,112008.40716497747,193969.9460044643
2025-09-17,112105.94545326577,194289.0072767857
2025-09-18,112224.31151463964,194611.16613839284
2025-09-19,112323.86796171172,194917.57404017856
2025-09-20,112414.58741554055,195224.04267857142
2025-09-21,112499.49338400901,195523.96919642857
2025-09-22,112565.40364583333,195812.60832589286
2025-09-23,112631.0118947072,196097.65136160713
2025-09-24,112736.8918918919,196399.06011160713
2025-09-25,112778.86437218469,196677.77319196428
2025-09-26,112815.77611204956,196947.87455357143
2025-09-27,112850.80581362612,197213.5255357143
2025-09-28,112867.27913851352,197495.075625
2025-09-29,112904.60480011262,197771.38566964286
2025-09-30,112952.97832207207,198040.04267857142
2025-10-01,113067.57179054055,198331.67816964287
2025-10-02,113199.01583614865,198636.1434375
2025-10-03,113350.31425957207,198943.84482142856
2025-10-04,113502.32692849099,199252.77450892856
2025-10-05,113652.92799831081,199564.27035714284
2025-10-06,113834.47226914414,199892.1828125
2025-10-07,113983.73402308559,200201.26839285714
2025-10-08,114151.93742961712,200526.54080357144
2025-10-09,114317.66701858108,200832.50955357144
2025-10-10,114416.37837837837,201098.635
2025-10-11,114504.85353322072,201348.88178571427
2025-10-12,114591.26787725225,201618.82732142857
2025-10-13,114674.37999718469,201878.04629464285
2025-10-14,114726.24852195945,202108.89299107142
2025-10-15,114760.69144144144,202328.5708482143
2025-10-16,114770.57981418919,202545.54714285713
2025-10-17,114762.83284065315,202756.89183035714
2025-10-18,114752.13640202703,202973.51464285713
2025-10-19,114765.9325731982,203201.66089285715
2025-10-20,114809.99246903154,203446.10330357144
2025-10-21,114806.54715653154,203669.63089285715
2025-10-22,114788.89498873874,203852.7709375
2025-10-23,114807.23184121621,204047.99875
2025-10-24,114832.48177083333,204245.07558035714
2025-10-25,114854.1903856982,204444.29191964286
2025-10-26,114909.7993384009,204638.56767857142
2025-10-27,114956.36739864865,204783.8125
2025-10-28,114971.04856418919,204926.67165178573
2025-10-29,114917.60803772522,205037.9353125
2025-10-30,114834.62204391892,205158.25026785713
2025-10-31,114763.63949887388,205263.90830357143
2025-11-01,114682.08903434685,205375.36852678572
2025-11-02,114599.11535754504,205494.19008928572
2025-11-03,114497.94721283784,205585.6465625
2025-11-04,114343.46086711712,205638.48504464285
2025-11-05,114204.74007601352,205693.06986607143
2025-11-06,114054.2721706081,205709.0502232143
2025-11-07,113923.03279842342,205734.04875
2025-11-08,113787.7294481982,205759.79066964285
2025-11-09,113673.13576858108,205798.10964285713
2025-11-10,113547.02027027027,205871.7913392857
2025-11-11,113405.0608811937,205934.7179017857
2025-11-12,113254.56707488738,205967.29308035714
2025-11-13,113092.95995213964,205990.4075
2025-11-14,112880.80159065315,205972.90044642857
2025-11-15,112665.4921875,205967.758125
2025-11-16,112451.55166103604,205950.02834821428
2025-11-17,112218.86451295044,205928.47732142857
2025-11-18,111994.69953547297,205911.02995535714
2025-11-19,111775.85078828828,205869.3011607143
2025-11-20,111535.41666666667,205812.37732142856
2025-11-21,111288.2434543919,205727.63433035713
2025-11-22,111021.85325168919,205640.34875
2025-11-23,110767.19672015766,205557.8858482143
2025-11-24,110534.12570382883,205505.53066964285
2025-11-25,110284.70129504504,205452.1961607143
2025-11-26,110041.65146396396,205391.31236607142
2025-11-27,109812.79244087837,205341.26879464285
2025-11-28,109582.33213682432,205281.04026785714
2025-11-29,109325.98078547297,205220.9190625
2025-11-30,109070.69130067568,205141.46544642857
2025-12-01,108765.72431024775,205028.84745535714
2025-12-02,108477.4913429054,204944.33089285714
2025-12-03,108253.7816722973,204907.10955357144
2025-12-04,108026.24359515766,204876.54196428572
2025-12-05,107773.05806587837,204828.72383928573
2025-12-06,107519.17799831081,204783.28183035715
2025-12-07,107286.32509853604,204756.42870535713
2025-12-08,107086.40639076577,204733.30848214286
2025-12-09,106891.9646677928,204699.11200892858
2025-12-10,106708.19812781531,204657.52200892856
2025-12-11,106488.71389358108,204638.75526785714
2025-12-12,106262.55250563064,204616.50129464286
2025-12-13,106053.90639076577,204588.70004464284
2025-12-14,105856.16610360361,204558.0997767857
2025-12-15,105627.49155405405,204522.53732142856
2025-12-16,105416.87823761262,204490.6217857143
2025-12-17,105179.03096846846,204443.33035714287
2025-12-18,104972.28927364865,204378.04825892858
2025-12-19,104785.76055743243,204320.8822767857
2025-12-20,104606.54694538288,204264.35526785714
2025-12-21,104420.7015061937,204208.96549107143
2025-12-22,104216.10177364865,204131.319375
2025-12-23,103997.09987331081,204076.98392857143
2025-12-24,103788.8868947072,204034.51785714287
2025-12-25,103577.92975788288,204004.521875
2025-12-26,103371.41385135135,203962.23602678571
2025-12-27,103160.91420326577,203923.58209821428
2025-12-28,102942.57552083333,203885.56723214284
2025-12-29,102722.82411317568,203843.40504464286
2025-12-30,102492.86711711712,203797.0969642857
2025-12-31,102240.62647804055,203722.83602678572
2026-01-01,101994.05356137388,203659.8364732143
2026-01-02,101759.76696227478,203576.88022321428
2026-01-03,101536.30327984234,203497.99517857144
2026-01-04,101319.80433558559,203442.70308035714
2026-01-05,101112.95178772522,203396.22245535714
2026-01-06,100908.09163851352,203325.26683035714
2026-01-07,100675.39660754504,203254.7238839286
2026-01-08,100453.21882038288,203180.82075892857
2026-01-09,100226.11197916667,203099.07
2026-01-10,100001.61247184685,203017.1957142857
2026-01-11,99804.12556306306,202949.45263392857
2026-01-12,99616.5444115991,202887.19723214285
2026-01-13,99454.32052364865,202852.85040178572
2026-01-14,99345.13168637388,202814.1425
2026-01-15,99217.5493384009,202761.66183035713
2026-01-16,99090.01034628379,202722.34808035713
2026-01-17,98936.6525197072,202690.5995982143
2026-01-18,98749.57186092342,202667.43075892856
2026-01-19,98555.85571509009,202616.8488839286
2026-01-20,98282.54018862612,202562.21508928572
2026-01-21,98000.51949605856,202520.85232142857
2026-01-22,97704.9872606982,202480.10464285716
2026-01-23,97408.39667792793,202439.96058035715
2026-01-24,97098.46206362612,202397.8364732143
2026-01-25,96754.49528434685,202341.10575892858
2026-01-26,96455.53814752253,202288.70339285713
2026-01-27,96146.95889639639,202250.73276785715
2026-01-28,95853.97677364865,202201.01111607143
2026-01-29,95595.84360923423,202132.08379464285
2026-01-30,95355.49021677928,202055.62486607142
2026-01-31,95026.22311373874,201947.2863839286
2026-02-01,94681.20840371621,201837.56875
2026-02-02,94371.02913851352,201739.94236607142
2026-02-03,94054.3659206081,201626.19379464287
2026-02-04,93737.55208333333,201491.24575892856
2026-02-05,93343.26657516892,201287.63524553573
2026-02-06,93013.15058417793,201141.5200669643
2026-02-07,92658.33308699324,200985.54412946428
2026-02-08,92295.05197775901,200836.92015625
2026-02-09,91949.5014428491,200715.22078125
2026-02-10,91599.09941582207,200601.26529017856
2026-02-11,91211.01150760135,200502.09354910714
2026-02-12,90807.29909206081,200396.4799330357
2026-02-13,90421.85870636262,200307.82185267858
2026-02-14,90019.11257742117,200214.88305803572
2026-02-15,89610.7239231419,200069.39640625
2026-02-16,89213.3094383446,199970.98203125
2026-02-17,88829.87623170044,199858.25073660715
2026-02-18,88452.57689329956,199719.97506696428
2026-02-19,88068.80535613738,199588.52247767858
2026-02-20,87689.89910613738,199481.45247767857
2026-02-21,87305.79226492117,199377.73345982144
2026-02-22,86955.44872606982,199303.78118303572
2026-02-23,86622.3515625,199224.26540178573
2026-02-24,86263.68676097973,199116.9387276786
2026-02-25,85963.31591356982,199026.8688169643
2026-02-26,85639.72462697072,198949.08064732142
2026-02-27,85311.7938133446,198845.7246205357
2026-02-28,84971.93992820945,198746.59747767856
2026-03-01,84609.25080940315,198650.35984375
2026-03-02,84300.9479518581,198562.93220982142
2026-03-03,84000.32147381757,198480.50448660715
2026-03-04,83757.19612190315,198399.68363839286
2026-03-05,83544.9739231419,198323.53466517857
2026-03-06,83298.01305602478,198232.63895089287
2026-03-07,83055.63031390766,198138.0110044643
2026-03-08,82820.27811796172,198023.24189732142
2026-03-09,82599.13854870496,197914.11886160713
2026-03-10,82405.09287021396,197813.86296875
2026-03-11,82257.1017384572,197718.45725446427
2026-03-12,82125.5951928491,197623.12216517856
2026-03-13,82002.35110501126,197546.6371205357
2026-03-14,81861.89720579956,197481.5916294643
2026-03-15,81722.43190456081,197427.05100446427
2026-03-16,81609.99222269144,197383.1205580357
2026-03-17,81460.47969453828,197318.85372767856
2026-03-18,81279.9409839527,197254.62439732143
2026-03-19,81090.69344735361,197179.25274553572
2026-03-20,80907.54775478604,197103.13149553572
2026-03-21,80712.20731278154,197018.5985044643
2026-03-22,80545.75362471846,196959.34551339285
2026-03-23,80361.65142877253,196911.7999330357
2026-03-24,80154.3546241554,196878.91939732144
2026-03-25,79966.68127111487,196814.55328125
2026-03-26,79781.1305250563,196752.64176339286
2026-03-27,79574.5179124437,196655.1191294643
2026-03-28,79357.52741413288,196546.73390625
2026-03-29,79135.13749296172,196445.41930803572
2026-03-30,78900.90086570945,196343.41390625
2026-03-31,78686.59786739865,196255.21002232144
2026-04-01,78466.48272100225,196164.03680803571
2026-04-02,78255.83548001126,196061.13863839285
2026-04-03,78045.31647663288,195961.02604910714
2026-04-04,77857.1663499437,195859.4666294643
2026-04-05,77700.06830658784,195766.93859375
2026-04-06,77529.03987190315,195660.31529017858
2026-04-07,77401.08442426802,195537.45136160715
2026-04-08,77271.90290681306,195408.44707589285
2026-04-09,77124.73574746621,195281.7272544643
2026-04-10,76986.31274634009,195157.4903794643
2026-04-11,76846.06520974099,195034.10377232142
2026-04-12,76686.27593609234,194902.66698660713
2026-04-13,76569.79522100225,194785.55779017857
2026-04-14,76448.80106278154,194670.68247767858
2026-04-15,76336.82210726352,194559.81256696428
2026-04-16,76227.36898226352,194437.86854910714
2026-04-17,76131.19527730856,194324.82171875
2026-04-18,76022.09955658784,194209.58979910714
2026-04-19,75902.44379926802,194092.67765625
2026-04-20,75789.31218327703,193984.81747767856
2026-04-21,75688.80718609234,193867.96203125
2026-04-22,75593.95238597973,193760.3664955357
2026-04-23,75488.76551942568,193617.66645089287
2026-04-24,75370.31619510135,193471.86337053572
2026-04-25,75245.97856841216,193317.0958705357
2026-04-26,75108.81626548423,193171.67404017856
2026-04-27,74961.40720016892,193026.26645089284
2026-04-28,74826.65600365991,192867.2999330357
2026-04-29,74689.25967764639,192708.65261160713
2026-04-30,74561.2526393581,192551.85078125
2026-05-01,74451.27382460586,192407.2205580357
2026-05-02,74341.63228462837,192267.02720982142
2026-05-03,74227.62538710586,192107.55417410715
2026-05-04,74088.04092764639,191960.24975446428
2026-05-05,73943.87630208333,191812.45529017856
2026-05-06,73816.63615568694,191651.02359375
2026-05-07,73676.86025478604,191470.09051339285
2026-05-08,73542.50749577703,191315.22747767856
2026-05-09,73425.66008586712,191160.21725446428
2026-05-10,73331.83428350225,191006.52319196428
2026-05-11,73272.53149634009,190848.1685044643
2026-05-12,73192.35610219595,190685.21337053573
2026-05-13,73100.59631897522,190522.2121651786
2026-05-14,73024.44654420044,190381.69497767856
2026-05-15,72933.95055602478,190239.22131696428
2026-05-16,72857.90748170044,190087.75470982143
2026-05-17,72760.26974239865,189926.48185267858
2026-05-18,72650.82471143018,189761.18265625
2026-05-19,72538.80971987612,189597.28801339286
2026-05-20,72474.81140906531,189441.4353794643
2026-05-21,72415.44668496621,189304.08234375
2026-05-22,72387.22258586712,189138.92747767858
2026-05-23,72384.51017032658,188973.54314732144
2026-05-24,72369.1260205518,188808.90015625
2026-05-25,72383.9582981419,188620.24774553571
2026-05-26,72409.2378589527,188423.49631696427
2026-05-27,72514.12619650901,188227.25676339286
2026-05-28,72540.9835304054,188042.15676339285
2026-05-29,72577.83537443694,187855.19421875
2026-05-30,72609.27780123874,187673.95095982144
2026-05-31,72640.4391188063,187491.25189732143
2026-06-01,72663.19418637388,187288.52627232144
2026-06-02,72660.59677646396,187071.96935267857
2026-06-03,72640.70960022522,186838.43243303572
2026-06-04,72595.15762246621,186604.81691964285
2026-06-05,72515.47332488738,186362.6058705357
2026-06-06,72444.11500563064,186126.0916294643
2026-06-07,72393.6317919482,185910.3909375
2026-06-08,72353.95945945945,185667.60703125
2026-06-09,72310.88253096846,185413.88216517857
2026-06-10,72261.25879786036,185151.5280580357
2026-06-11,72221.21945382883,184903.53408482144
2026-06-12,72181.03417088964,184654.70419642856
2026-06-13,72151.86240146396,184409.52488839286
2026-06-14,72161.71519566441,184165.66676339286
2026-06-15,72181.62021396396,183932.26198660713
2026-06-16,72160.36359797297,183703.13261160714
2026-06-17,72133.01829954956,183449.18475446428
2026-06-18,72106.12348676802,183182.03330357143
2026-06-19,72074.99714949324,182927.78473214287
2026-06-20,72061.49781813064,182676.40470982142
2026-06-21,72011.60311092342,182413.5788169643
2026-06-22,71972.49011120496,182160.163125
2026-06-23,71882.01661036036,181895.69310267858
2026-06-24,71793.31397804055,181608.08497767858
2026-06-25,71717.50482122747,181286.56767857142
2026-06-26,71652.13397381757,180957.9930357143
2026-06-27,71597.8125,180629.44944196427
2026-06-28,71517.90220298423,180288.9707142857
2026-06-29,71429.7171311937,179947.76314732144
2026-06-30,71324.79800112612,179609.37270089285
2026-07-01,71230.29617117117,179273.7455580357
2026-07-02,71144.86405546172,178943.43388392858
2026-07-03,71066.75211148648,178626.52515625
2026-07-04,70979.35022522522,178313.08703125
2026-07-05,70877.42947635135,178005.9275669643
2026-07-06,70787.99289132883,177700.53029017858
2026-07-07,70716.38763372747,177376.54160714286
2026-07-08,70647.42173423423,177053.69939732144
2026-07-09,70581.39076576577,176738.41453125
2026-07-10,70540.0900197072,176432.65029017857
2026-07-11,70503.66494228604,176123.24834821429
2026-07-12,70439.19070242117,175805.01821428572
2026-07-13,70364.60747466216,175486.81618303573
2026-07-14,70307.36630771396,175184.153125
2026-07-15,70270.61630771396,174880.61705357142
2026-07-16,70247.6514991554,174583.6517857143
2026-07-17,70225.84758586712,174301.2482142857
2026-07-18,70215.41226773648,174028.50357142856
2026-07-19,70197.38847832207,173745.4929017857
2026-07-20,70170.3318552928,173460.68229910714
2026-07-21,70156.15681306306,173188.4747544643
2026-07-22,70149.05975506757,172908.89073660714
2026-07-23,70132.06615990991,172609.16453125
2026-07-24,70103.30922719595,172308.64892857143
2026-07-25,70061.23638091216,172010.42866071427
2026-07-26,70029.52892736487,171702.04890625
2026-07-27,69955.51266891892,171387.72578125
2026-07-28,69890.17937077703,171066.0026785714
2026-07-29,69819.37162162163,170726.3689955357
2026-07-30,69745.01361908784,170419.88745535715
2026-07-31,69652.75661599099,170107.97542410714
2026-08-01,69580.7738597973,169795.2438169643
2026-08-02,69481.65097128379,169486.8377455357
2026-08-03,69385.06798986487,169185.17252232143
2026-08-04,69288.2290259009,168906.45694196428
2026-08-05,69193.1422438063,168622.58698660714
2026-08-06,69077.24348958333,168347.40459821429
2026-08-07,68979.53160191441,168050.29662946428
2026-08-08,68898.88597972973,167761.89868303572
2026-08-09,68799.53790118243,167484.10700892858
2026-08-10,68687.44612190315,167220.02834821428
2026-08-11,68555.45308980856,166944.30959821428
2026-08-12,68421.52048141892,166671.05457589286
2026-08-13,68294.91561092342,166390.23953125
2026-08-14,68163.0559543919,166130.60957589286
2026-08-15,68022.21614583333,165868.98814732142
2026-08-16,67891.15332911036,165609.45638392857
2026-08-17,67784.44686092342,165353.77444196428
2026-08-18,67683.24387668919,165087.15738839286
