Date,SOXX,466950.KS,469170.KS
2023-10-17,1001779.007874964,1000958.8866187398,1000000.0000000001
2023-10-18,991521.0681861491,992192.3491064033,990601.6256053554
2023-10-19,982874.6151014715,982411.8613007675,975661.4513886655
2023-10-20,974433.3163373261,974313.1970266631,961423.3860469155
2023-10-23,972417.8509542735,970068.5145828229,959480.8875619525
2023-10-24,980438.0993167431,975485.1152525446,967735.8879221013
2023-10-25,964287.6630875636,968792.4487908499,943105.1628333714
2023-10-26,959142.175019831,958627.2278357531,926194.448199963
2023-10-27,956503.0819129165,953737.8069517212,926808.6795132067
2023-10-30,960397.5343481523,960099.6027685781,936679.5008146269
2023-10-31,964061.666567883,961272.08365375,931567.0569905003
2023-11-01,975297.1373731875,970116.9064871512,937266.2488400596
2023-11-02,993758.3243036888,989067.7409687479,960847.9698059986
2023-11-03,1005558.1217734893,997644.6063298417,971005.8448842388
2023-11-06,1004076.0666522635,995088.5441168624,1017001.3841842641
2023-11-07,1007069.9222391378,998244.7255247731,996384.983176078
2023-11-08,1007796.5499770709,1003677.3346873817,989251.2458817028
2023-11-09,1000156.4068623234,998145.0674043881,984211.5841957724
2023-11-10,1016903.0388228104,1005060.3111059694,985341.3101681713
2023-11-13,1014320.761552817,1009147.1922768722,986774.563431823
2023-11-14,1037276.7776394952,1026398.9341446154,1010258.566515452
2023-11-15,1039664.6150718633,1029104.669318485,1009142.6306729502
2023-11-16,1041466.6989032654,1028304.0930899617,1007853.3509014564
2023-11-17,1044832.1187187247,1031191.3003344558,1008848.8150204348
2023-11-20,1052997.6137669845,1035508.5505153529,1018155.9801652107
2023-11-21,1048011.5924165379,1037753.4929153812,1016386.4349012279
2023-11-22,1051253.4117864908,1041317.0239511398,1017473.0090154416
2023-11-24,1051774.38633015,1042797.752727613,1020792.6378475114
2023-11-27,1051837.2096038563,1040386.9739256455,1017547.1144871612
2023-11-28,1052667.3095922729,1042157.7450659254,1021857.3469885475
2023-11-29,1056431.8560295526,1043841.0509315388,1028472.8470623863
2023-11-30,1056485.1576748618,1046939.6825847247,1029436.6920548724
2023-12-01,1066804.650208936,1056171.1292220782,1033463.8747769049
2023-12-04,1060487.4644752364,1053189.3991421766,1031860.8596474457
2023-12-05,1060979.8583764578,1050643.7335943994,1027582.1832745791
2023-12-06,1060274.0374117605,1053308.3864189046,1026835.7311380864
2023-12-07,1067771.154257799,1055260.3930253815,1030765.0071898605
2023-12-08,1068355.6619834565,1054495.7888971858,1034263.580829431
2023-12-11,1075707.5434749187,1059580.033091477,1035767.5351898213
2023-12-12,1079545.9572573178,1064328.5402900758,1039084.8247257463
2023-12-13,1097655.6349965087,1081545.3274176877,1050994.1013776953
2023-12-14,1111670.648756131,1090585.0477738557,1063995.5835763887
2023-12-15,1110001.1622732275,1087879.978613887,1066393.575938717
2023-12-18,1111649.7107574511,1090840.4260068557,1071428.165341024
2023-12-19,1118152.9300407614,1098266.2014104708,1076191.3987935144
2023-12-20,1103729.6896147393,1089369.2101341295,1067455.843670021
2023-12-21,1114081.664077824,1093475.3450161607,1077753.6384853767
2023-12-22,1116805.869530703,1096718.9396716435,1080056.8915588984
2023-12-26,1124102.4622465037,1100557.670046158,1088102.4890190098
2023-12-27,1128882.2000008174,1105791.350150222,1098973.3877833497
2023-12-28,1126875.2961133076,1103044.011914401,1100217.927559439
2024-01-02,1113567.5191969967,1098071.984629247,1087573.7597512132
2024-01-03,1104941.1994790656,1091160.3818026797,1074136.621507812
2024-01-04,1099647.939775145,1083877.4911532386,1068551.4254086956
2024-01-05,1100363.6184424337,1083060.3313686932,1070045.5470212677
2024-01-08,1113869.3346795777,1092981.7908626695,1074956.3323046474
2024-01-09,1110703.8907839956,1094177.1172127952,1070155.9512141221
2024-01-10,1112039.3418378062,1097707.660523919,1069377.9392559156
2024-01-11,1112702.6505642338,1098766.4978628317,1072576.0444662399
2024-01-12,1113644.1442394077,1100281.7082452609,1071147.5568108207
2024-01-16,1108993.01532608,1094285.3717994725,1059785.9223017746
2024-01-17,1102056.256726464,1089509.5237421468,1050240.3035918868
2024-01-19,1128102.725000338,1108195.9188925377,1059887.1301396175
2024-01-22,1131120.547684616,1115067.3342525451,1057712.2286791368
2024-01-23,1133014.0442742694,1115120.378909808,1057439.321395954
2024-01-24,1132625.1072853776,1113215.24605822,1055554.1437522864
2024-01-25,1138086.1162645428,1119705.0690086274,1059883.4063634528
2024-01-26,1132380.7812527649,1116689.5314117952,1064268.9801376157
2024-01-29,1141065.3527241824,1123610.9802363922,1071982.3382635887
2024-01-30,1139095.518718998,1126559.7519485,1071361.0855694092
2024-01-31,1127566.715095734,1115148.5429080876,1063840.198406463
2024-02-01,1140687.923928221,1124699.290481963,1079951.5246523083
2024-02-02,1145233.7260558263,1129070.792552055,1083503.446696367
2024-02-05,1141878.7045255736,1126789.8682181512,1077867.8327370407
2024-02-06,1143535.8945290856,1131583.5487390887,1080640.1175663117
2024-02-07,1150929.9339263297,1134752.9694975829,1088627.2852315737
2024-02-08,1154688.4612637926,1139930.8653261866,1091486.9899758892
2024-02-13,1142828.1357414247,1132624.3179309943,1076956.8557985167
2024-02-14,1154064.9989903881,1136298.7112271022,1082177.1487029053
2024-02-15,1160749.000998668,1147268.7805512978,1093878.4136093236
2024-02-16,1155835.2881981058,1143729.2294696071,1094221.644100368
2024-02-20,1149812.5387254418,1139448.200595171,1089753.9333697334
2024-02-21,1149792.7874100073,1134811.8343229129,1089438.7562818886
2024-02-22,1173686.4168319833,1150759.0598607408,1101042.046395115
2024-02-23,1173738.2382920433,1161972.6992983122,1104419.79075452
2024-02-26,1172402.018116696,1154481.0169637247,1100054.476869389
2024-02-27,1172478.2041727095,1156245.4779349666,1095518.62190563
2024-02-28,1169704.4758056393,1155764.819987264,1095941.3864570896
2024-02-29,1179619.3187945324,1157495.4326847617,1100713.4295129178
2024-03-04,1200512.046237242,1178045.288066539,1116115.0650762825
2024-03-05,1193698.1062349847,1176543.6481526927,1109794.9992232672
2024-03-06,1203751.7159308714,1180941.9518295387,1112127.5178013304
2024-03-07,1217170.1068295734,1188459.9761652227,1118922.1167741113
2024-03-08,1205809.8120539277,1188940.6324475065,1116495.21470689
2024-03-11,1204200.9249033867,1180834.35634673,1116652.4014250569
2024-03-12,1211317.070638372,1183629.6826025888,1127381.478303087
2024-03-13,1206629.8803524377,1188091.9949142155,1128736.619873755
2024-03-14,1198226.4150882708,1181031.6581027093,1122014.067434458
2024-03-15,1192115.696299479,1173982.6823290333,1111905.6714154745
2024-03-18,1195388.036297121,1178557.7177686212,1115735.0136058917
2024-03-19,1197931.6107211835,1181862.9089859833,1117959.470684997
2024-03-20,1209283.3078921358,1189632.7079544321,1123271.6327757775
2024-03-21,1217156.3114081284,1197457.3498894894,1127960.9344748089
2024-03-22,1215672.6052786645,1197572.9476024136,1126789.0837581835
2024-03-25,1213308.5746204713,1197642.300796084,1125923.5983679332
2024-03-26,1209786.2840662026,1197180.3279858255,1121203.1741991153
2024-03-27,1222895.7162227358,1207343.8255428106,1129607.6888575512
2024-03-28,1225752.3825572145,1207645.8901899995,1128664.4371758678
2024-04-01,1224370.940878067,1205594.8103679703,1123453.9891047075
2024-04-02,1218048.2361721904,1202980.1838270898,1117361.5654433763
2024-04-03,1219705.6200528098,1200485.4631255977,1113066.5708359883
2024-04-04,1205863.8417460148,1196981.1312915506,1105970.024803585
2024-04-05,1214708.37812857,1198454.202936061,1108203.9739076216
2024-04-08,1216525.4921577876,1202708.1668953018,1113612.2247253652
2024-04-09,1222575.8418343829,1208013.021872753,1115221.6980921668
2024-04-11,1215152.0458644948,1199489.6094810965,1107381.2902801593
2024-04-12,1197485.4837166502,1194666.4550062448,1092506.4015001485
2024-04-15,1188035.4953958965,1185328.5732804246,1083212.1467150021
2024-04-16,1186418.6744355774,1176125.2669057955,1076241.9705756113
2024-04-17,1177889.0988555078,1173328.0140113092,1069454.6574581298
2024-04-18,1173352.4261898121,1170197.2781279287,1073740.865169115
2024-04-19,1165402.8422704039,1162743.1282534986,1069989.2563083577
2024-04-22,1170263.0606808777,1159818.4288831423,1078761.0680523433
2024-04-23,1181337.8331298358,1167166.2214426117,1084680.2723527756
2024-04-24,1182971.1031954433,1173581.8982410675,1090917.9235334096
2024-04-25,1182474.676453283,1162383.3685061536,1082678.490823674
2024-04-26,1192337.8078850363,1177294.1447561118,1087992.2137040636
2024-04-29,1197610.2203395348,1184251.4356570551,1095040.748469662
2024-04-30,1178992.7356601318,1170082.547779787,1080110.8469800493
2024-05-02,1181880.5224626479,1169788.230927142,1082884.0042107045
2024-05-03,1196598.8349136414,1181173.4928109553,1093703.0940257888
2024-05-07,1208398.1405816728,1197407.2048883871,1103018.3582227058
2024-05-08,1208322.0038214757,1195689.328967665,1103515.6341271577
2024-05-09,1214516.513542039,1202305.3503392371,1109406.5602719155
2024-05-10,1218480.9519128094,1204417.8164234837,1109464.4416374145
2024-05-13,1218343.9779794698,1205444.284675496,1106057.3712010842
2024-05-14,1227076.4368632569,1209891.4075969688,1111416.9703792175
2024-05-16,1241853.4342249525,1224240.873860527,1120629.1856119463
2024-05-17,1243021.977078868,1226404.258466681,1120538.710342215
2024-05-20,1248685.5082254768,1225701.9556205831,1120779.532756953
2024-05-21,1249309.7954599292,1230145.337540988,1118213.1664258745
2024-05-22,1247741.3823137477,1225922.3259110013,1111961.9171754783
2024-05-23,1236178.4240131588,1221718.6914383203,1101457.2953127318
2024-05-24,1246112.9037164948,1223374.3397036437,1101626.8473396143
2024-05-28,1249903.064543967,1229943.714779391,1104753.1348270027
2024-05-29,1235796.0835203133,1223583.7512955146,1089442.4054274363
2024-05-30,1232290.9006959165,1219361.1062198102,1084476.527129932
2024-05-31,1238126.6780237602,1225408.393685795,1092861.0969240195
2024-06-03,1241656.6801983095,1227392.4173980071,1102333.3908986917
2024-06-04,1241744.5614615392,1228797.6632389901,1102268.872897866
2024-06-05,1258463.6869669585,1236883.9578678568,1114680.7262481137
2024-06-07,1247283.8442127653,1230614.0187720745,1110127.4461295912
2024-06-10,1251370.1885907133,1232967.7456791697,1107915.2948854004
2024-06-11,1254044.700527013,1237910.3416858404,1117876.0900539157
2024-06-12,1265093.4474647127,1243912.7120635062,1123260.5075261674
2024-06-13,1268566.371209629,1250006.5553106437,1132853.5314476497
2024-06-14,1270604.342554392,1256747.1572614214,1134142.1795125145
2024-06-17,1276869.981552406,1259394.06898743,1133625.3760900549
2024-06-18,1283980.555114296,1265561.3496723233,1134838.0213105874
2024-06-20,1278987.2137213568,1271987.7855552947,1133422.656813099
2024-06-21,1273929.3404013729,1263762.079675484,1130489.3385748756
2024-06-24,1271657.3506882798,1263224.9871973842,1134281.1711296046
2024-06-25,1274377.8625943544,1259004.4616764719,1131801.4845031619
2024-06-26,1269404.687621253,1261045.5232256104,1129305.5590314732
2024-06-27,1271040.974178693,1258539.4517389021,1130724.6453906042
2024-06-28,1269129.2438655691,1257718.9533455973,1127125.1563963578
2024-07-01,1266650.2821376615,1254906.0616280846,1127688.345626373
2024-07-02,1274169.9975773317,1259423.7222739414,1124255.4287933537
2024-07-03,1282758.637211451,1267468.0159663153,1130152.331613946
2024-07-05,1289202.8447800733,1276404.4738819553,1136377.171395468
2024-07-08,1292209.0973715123,1275183.959751549,1136902.3938175233
2024-07-09,1292240.2145515394,1278852.7627830217,1134640.3240282366
2024-07-10,1305442.7951226952,1287804.3296474568,1140245.7513937938
2024-07-11,1301268.4222532727,1291056.828904396,1148175.9515723481
2024-07-12,1310184.1935117273,1291769.3451305055,1152940.7945473508
2024-07-15,1311382.3980263618,1295672.1881030137,1151183.4270889305
2024-07-16,1325181.682357996,1307319.4640780506,1156915.625586228
2024-07-17,1305922.5129916407,1298335.9320503417,1149330.5144477661
2024-07-18,1297918.5533151184,1283135.355604268,1143021.8175960227
2024-07-19,1283426.0503359358,1274666.7474375346,1138369.8471772033
2024-07-22,1296194.3196100658,1276788.0846101278,1136805.984725364
2024-07-23,1290605.921683609,1277146.2546659508,1131224.706445447
2024-07-24,1266729.3781449036,1261110.5195864614,1114092.0367225953
2024-07-25,1260796.934674892,1251457.9977694862,1113050.442405811
2024-07-26,1277171.1068042377,1263108.6442322892,1120890.7924957122
2024-07-29,1276951.5651003097,1265210.8470421236,1124138.897691664
2024-07-30,1271957.6350997165,1263665.5029563191,1123450.0288045234
2024-07-31,1295308.5272388875,1274811.2147073867,1134224.2286838377
2024-08-01,1266462.108432022,1272138.9725066908,1132996.1811830087
2024-08-02,1243073.0788043896,1245552.9697090236,1119419.9326461577
2024-08-05,1215670.3579973527,1192221.0869128658,1073244.741934653
2024-08-06,1221236.4388499411,1220584.0920454303,1088617.8768330563
2024-08-07,1208759.5720460555,1215766.7528176238,1080379.7706027667
2024-08-08,1242014.573452219,1228425.4438425647,1087638.1482715541
2024-08-09,1244519.7963046646,1240418.403567422,1098359.923655588
2024-08-12,1247652.2904549155,1245218.9530213177,1101834.0059143868
2024-08-13,1270050.6351962867,1260651.413005852,1110514.1553036058
2024-08-14,1271478.3303929796,1267021.2380423408,1115191.770494249
2024-08-16,1299875.2193216952,1294314.9992089875,1134970.7794568844
2024-08-19,1311843.6079306959,1293732.6123027783,1133358.3740833004
2024-08-20,1308136.01623428,1297843.4039554494,1134681.5056350539
2024-08-21,1314744.1125802526,1300740.8175794706,1142061.5886736864
2024-08-22,1297535.2455678433,1292801.9398865607,1144053.7116296163
2024-08-23,1315814.369031994,1301802.36291146,1150855.1342975914
2024-08-26,1307934.6995676225,1300563.039964414,1152743.5148380862
2024-08-28,1302167.1824390604,1296117.9914296777,1141791.3883506786
2024-08-29,1302491.4893847075,1289466.15308354,1149240.2761324611
2024-08-30,1314631.5435893526,1299679.2725704678,1154702.8625160798
2024-09-03,1281355.5903883292,1286542.6248329827,1160055.7173290902
2024-09-04,1281457.7432276548,1273378.7232235714,1155428.7102259526
2024-09-05,1278510.7461035904,1271738.848793536,1143596.9367619625
2024-09-06,1255298.400415748,1255835.3191786876,1119487.4044340958
2024-09-09,1269931.0733472144,1263319.739813415,1125488.9294137855
2024-09-10,1276451.9612530416,1271225.0231277794,1128102.6909014445
2024-09-11,1292611.6933586956,1277356.9107519207,1141378.7080811656
2024-09-12,1298707.9826915832,1296083.9861567083,1159188.1245001678
2024-09-13,1309486.0069534734,1302035.4346150565,1168270.278602254
2024-09-19,1326790.1615458396,1319711.9856267385,1179961.3847082118
2024-09-20,1321985.9335992546,1321955.405813842,1179952.786338324
2024-09-23,1325513.8796770675,1329102.5123257206,1186419.4749917197
2024-09-24,1332335.4785666307,1334408.515626173,1194734.4640662444
2024-09-25,1329670.1405366869,1330161.6272853592,1189336.8591240875
2024-09-26,1343081.6628497555,1342263.703530566,1197713.5872560893
2024-09-27,1338748.7584440422,1339898.0002443988,1200274.7306794596
2024-09-30,1338443.062615377,1336616.9338092192,1198400.481397187
2024-10-02,1329336.1137181662,1329629.6317602934,1189979.633055917
2024-10-04,1336316.0275280692,1342365.516881863,1187285.6707730163
2024-10-07,1327636.4412359055,1340129.7884791882,1189241.8317891003
2024-10-08,1335634.3963240844,1344811.1239053977,1193460.3845144801
2024-10-10,1340110.1093340984,1351671.2581483205,1193872.3865903234
2024-10-11,1349263.5520084617,1358512.949301246,1195381.6117759184
2024-10-14,1360720.868065766,1367617.970733935,1198670.3549861659
2024-10-15,1341864.130842242,1367145.0682956895,1188766.038169563
2024-10-16,1347156.4207118517,1367104.4955254085,1191099.5657739583
2024-10-17,1348379.6219587433,1371459.997109109,1188462.1052540445
2024-10-18,1352530.2494978292,1378480.5405098605,1188812.5692243886
2024-10-21,1346963.9423443296,1372875.348035247,1185205.9532740165
2024-10-22,1345971.4981797074,1375176.9279125845,1176886.4316196467
2024-10-23,1335372.9713803506,1365792.3145298213,1176572.426820935
2024-10-24,1340244.6597867892,1366424.608549456,1176464.17324224
2024-10-25,1341182.5144605546,1366798.375159597,1172870.7738024122
2024-10-28,1344229.061134598,1371788.4567011946,1185626.2810207962
2024-10-29,1351939.7177043022,1373778.7588344805,1186217.5424382992
2024-10-31,1316660.6863219948,1353661.2886573877,1165841.5202105835
2024-11-01,1316874.0473863415,1348210.8735265536,1163968.0093789904
2024-11-04,1318055.2313054502,1351029.2139737369,1175656.1196656919
2024-11-06,1341076.897607912,1374054.539007191,1173942.539814541
2024-11-07,1355441.6772072488,1391862.3390169714,1181973.5069121923
2024-11-08,1358173.4937968887,1398043.172349875,1184830.9615427698
2024-11-11,1347205.121502507,1395807.604108524,1174969.2146878988
2024-11-12,1336875.1497946114,1392050.2920869673,1164921.320879373
2024-11-13,1328834.7363305723,1382687.0853084673,1153453.4827124437
2024-11-14,1325163.8833590546,1376443.2156403512,1148554.375756601
2024-11-15,1308662.8187320787,1361665.1291058518,1128971.1335012356
2024-11-18,1318662.7172015074,1375310.7428918264,1141276.425822921
2024-11-19,1323163.5791037597,1379252.5442523535,1146551.2777806653
2024-11-20,1322531.2353941833,1386450.3079630549,1146538.8443126136
2024-11-21,1331683.103486971,1390614.5405337836,1155210.6632558214
2024-11-22,1338282.228532725,1403881.2411872612,1161519.0480774275
2024-11-25,1342161.7809683832,1408561.9680304206,1169232.4694956418
2024-11-26,1341651.940450955,1404785.879062875,1169587.6364551429
2024-11-27,1338752.2476673129,1405282.305040349,1166825.4503545482
2024-11-29,1348984.7538144374,1410766.0674211527,1164861.4211796382
2024-12-02,1354115.2302471458,1413786.6856731048,1163193.7007525025
2024-12-03,1350726.7747632205,1413411.3913647833,1160527.7742384025
2024-12-04,1358922.2273368586,1423816.5243857775,1157268.548117708
2024-12-05,1352627.3360209672,1429419.1568530942,1152060.5518283106
2024-12-06,1354837.7196711386,1430816.1873545113,1154018.6996274358
2024-12-09,1350698.9716665614,1434740.0776645746,1142973.3856878695
2024-12-10,1344914.105004428,1424251.5296098143,1150183.7747767086
2024-12-11,1353819.637020906,1421837.2404676755,1153483.74644012
2024-12-12,1343284.3958356963,1419115.3202854341,1150120.8075701545
2024-12-13,1344490.8393201896,1413970.9791229805,1143995.2139152563
2024-12-16,1350718.2746063878,1416804.4190487622,1144570.8322760316
2024-12-17,1344453.194247167,1420210.0825155857,1136762.2224055282
2024-12-18,1309207.9534779778,1387942.6593840814,1114859.3953383456
2024-12-19,1301730.5481357875,1372623.8304825374,1107616.942807122
2024-12-20,1315909.2591509945,1382628.1529022453,1115493.9390372864
2024-12-23,1324149.9191083324,1393897.2928735116,1120373.8673111743
2024-12-24,1334529.3803716344,1402610.9005410026,1126322.0224277757
2024-12-26,1335749.8143140248,1411584.7006207397,1125866.4984026668
2024-12-27,1324337.9797045754,1400328.758259594,1114585.5749623794
2024-12-30,1313391.632529449,1387891.9697703016,1108991.7566739214
2025-01-02,1311598.4895201176,1382965.3054529643,1107800.9213840333
2025-01-03,1326750.8897431854,1391100.9081463101,1119337.3615836753
2025-01-06,1336852.1779703724,1403679.3433577348,1122401.372163236
2025-01-07,1325164.308212438,1398314.4730514337,1116362.5856425115
2025-01-08,1324468.1520082867,1393347.6038176212,1119960.8515579277
2025-01-10,1306602.310034715,1376091.568969775,1111064.3344651675
2025-01-13,1307098.1936481036,1373104.820454301,1108153.8746143891
2025-01-14,1311583.713715399,1374740.280397266,1111889.4209707016
2025-01-15,1333097.3493243938,1390037.7583428964,1125295.9480850953
2025-01-16,1333790.4865404319,1400933.085695455,1128112.7352260808
2025-01-17,1348185.7806758767,1408155.2455456972,1131558.7937914263
2025-01-21,1361883.8149523719,1420728.1681923983,1138750.4383168523
2025-01-22,1368136.6420249464,1432367.6889671846,1143363.7349877164
2025-01-23,1371486.441122547,1436503.1993653313,1141131.1254267227
2025-01-24,1364761.8236350499,1436818.7960442414,1142245.7248853934
2025-01-31,1343141.4063930854,1422533.6432285164,1138743.113408118
2025-02-03,1334651.7517403455,1407849.368188115,1125306.874614964
2025-02-04,1343529.824849808,1424619.6980685305,1125180.9994716875
2025-02-05,1355281.5081455132,1428873.0737645484,1138177.419327866
2025-02-06,1355729.1606409084,1436196.8781438787,1138330.5099749232
2025-02-07,1343137.039272759,1428452.6070800563,1127548.5356643707
2025-02-10,1353805.5458963388,1436777.3982265368,1134402.818872457
2025-02-11,1354708.7544051462,1441198.0527322562,1134157.969535377
2025-02-12,1349969.5372950493,1430992.6892459749,1128287.8577718304
2025-02-13,1364709.0618644243,1444257.2627381787,1150187.3808550949
2025-02-14,1363502.1768579527,1444273.177331042,1144924.719874819
2025-02-18,1371895.7974184875,1450499.1568320426,1148941.7325608672
2025-02-19,1379650.9784674398,1453813.0834365198,1170183.551780297
2025-02-20,1378815.2134729433,1445596.076887817,1172368.0547025292
2025-02-21,1358955.2625211522,1431180.8600789998,1176076.0646724778
2025-02-24,1350517.8885278604,1417622.5984292217,1181407.1582412017
2025-02-25,1343214.899702492,1404351.994481442,1171721.1717802486
2025-02-26,1347248.4339813706,1400733.8083847738,1178127.1455866222
2025-02-27,1318297.8582780678,1391157.2239908283,1169387.407150019
2025-02-28,1335572.7133267901,1395094.556073456,1170454.3207717207
2025-03-04,1308225.6854443082,1369282.0200436856,1146735.4931066737
2025-03-05,1319957.1025675242,1377395.0833953922,1168695.0260233895
2025-03-06,1297337.469689495,1367901.8856878919,1164290.090880901
2025-03-07,1309378.485891361,1363321.923149599,1176448.0503426446
2025-03-10,1282106.8699193688,1340935.4579952979,1166563.3370941647
2025-03-11,1271351.710975454,1322184.9570475335,1152923.9080196703
2025-03-12,1276923.7299341152,1330155.3849492222,1160933.7090408085
2025-03-13,1271229.6600941124,1322449.6613729764,1154920.945672385
2025-03-14,1291482.2406481928,1338690.5071237385,1157701.7142794677
2025-03-17,1303384.9088607063,1348706.1544036518,1162964.8203364902
2025-03-18,1295470.1177078371,1347465.041111291,1162157.6387000147
2025-03-19,1305661.51837029,1354826.3719439642,1173244.62505721
2025-03-20,1301798.9400503424,1358643.1093643522,1174590.4298806246
2025-03-21,1296144.6334285135,1350603.8047770667,1172819.232419975
2025-03-24,1313210.4259841684,1363554.6264935618,1173366.7104772797
2025-03-25,1312480.3534367096,1367299.2068573115,1168160.8115522268
2025-03-26,1298486.2293793326,1358726.6478465954,1164334.1768002799
2025-03-27,1293240.795949724,1349852.1664965614,1159095.3146566604
2025-03-28,1276615.2376351021,1334617.7362584593,1143693.4047462675
2025-03-31,1285395.7373100608,1336047.8293030772,1141803.7609290553
2025-04-01,1288752.8672808644,1341385.5568816215,1145313.6086583112
2025-04-02,1293538.748008953,1347149.2845731135,1141948.5462933178
2025-04-03,1240194.0489462616,1309227.7459194344,1115643.6520671775
2025-04-04,1187710.679322645,1260264.767818015,1085452.7852325225
2025-04-07,1177605.1010646974,1221508.2435200836,1060163.509932535
2025-04-08,1156410.7275370823,1222168.7141600407,1049599.1561827504
2025-04-09,1248433.5842540571,1278730.1521241406,1105338.6561186714
2025-04-10,1206391.7844228535,1272552.9973842232,1100563.3011383687
2025-04-11,1225393.6494377777,1284627.9752043567,1109989.2361424828
2025-04-14,1233878.28561029,1291561.8807101422,1116741.9277022576
2025-04-15,1234193.1214476216,1288327.6978212977,1117114.9290751368
2025-04-16,1220509.3555681896,1276983.6316783605,1107425.777041896
2025-04-17,1218758.9441384778,1278649.9744946293,1106971.1124532288
2025-04-21,1203048.352862311,1264030.7731709494,1092293.9678562728
2025-04-22,1219652.8817404052,1274274.8736488041,1103255.611230852
2025-04-23,1232880.8586148848,1291486.0050894974,1117683.5063580188
2025-04-24,1261615.9567572223,1309728.8744863006,1127387.5811714933
2025-04-25,1267118.6522547598,1323893.7529982787,1130180.4846393778
2025-04-28,1271571.265561309,1329324.9143418989,1136385.641383585
2025-04-29,1273090.062489078,1334368.7818290154,1139180.8630969038
2025-04-30,1271361.1283043036,1327374.6882521473,1133255.8582559954
2025-05-02,1278397.997319629,1332434.8561350661,1134243.4274851533
2025-05-07,1280699.7541136239,1336864.5081637017,1136142.5280608358
2025-05-08,1278380.881543561,1333833.9558624977,1135002.5676728594
2025-05-09,1281223.664919986,1335546.9490788535,1131413.1475396254
2025-05-12,1303269.8256233213,1350618.7961302516,1142984.831902875
2025-05-13,1309836.838364059,1355661.3877793865,1142757.6482964999
2025-05-14,1302803.0026078408,1353480.958821659,1132388.2399603163
2025-05-15,1312597.8878620027,1363291.1084978045,1141409.0697559095
2025-05-16,1314893.9846644679,1364055.435588167,1141628.2439993832
2025-05-19,1315852.293648853,1363053.835890645,1144732.4751487605
2025-05-20,1314884.2789563327,1366005.9387645181,1140175.7539664216
2025-05-21,1297273.0064461685,1350367.8640116937,1127182.32302347
2025-05-22,1295238.158865158,1347917.9609320026,1124022.4327023083
2025-05-23,1294098.7830472905,1350122.7322395635,1123322.3723362328
2025-05-27,1311936.8729258357,1363691.2585309935,1137026.521381568
2025-05-28,1305128.2274626547,1362736.801126256,1139139.2936529936
2025-05-29,1312577.4393564533,1372994.3800293433,1145443.8677291349
2025-05-30,1307637.1919994547,1366167.7654513381,1144968.0892449224
2025-06-02,1316022.909526763,1369901.1003221646,1147843.0721066357
2025-06-04,1329592.4605315002,1382716.0483183172,1155077.9032882922
2025-06-05,1325449.0199539424,1377728.9901386823,1155250.5443267387
2025-06-09,1333569.004388253,1379736.196686395,1157940.5831921003
2025-06-10,1343896.434547082,1389379.1055111869,1164729.1847122316
2025-06-11,1343400.8143434778,1388820.9913213337,1167171.3350312943
2025-06-12,1352705.6688791672,1400410.643434171,1178723.510022734
2025-06-13,1341702.102879236,1391985.0492210558,1169926.5047328707
2025-06-16,1345894.2327229285,1393341.6184364606,1169105.2206477318
2025-06-17,1342834.712679698,1394648.9455220024,1165382.329357706
2025-06-18,1342327.862542555,1393913.544958763,1164106.2317558043
2025-06-20,1339648.2301913472,1392904.9022504198,1165983.7192288705
2025-06-23,1347087.9666468066,1399355.0601606406,1169693.5608048495
2025-06-24,1358398.3135848863,1407218.9412963202,1176340.6775022459
2025-06-25,1359393.0381708858,1409378.9951973648,1176832.188959425
2025-06-26,1367255.7886125068,1413677.344480579,1180724.8586592178
2025-06-27,1363674.9540795034,1411887.6442048033,1174637.441937286
2025-06-30,1372116.8924977249,1420572.0371534375,1184314.1343577716
2025-07-01,1375579.5081935527,1426725.288448778,1190920.9222318453
2025-07-02,1385553.6562291414,1424239.9920583323,1198538.3983351635
2025-07-03,1391590.5283799313,1430787.6236938909,1213692.0717828858
2025-07-07,1377758.2380961685,1425999.3649372787,1203544.7564261276
2025-07-08,1383019.965816579,1428727.4908555774,1200973.9091076101
2025-07-09,1389486.9265503038,1431710.5981012017,1206025.871925444
2025-07-10,1396167.691928809,1439107.0768368256,1213406.1201465162
2025-07-11,1391547.243660016,1433355.1625739923,1216893.8039115204
2025-07-14,1389396.2018316912,1435055.624871625,1217893.529049094
2025-07-15,1384971.959742008,1436896.5625614384,1211128.111586521
2025-07-16,1387599.9176139652,1440582.7399874392,1206468.1769520734
2025-07-17,1393994.7914995407,1451933.7331943475,1210790.5986756368
2025-07-18,1393568.9338590656,1456559.8265100354,1227450.9747291575
2025-07-21,1397360.7296730657,1461884.208439221,1236836.9602568895
2025-07-22,1397150.376554217,1460465.6450956482,1233998.7037774322
2025-07-23,1400213.4017818577,1461695.9217857989,1249023.2472326108
2025-07-24,1398525.2441262878,1466016.7057104222,1247054.76316114
2025-07-25,1401201.006713895,1471346.1742951092,1246343.9920899514
2025-07-28,1403641.2946025555,1475773.52867161,1239662.361519649
2025-07-29,1404314.6208653185,1478317.3364803893,1236508.021956224
2025-07-30,1400697.6020883592,1469283.920488905,1232227.6882909543
2025-07-31,1387348.7747784029,1474826.2832980263,1217749.6238538611
2025-08-01,1375827.409925824,1462799.5802601487,1199973.3543786139
2025-08-04,1392482.8624388953,1466542.3438935962,1211108.9757117275
2025-08-05,1388545.5490746254,1473023.1536878883,1218220.685602842
2025-08-06,1390217.7072450486,1475090.1446019819,1222972.1924229069
2025-08-07,1395652.9141785891,1478532.3458827848,1223489.09919759
2025-08-08,1403697.4639970697,1485353.8703010892,1227987.435193789
2025-08-11,1399525.9803724897,1482068.8058494034,1235565.350707629
2025-08-12,1417472.3431661022,1490066.0112650855,1240967.8791427335
2025-08-13,1428071.2272509544,1500821.789968886,1246451.588306972
2025-08-14,1425948.8202516166,1493189.4686382525,1248628.601140513
2025-08-18,1416391.3678927317,1484883.4533215475,1237569.6931847914
2025-08-19,1409302.136919219,1481908.1270060241,1233676.5309770617
2025-08-20,1407646.5723729574,1471290.5754253205,1232235.406205865
2025-08-21,1402360.5066755298,1468397.7790729874,1229969.5071811983
2025-08-22,1425964.2330036366,1483027.7698709914,1242820.6950393952
2025-08-25,1420435.1480027633,1485667.0804190969,1245980.446866883
2025-08-26,1426644.6028264936,1490513.1945416753,1247831.8813336808
2025-08-27,1429771.0876218195,1496114.8189285833,1244809.0817521326
2025-08-28,1434997.2510637196,1496051.440898465,1242650.7736636035
2025-08-29,1423450.8447047547,1498469.939449416,1235153.813217925
2025-09-02,1416781.6668506374,1488413.1778744867,1226831.8143139933
2025-09-03,1419617.6193369497,1491053.427180876,1230023.2940994005
2025-09-04,1429292.844041811,1499613.8579625362,1237394.7716375333
2025-09-05,1433819.2233234406,1504309.1444403385,1235300.2568649466
2025-09-08,1439412.4246997158,1509316.0001417587,1239797.221506149
2025-09-09,1440484.2456358331,1512648.5045374918,1242197.27425582
2025-09-10,1449169.031033537,1524867.3812807128,1244595.1772954764
2025-09-11,1459164.1479365842,1542424.0669755046,1251821.1671738392
2025-09-12,1457619.0284068328,1538994.845057553,1254309.7753115927
2025-09-15,1464559.9879373547,1544409.3492276818,1258423.7333355062
2025-09-16,1466215.7586285528,1550659.012939718,1256603.7446339969
2025-09-17,1464356.220091277,1547300.8387534001,1255262.2392569662
2025-09-18,1476456.7431810496,1551786.78083959,1259692.7289480977
2025-09-19,1478151.0392067067,1560410.66940057,1262460.8278145413
2025-09-22,1487625.1166031961,1573763.914761716,1264538.5362778578
2025-09-23,1485803.0353500142,1575473.9567435305,1263029.1992159288
2025-09-24,1481371.4392570888,1568169.9327298054,1257886.255868071
2025-09-25,1476258.1890448858,1559835.8768346356,1262178.907746095
2025-09-26,1483386.7345485522,1563863.5544458649,1260411.5420477088
2025-09-29,1487951.380946776,1567436.489928786,1265990.202001637
2025-09-30,1495396.8517299686,1577530.8886944535,1268836.5513439155
2025-10-01,1506065.5864886192,1583983.128199725,1273989.8133816987
2025-10-02,1511434.085137256,1589007.162947825,1274522.642961865
2025-10-10,1483391.6082882907,1582805.0316474405,1255213.8344773026
2025-10-13,1512600.0355843806,1592931.5239072815,1279292.0126383814
2025-10-14,1508104.8754425712,1602425.3358985055,1287539.9175517373
2025-10-15,1522376.4301304263,1609606.1590693693,1296718.9569339782
2025-10-16,1521560.7658631594,1610068.8231799738,1307819.1337476484
2025-10-17,1523538.2314090843,1602777.9740245258,1318362.2847645497
2025-10-20,1543611.0749955187,1622688.000841245,1330847.7240494909
2025-10-21,1533803.043833831,1613352.6958944807,1327997.466848228
2025-10-22,1521480.6522476191,1601897.622534867,1333243.1386242174
2025-10-23,1533387.8566815825,1599434.7393705698,1345403.2601935025
2025-10-24,1544595.8338610125,1616219.6796035578,1372310.1301011592
2025-10-27,1560262.604025803,1633751.898398161,1379907.6564668452
2025-10-28,1561292.0477612666,1635392.808811601,1378863.3182615084
2025-10-29,1563708.2389519245,1641854.1292820955,1373945.8219666376
2025-10-30,1552165.8664669404,1634541.1083988985,1352422.8557845317
2025-10-31,1555055.7841032944,1632850.9088569896,1348300.9623402883
2025-11-03,1556236.5647871026,1631720.9982682867,1355300.3806884221
2025-11-04,1532552.1424605795,1614226.2549492833,1343540.4290960147
2025-11-05,1545379.245113902,1608436.6680636539,1337517.3747095114
2025-11-06,1529605.0246896516,1609794.981380103,1329592.791124739
2025-11-07,1529245.2807743317,1603781.342001178,1324229.8718163723
2025-11-10,1552844.1207413892,1626500.368992225,1342605.2208261997
2025-11-11,1551833.5700195865,1635271.8042057669,1349839.3879707556
2025-11-12,1559319.3405240732,1632899.7222405898,1359687.4234407316
2025-11-13,1534134.2759435514,1616819.3776537506,1351930.9868041095
2025-11-14,1530038.2036351857,1592601.5756620124,1337961.7798239146
2025-11-17,1514739.0951770595,1588765.6762078933,1329782.854670077
2025-11-18,1503859.5373739225,1575501.980033616,1318602.2911469087
2025-11-19,1509545.3735568908,1574363.7087757646,1317174.2352153338
2025-11-20,1482323.5474803587,1575960.0421442832,1313201.9973083632
2025-11-21,1496367.7751282775,1566456.9123692114,1313555.0095196858
2025-11-24,1521406.6178835449,1580349.613586767,1318659.9131226768
2025-11-25,1532508.4881883631,1603498.4052279866,1328173.4053517554
2025-11-26,1548482.1708655227,1612182.9328106488,1349385.8229791918
2025-11-28,1560386.9609021973,1626591.924895243,1353603.6448475022
2025-12-01,1555572.1497851443,1618827.6725064516,1351505.372921509
2025-12-02,1561148.7318404824,1616978.1385978807,1353978.582731251
2025-12-03,1573837.6555349585,1627772.9774700932,1358953.11528715
2025-12-04,1570346.425203987,1628883.0333314692,1357101.9826800332
2025-12-05,1573872.6009461747,1635442.3682025222,1359618.768550809
2025-12-08,1573235.3159024229,1632209.8809970445,1365692.917013244
2025-12-09,1571921.081528161,1631256.624448952,1365069.6975801259
2025-12-10,1585272.1285856576,1641198.989548328,1368478.3435077467
2025-12-11,1587483.5060620818,1641237.2265990414,1371112.1806142183
2025-12-12,1563107.1298134853,1634699.6397231764,1367837.6706762533
2025-12-15,1561298.3554551597,1622011.0605379292,1370709.1760367092
2025-12-16,1556210.9983341028,1609153.2695953643,1354550.5364251458
2025-12-17,1538506.9574806497,1608427.9846420272,1349874.082396811
2025-12-18,1550717.7370154797,1603641.2562065579,1341865.4550463636
2025-12-19,1565116.89245544,1617783.6702749853,1346081.7028190151
2025-12-22,1578357.8577224626,1636467.9815187491,1358219.3454232838
2025-12-23,1584657.6987085766,1643461.9853102951,1367603.7716203954
2025-12-24,1589584.782478454,1641670.9316980299,1373284.1442623478
2025-12-26,1590675.160690699,1640276.9870949152,1369174.4446006855
2025-12-29,1581088.749176251,1629396.6667791323,1365083.0811760488
2025-12-30,1579457.4484954262,1628712.4080385014,1356867.9578707148
2026-01-02,1583697.107986815,1623497.8245658379,1345906.9178086724
2026-01-05,1598936.213936518,1642074.515748872,1357121.5628410568
2026-01-06,1616908.4839471942,1652105.0553899193,1365276.813479083
2026-01-07,1608781.9082367488,1650142.1174657424,1359680.8481315896
2026-01-08,1607113.8553712456,1652306.653015579,1358692.4543905403
2026-01-09,1624868.6258018867,1660758.4451940584,1365780.9094253003
2026-01-12,1629595.070111155,1671731.9511112762,1376427.6798187436
2026-01-13,1631986.0321641068,1677827.978266885,1397292.8653212301
2026-01-14,1632069.163760525,1682605.7267449966,1396929.69979373
2026-01-15,1638743.1322261714,1679744.2493975929,1421113.5908142503
2026-01-16,1641131.8199500157,1681843.0477525597,1413714.1137316052
2026-01-20,1621727.7712559742,1664686.3527937757,1420634.9753552168
2026-01-21,1648407.6584127564,1682793.8135526557,1433213.7491389262
2026-01-22,1656491.7455841159,1695022.4093603573,1444111.0426271074
2026-01-23,1654879.6331741721,1696852.3916792104,1445270.4422145002
2026-01-26,1660388.3253734617,1696524.2468404884,1458559.0661312062
2026-01-27,1676393.5133646226,1709086.4919561157,1462967.186970625
2026-01-28,1691372.5980183498,1720347.4034175596,1477840.25333651
2026-01-29,1691424.7921228346,1724741.9786005672,1471392.1205067274
2026-01-30,1659103.6729077853,1703665.660991637,1444363.8345069285
2026-02-02,1665142.5405332567,1692590.4682037584,1435700.2283094348
2026-02-03,1664033.9537380561,1713429.4829584924,1457311.1034759313
2026-02-04,1647477.6412526332,1712398.264803751,1465805.1939729443
2026-02-05,1635352.246619022,1683394.603387495,1449461.7161315647
2026-02-06,1677310.487795515,1700437.0193501727,1459798.8262272228
2026-02-09,1688386.441198023,1722340.5758748248,1472226.2157959153
2026-02-10,1684386.5402401756,1723213.2388771328,1468257.0722346692
2026-02-11,1697032.34772692,1720556.430048957,1469861.3648898995
2026-02-12,1669801.2989753427,1705688.519278313,1469435.2046980176
2026-02-13,1680125.8220820688,1706328.384392987,1468095.4377188343
2026-02-19,1683168.4495736496,1715396.9834791282,1481041.730306809
2026-02-20,1695495.640957863,1725538.746154728,1496715.5578414982
2026-02-23,1688930.6723468232,1718218.8122587104,1486403.6941115179
2026-02-24,1698939.4349717894,1729564.5729701128,1496291.0483973196
2026-02-25,1710417.332925722,1734506.0729162209,1510443.9405847883
2026-02-26,1696162.758555853,1735066.2074222332,1508950.1331783882
2026-02-27,1692724.5757492324,1730158.5698820692,1506793.8759084935
2026-03-03,1659592.7791864583,1713786.7261520345,1468170.6499702511
2026-03-04,1672610.5490987375,1705871.4629133432,1421202.8934076356
2026-03-05,1659914.9251495996,1707106.2278265841,1443987.3701621732
2026-03-06,1635569.1736281745,1693821.2026841445,1451379.697172988
2026-03-09,1655705.5333543885,1680802.664396264,1450390.964040914
2026-03-10,1656319.4334780641,1697637.0405754875,1453778.545521579
2026-03-11,1657359.701153029,1700566.9785421183,1452882.6153168401
2026-03-12,1628342.0565869485,1684076.649927314,1440575.6203516554
2026-03-13,1622464.8947130796,1672325.8838832194,1421157.8934097658
2026-03-16,1638272.0557670833,1686507.4678070634,1425116.418749
2026-03-17,1643721.2622816525,1692164.3648360285,1428553.1004463919
2026-03-18,1622709.9127390748,1684542.3122908736,1418128.464158753
2026-03-19,1617475.4897448055,1674078.95689901,1406809.4335246496
2026-03-20,1590091.6697427214,1658835.5850757088,1396842.1661845772
2026-03-23,1601315.7750408654,1645237.111480904,1389031.176861161
2026-03-24,1603603.0659819413,1647659.099531527,1395323.691017781
2026-03-25,1618616.6889085663,1669069.1430487211,1409832.4622558202
2026-03-26,1582405.6582376214,1644481.5184975797,1391744.68684616
2026-03-27,1566788.1967726103,1619422.8600380956,1383095.147342902
2026-03-30,1551955.5164649277,1610770.4257598002,1385713.3203191964
2026-03-31,1599025.0811541276,1627038.3307476402,1398736.2266104196
2026-04-01,1611346.6167126498,1646575.0816093395,1412252.7189112315
2026-04-02,1609374.3479913333,1642674.1696500154,1410652.5802843391
2026-04-06,1612598.6026993904,1651676.6619410985,1413951.709524482
2026-04-07,1616936.1757097454,1652446.6268522802,1412489.061931517
2026-04-08,1646414.225321279,1681488.4720781078,1432157.1698433282
2026-04-09,1655555.402145236,1687401.3203818162,1436353.4714081043
2026-04-10,1654571.6893354068,1689096.4633105835,1432966.845298046
2026-04-13,1664372.7456381465,1696396.951008474,1435849.9941900813
2026-04-14,1683238.9678709412,1719027.524883146,1448840.6603160086
2026-04-15,1682293.6657251725,1718072.1631221755,1450106.202037956
2026-04-16,1684029.7322091283,1719327.7858261357,1451454.9016472788
2026-04-17,1705043.673718857,1736775.2784717781,1470892.339975044
2026-04-20,1701994.7713004875,1734924.3233469352,1468985.3618775024
2026-04-21,1688675.6782698398,1725450.0010778708,1465224.379812625
2026-04-22,1704654.8007351751,1738114.6061221543,1476467.278661001
2026-04-23,1706594.084060101,1738783.304119669,1470034.3446621627
2026-04-24,1721561.6488565085,1747011.977297611,1477490.5050870448
2026-04-27,1714500.4039836777,1745203.5439120163,1475914.1962056642
2026-04-28,1699822.9927674162,1735571.9837032594,1481024.3818331182
2026-04-29,1700362.3876141782,1728544.6625420954,1475978.0575854797
2026-04-30,1720343.6404960975,1744444.418963028,1485669.445209299
2026-05-04,1712740.448429016,1755044.007688286,1490754.2175542917
2026-05-06,1773848.1151446064,1802752.5100805988,1518171.7803324733
2026-05-07,1758817.524683609,1803252.1439216211,1520411.509039358
2026-05-08,1789052.4349831135,1806763.1587760714,1521852.3406885506
2026-05-11,1800718.054950497,1833274.276471656,1515072.4136434305
2026-05-12,1785488.174315021,1835979.8662093566,1499918.9707449493
2026-05-13,1798426.9526318356,1841160.3105394766,1497487.506794201
2026-05-14,1806106.8433130425,1850954.5804876753,1509450.1557447156
2026-05-15,1773046.060421473,1822402.517484981,1479191.3699506004
2026-05-18,1765276.852747023,1817243.8173249178,1479326.957239111
2026-05-19,1757476.9924308958,1799673.284516586,1459619.9962659897
2026-05-20,1787982.6780872555,1815628.357342618,1460473.2727356649
2026-05-21,1794251.7842183998,1833611.8552634441,1474026.724921415
2026-05-22,1811077.3068138016,1857481.6676794398,1490641.6762120652
2026-05-26,1841245.675844962,1872513.3719621804,1491504.9887224864
2026-05-27,1834199.0658196616,1881867.4475203091,1478918.46536284
2026-05-28,1846234.5514817499,1884043.7208277343,1484686.6637513714
2026-05-29,1848590.131331754,1905910.3542256872,1490294.4464664396
2026-06-01,1848944.0717661744,1910482.0437366741,1490315.479193375
2026-06-02,1877033.0702230707,1924171.1196117084,1481830.306191711
2026-06-04,1873495.164900063,1928227.4245345532,1476255.4356971344
2026-06-05,1794616.0203626894,1881808.5442577396,1437099.2374443186
2026-06-08,1820242.6614011354,1843725.8196945551,1418496.3370789026
2026-06-09,1809989.8194861715,1864158.1713296191,1421473.7454730894
2026-06-10,1773756.132975579,1818985.5890720077,1400829.8140814314
2026-06-11,1830309.6209096569,1842938.9004403981,1421645.772772297
2026-06-12,1843943.038377669,1873225.4407017387,1438003.7486543842
2026-06-15,1885901.4417521236,1926098.5407519583,1459701.654309189
2026-06-16,1852955.6580275057,1931640.4797487753,1460748.576887995
2026-06-17,1841470.339667829,1906479.999330205,1439180.5833049505
2026-06-18,1879894.5148504195,1927089.6727398678,1435288.4090371442
