Date,로테이션(금리보정),VOO B&H,phase
2021-06-21,1000000.0000000001,1000000.0,expansion
2021-06-22,1003637.2651107754,1005306.778558129,expansion
2021-06-23,1003078.2137460008,1004224.8049809115,expansion
2021-06-24,1010380.4145581768,1009969.6076450573,expansion
2021-06-25,1011949.1814650339,1013704.8860710951,expansion
2021-06-28,1018408.324139495,1015817.415206917,expansion
2021-06-29,1019420.1000339558,1016264.6422095328,expansion
2021-06-30,1021536.3384032791,1017195.0634987201,expansion
2021-07-01,1022371.5357472119,1022933.4494643196,expansion
2021-07-02,1028771.9179314856,1030714.1186027101,expansion
2021-07-06,1027445.4233546333,1028775.4313393414,expansion
2021-07-07,1027822.0525423652,1032316.4357738711,expansion
2021-07-08,1020187.6772436465,1024096.7293665359,expansion
2021-07-09,1029875.7173102787,1034901.436555273,expansion
2021-07-12,1034450.3654946296,1038649.3795179151,expansion
2021-07-13,1030592.3585058748,1035134.0418775699,expansion
2021-07-14,1032432.9198966506,1036555.6783265116,expansion
2021-07-15,1027490.0874655327,1033221.3591293623,expansion
2021-07-16,1017076.3321945571,1025182.2490140026,expansion
2021-07-19,1009047.5449277449,1009854.0226409831,recovery
2021-07-20,1019632.8357896453,1024122.7338816965,expansion
2021-07-21,1029574.9890057861,1032729.9751091199,expansion
2021-07-22,1029451.4758114447,1034927.1877797018,expansion
2021-07-23,1035852.8000869772,1045266.6843238451,expansion
2021-07-26,1037124.0119222042,1047929.0232087765,expansion
2021-07-27,1032039.9286266925,1043276.3257511317,expansion
2021-07-28,1035270.003358129,1042707.6036273598,expansion
2021-07-29,1042959.8992835786,1047205.4560174575,expansion
2021-07-30,1041444.1733627775,1042087.3790547308,expansion
2021-08-02,1042144.6485540692,1039967.4200574345,expansion
2021-08-03,1049516.3096632985,1048368.6514894298,expansion
2021-08-04,1047634.3591558924,1043353.9171453932,expansion
2021-08-05,1050884.9129930763,1049867.5416116568,expansion
2021-08-06,1047504.7215827039,1051677.135031907,expansion
2021-08-09,1044359.0644857952,1050668.8690577256,expansion
2021-08-10,1043412.1201909052,1051987.4161787091,expansion
2021-08-11,1045787.7005975815,1054520.40792979,expansion
2021-08-12,1045100.0378660522,1057596.623870946,expansion
2021-08-13,1050300.6148101164,1059690.3250623497,expansion
2021-08-16,1051973.47257632,1062223.4012436743,expansion
2021-08-17,1043358.3043385289,1055218.4771874123,expansion
2021-08-18,1033382.6846078502,1043870.883529576,recovery
2021-08-19,1036177.4509568315,1045344.2757181067,recovery
2021-08-20,1042690.2387818728,1053615.737865031,expansion
2021-08-23,1054921.4066688877,1062947.3061559696,expansion
2021-08-24,1054926.0369337786,1064627.4680121245,expansion
2021-08-25,1056431.7945830217,1066591.7376394335,expansion
2021-08-26,1053149.7577489626,1060362.4742350557,expansion
2021-08-27,1064913.1210804956,1069771.2117690358,expansion
2021-08-30,1067429.175753864,1074682.77235487,expansion
2021-08-31,1064469.411277546,1072847.17441946,expansion
2021-09-01,1063368.2449672692,1073984.5342367594,expansion
2021-09-02,1066790.8164753953,1077190.0128815223,expansion
2021-09-03,1068258.8069551107,1076776.2202555416,expansion
2021-09-07,1061142.9320341158,1072795.5875403588,expansion
2021-09-08,1058313.6310876424,1071761.5703417491,expansion
2021-09-09,1057397.9053853806,1066953.5212350928,expansion
2021-09-10,1053127.193151699,1058707.810312597,recovery
2021-09-13,1057917.940697795,1061189.4684753087,expansion
2021-09-14,1055889.6296963482,1055683.603401762,expansion
2021-09-15,1061900.1089820894,1064498.03644803,expansion
2021-09-16,1058095.1222888422,1062662.6918033515,expansion
2021-09-17,1047985.6956618223,1052245.8571556786,recovery
2021-09-20,1033948.0306689678,1035056.6193437963,fear
2021-09-21,1034082.2117020279,1034048.5222301033,recovery
2021-09-22,1044795.2657999216,1044025.8130273671,recovery
2021-09-23,1052687.3588997656,1056640.198066598,expansion
2021-09-24,1052604.89148875,1058397.6135960387,expansion
2021-09-27,1051328.597559574,1055399.4112003641,expansion
2021-09-28,1028535.2340094419,1034306.9632070727,recovery
2021-09-29,1026463.8507757151,1035935.5381841266,recovery
2021-09-30,1019295.4012760492,1022813.305227068,recovery
2021-10-01,1027665.9284842045,1035053.7487154994,recovery
2021-10-04,1017832.8234911809,1022320.4858926772,recovery
2021-10-05,1022546.9111669507,1032253.1130908504,recovery
2021-10-06,1026658.518597892,1036843.3321679145,recovery
2021-10-07,1030373.6181034555,1045764.1473216574,expansion
2021-10-08,1026524.2787067676,1043793.3765655585,expansion
2021-10-11,1021051.9012227573,1036194.7390332923,recovery
2021-10-12,1021324.8244384215,1034120.0346467951,expansion
2021-10-13,1028214.1361962571,1037439.6629814835,expansion
2021-10-14,1043229.7422319037,1054866.9096512804,expansion
2021-10-15,1044822.5461623769,1063087.798082032,expansion
2021-10-18,1047712.5245253488,1066329.4128712388,expansion
2021-10-19,1052038.516159043,1074628.06155674,expansion
2021-10-20,1054403.1986633195,1078803.3059844072,expansion
2021-10-21,1056344.8651203348,1081448.5055298011,expansion
2021-10-22,1057097.8327231568,1080359.3553818413,expansion
2021-10-25,1061543.0103886432,1085960.8799218717,expansion
2021-10-26,1062281.6698616536,1086998.3587604866,expansion
2021-10-27,1061333.1576996958,1082278.3703983515,expansion
2021-10-28,1069858.8660009285,1092859.2530101703,expansion
2021-10-29,1070791.8812163158,1094804.1881115967,expansion
2021-11-01,1074320.058456779,1097112.3421228314,expansion
2021-11-02,1079684.3502212407,1101365.6845262244,expansion
2021-11-03,1082044.22966068,1108004.2657536492,expansion
2021-11-04,1093782.6773935969,1113191.1533652586,expansion
2021-11-05,1102940.8468511023,1116977.3432284454,expansion
2021-11-08,1106252.8842843086,1118325.8630860588,expansion
2021-11-09,1107714.0229825354,1114409.8195075574,expansion
2021-11-10,1096237.9974878468,1105437.1641839813,expansion
2021-11-11,1101296.7386499413,1105800.0453728132,expansion
2021-11-12,1106307.379200757,1114020.9338035649,expansion
2021-11-15,1103787.9991211654,1114539.5887926281,expansion
2021-11-16,1107119.8362594028,1118792.593475045,expansion
2021-11-17,1106984.2035634182,1116095.553759818,expansion
2021-11-18,1111744.0856528715,1119959.6727382424,expansion
2021-11-19,1111647.1340180293,1117859.1326970726,expansion
2021-11-22,1102439.1086944682,1114902.5544117042,expansion
2021-11-23,1098835.9706772894,1116355.0078997158,expansion
2021-11-24,1104734.1992644963,1119103.8877847758,expansion
2021-11-26,1091721.922508387,1094752.5168022518,fear
2021-11-29,1103366.108462288,1107978.4300989767,recovery
2021-11-30,1090826.5347583813,1086764.8247055053,fear
2021-12-01,1089624.4418668495,1074265.1803679082,fear
2021-12-02,1095836.8095751395,1090655.2014898222,fear
2021-12-03,1099993.2506588409,1081007.6952257315,fear
2021-12-06,1099568.9782985428,1093922.6519337017,fear
2021-12-07,1107544.198131602,1116406.932499793,recovery
2021-12-08,1101490.6595403121,1119544.7825190895,expansion
2021-12-09,1098592.60993148,1111920.309332151,recovery
2021-12-10,1103957.9402805313,1122527.1120288866,expansion
2021-12-13,1105237.5587691667,1112568.902466773,recovery
2021-12-14,1100147.3777684253,1104996.1850194235,recovery
2021-12-15,1106442.1170481185,1122267.5734587451,expansion
2021-12-16,1106352.9165016902,1112127.7544417274,recovery
2021-12-17,1104317.7101031053,1100587.4065367752,recovery
2021-12-20,1096124.955994696,1088683.9241522592,recovery
2021-12-21,1102671.4124292107,1108005.0256258454,recovery
2021-12-22,1110764.6992946288,1119197.0143439388,expansion
2021-12-23,1111621.7921400317,1126094.7119902852,expansion
2021-12-27,1120775.354363109,1142154.2731370742,expansion
2021-12-28,1118082.9878063959,1141295.1109738464,expansion
2021-12-29,1115105.3119338113,1142674.87002175,expansion
2021-12-30,1117850.2731837337,1139447.3550832958,expansion
2021-12-31,1119568.3397738913,1136323.942635728,expansion
2022-01-03,1123587.8719215675,1143299.4005368245,expansion
2022-01-04,1124723.299598819,1142830.9815429577,expansion
2022-01-05,1104401.9341767943,1120941.0898948228,expansion
2022-01-06,1104926.3816526881,1119431.3082711159,expansion
2022-01-07,1096531.091626369,1115553.1738721828,expansion
2022-01-10,1096391.0921976457,1114095.6545695295,expansion
2022-01-11,1107529.9476720663,1123856.2129303738,expansion
2022-01-12,1110640.2307891967,1127213.9193051187,expansion
2022-01-13,1098050.5857301215,1111675.0394732498,recovery
2022-01-14,1101658.8647392557,1112013.2670308256,expansion
2022-01-18,1078926.2101875995,1092518.0703940538,recovery
2022-01-19,1067379.768230868,1081039.440997486,recovery
2022-01-20,1053300.676686933,1069144.4860676166,fear
2022-01-21,1038464.5058458436,1048139.3389466499,fear
2022-01-24,1043225.3272119522,1052512.3190058307,fear
2022-01-25,1029722.120816931,1039732.3662580609,fear
2022-01-26,1027791.8798889599,1037389.7647072631,fear
2022-01-27,1016378.510907013,1032131.9556906702,fear
2022-01-28,1033936.1672192317,1057431.7316043596,fear
2022-01-31,1054746.0168145518,1076770.7322896798,recovery
2022-02-01,1058195.565422148,1083798.4525118296,recovery
2022-02-02,1067357.4831999133,1094131.6167876706,recovery
2022-02-03,1049757.5178815948,1068702.0715889104,recovery
2022-02-04,1047872.762034494,1073725.4178178378,recovery
2022-02-07,1048523.1616511159,1070185.5954067246,recovery
2022-02-08,1054420.8759368476,1078852.9509678956,recovery
2022-02-09,1065335.2971927566,1094678.2181875072,expansion
2022-02-10,1047855.307598431,1075443.3199930734,recovery
2022-02-11,1040722.0344645331,1053996.0116841325,fear
2022-02-14,1036346.8108836184,1050560.2073336616,fear
2022-02-15,1045167.3398605834,1067426.4994621372,fear
2022-02-16,1049120.9612185026,1068702.0715889104,recovery
2022-02-17,1039824.7560903978,1045979.1911531964,fear
2022-02-18,1039014.2541679222,1039289.8673491109,fear
2022-02-22,1034337.9596808477,1027915.4248736735,fear
2022-02-23,1021033.3439697847,1009409.2441154441,fear
2022-02-24,1028118.0633262388,1024922.1194321526,fear
2022-02-25,1041292.3760652764,1047306.5190195589,fear
2022-02-28,1046507.9783672099,1044677.6989415064,fear
2022-03-01,1045348.1532126591,1029008.6276733464,fear
2022-03-02,1041928.6958644688,1047905.2983102046,fear
2022-03-03,1045133.7020850733,1042647.4892936118,fear
2022-03-04,1050785.118849468,1034214.2587991302,fear
2022-03-07,1038540.6853140537,1003682.8472444966,fear
2022-03-08,1038372.4302130096,996108.6944829986,fear
2022-03-09,1039251.148024678,1022657.7002873246,fear
2022-03-10,1031883.7875144199,1018102.68862202,fear
2022-03-11,1026280.2313213203,1005114.4464622334,fear
2022-03-14,1013322.0061226019,997774.5876279129,fear
2022-03-15,1018255.5824205929,1019664.4792760478,fear
2022-03-16,1032342.436942365,1042465.4576874878,fear
2022-03-17,1036079.7626891158,1055219.1526293647,fear
2022-03-18,1042089.4510625801,1066880.1513530326,recovery
2022-03-21,1036563.2326995878,1066932.160383354,recovery
2022-03-22,1035524.1481465995,1079321.6232524947,recovery
2022-03-23,1038311.7235508063,1065422.294329403,recovery
2022-03-24,1045429.5663393333,1081259.2973529345,recovery
2022-03-25,1043335.0737920962,1086743.5482840103,recovery
2022-03-28,1043639.7064043237,1094238.6743370981,expansion
2022-03-29,1052456.0782094654,1108080.5062640065,expansion
2022-03-30,1052888.3438880409,1101185.9325366889,expansion
2022-03-31,1046164.2576402333,1084262.5655632506,recovery
2022-04-01,1043753.4082808429,1087265.9182038107,expansion
2022-04-04,1050753.6718817872,1096484.856549216,expansion
2022-04-05,1031673.6066983667,1082930.6784637107,recovery
2022-04-06,1021945.8823184435,1071961.8388805834,recovery
2022-04-07,1024763.7020644171,1077367.9074056891,recovery
2022-04-08,1019075.4079008875,1074756.3955276625,recovery
2022-04-11,1005563.5451117356,1056135.6429282874,recovery
2022-04-12,1004027.2264518773,1052270.5107869348,recovery
2022-04-13,1014440.1080904756,1064153.0544709319,recovery
2022-04-14,1000588.6424785819,1051225.7709473334,recovery
2022-04-18,1003303.2053143126,1051408.562425654,recovery
2022-04-19,1012405.735477684,1068201.146951093,recovery
2022-04-20,1015900.023035853,1067391.5453411096,recovery
2022-04-21,1002040.9776644859,1051565.0960980817,recovery
2022-04-22,981147.1678216159,1022863.7100827526,fear
2022-04-25,985101.2888633634,1028452.5700861788,fear
2022-04-26,964401.7495874484,999045.5160912647,fear
2022-04-27,962211.1643940732,1001631.1923146188,fear
2022-04-28,984409.0373649775,1026728.9266543494,fear
2022-04-29,956287.8029725084,989017.0605661198,fear
2022-05-02,960196.0389139941,995232.8151314532,fear
2022-05-03,965418.3036443642,999542.0503563927,fear
2022-05-04,990436.4576145613,1029862.4707312005,fear
2022-05-05,959869.9085244793,993691.7943174562,fear
2022-05-06,954604.3828730165,987450.1196672064,fear
2022-05-09,929857.6859448547,955588.5096179135,fear
2022-05-10,933731.6876626902,958043.3189630244,fear
2022-05-11,924731.0587708866,942608.7949127737,fear
2022-05-12,923689.9457865322,941877.7134297363,fear
2022-05-13,939714.7545071299,964102.2865651979,fear
2022-05-16,937307.9014287766,960654.915271295,fear
2022-05-17,953341.7560197026,979876.5579174166,fear
2022-05-18,926891.4440529225,941067.8585290208,fear
2022-05-19,923824.2847443332,934774.0059879618,fear
2022-05-20,925701.2017333151,935008.9753570914,fear
2022-05-23,934161.216806748,952741.8595102691,fear
2022-05-24,931188.568917485,945873.1214376242,fear
2022-05-25,938143.9461591151,953760.4259742216,fear
2022-05-26,953324.3364084426,972720.7570150768,fear
2022-05-27,972787.806087262,997113.0766659543,fear
2022-05-31,964942.658047664,991576.3945533374,fear
2022-06-01,961159.693721924,983271.32916929,fear
2022-06-02,972321.7062787538,1001944.5129502063,recovery
2022-06-03,962262.2111195014,985726.476235377,recovery
2022-06-06,957319.8148062029,988416.4238101055,fear
2022-06-07,966176.441429436,998079.5496693416,recovery
2022-06-08,956685.1713423675,987162.7191165354,recovery
2022-06-09,945948.924626637,963945.5840322821,fear
2022-06-10,933772.2998737781,935661.874434159,fear
2022-06-13,902525.2008221817,899595.5538020332,fear
2022-06-14,896517.1966547095,897349.6248806473,fear
2022-06-15,908679.7966868067,910198.8104285198,fear
2022-06-16,897573.976615478,880295.7287499418,fear
2022-06-17,897056.9008227113,882593.919992381,fear
2022-06-21,902552.403393478,904218.1096625602,fear
2022-06-22,908591.1155574053,902311.5058919224,fear
2022-06-23,912141.2941928778,911791.755842594,fear
2022-06-24,922303.9455372628,940179.8212223354,fear
2022-06-27,918755.5622130574,936654.1830922188,fear
2022-06-28,911289.513580308,916414.0584123889,fear
2022-06-29,913118.4444060787,916865.338066718,fear
2022-06-30,911227.2024580191,909627.8086881592,fear
2022-07-01,916030.8149872248,918963.1763400789,fear
2022-07-05,913608.4752164879,920589.049549324,fear
2022-07-06,907131.6628059448,923919.4849552482,fear
2022-07-07,911653.9792580097,937476.7869597824,fear
2022-07-08,908302.628085776,936926.0484779887,recovery
2022-07-11,907738.6168391756,926331.825887613,fear
2022-07-12,906178.8391283944,917783.1792495452,fear
2022-07-13,908307.7028020706,913508.6448549011,fear
2022-07-14,902437.8293544359,911096.2194922923,fear
2022-07-15,911244.9732134468,928324.8017978914,recovery
2022-07-18,905075.2613304018,920641.4807308654,fear
2022-07-19,915027.5610445243,945632.1575211686,recovery
2022-07-20,916204.9543698393,951689.6053789495,recovery
2022-07-21,926876.5000560054,961313.5556049566,recovery
2022-07-22,928276.9076745939,952554.9309499913,recovery
2022-07-25,925629.0588492429,953498.9455084673,recovery
2022-07-26,921700.9168557118,942065.7395831863,recovery
2022-07-27,932269.5365231137,966741.7448539977,recovery
2022-07-28,941494.9636366566,978961.6717931303,recovery
2022-07-29,946395.4220433132,993305.6103812726,recovery
2022-08-01,954231.5438372608,990316.3575914652,recovery
2022-08-02,943485.7226675347,983917.8959780555,recovery
2022-08-03,955414.9543049384,999284.7069725958,recovery
2022-08-04,958126.0951530337,998497.9859587438,recovery
2022-08-05,948478.5565206977,996426.4899215195,recovery
2022-08-08,954044.8481204166,995534.653253853,recovery
2022-08-09,950223.4661275417,991601.1326148376,recovery
2022-08-10,957767.5335778138,1012369.8750525261,expansion
2022-08-11,950686.6829039284,1012369.8750525261,recovery
2022-08-12,963658.7906389257,1029703.6574421843,expansion
2022-08-15,962526.5099154828,1034108.9742848272,expansion
2022-08-16,964466.7844038156,1035918.314414345,expansion
2022-08-17,956104.6652804542,1028838.0785804103,expansion
2022-08-18,959057.2022313983,1032011.1360114663,expansion
2022-08-19,946872.4572663227,1017771.9753561626,recovery
2022-08-22,934333.1804433858,996321.5431281929,recovery
2022-08-23,933390.838400669,993961.3800866372,recovery
2022-08-24,932771.0459300065,996976.9751125814,recovery
2022-08-25,944416.5777965167,1011504.5494814845,recovery
2022-08-26,927886.3666826957,976837.6601441207,fear
2022-08-29,922022.2312044284,970386.6829189258,fear
2022-08-30,916273.5584059809,959845.1448008235,fear
2022-08-31,908405.0917591703,952292.7750422847,fear
2022-09-01,902789.3913391639,955229.596650551,fear
2022-09-02,900870.6918065848,945212.6236385939,fear
2022-09-06,892378.5052428109,942039.4817772938,fear
2022-09-07,905712.2912902264,958927.3036179964,recovery
2022-09-08,906543.142028944,965194.6450624306,recovery
2022-09-09,915786.0445670008,980089.4065626109,recovery
2022-09-12,919182.8587350661,990867.0116430151,recovery
2022-09-13,894184.5527963083,947651.3912373396,fear
2022-09-14,895937.9236074357,951191.551369429,fear
2022-09-15,886507.6082098961,940571.1554034047,fear
2022-09-16,884462.3695785794,933176.2480499779,fear
2022-09-19,888621.7984010621,940335.1728713468,fear
2022-09-20,880019.5801400614,929741.1191414592,fear
2022-09-21,877017.9332014418,913377.777976658,fear
2022-09-22,867340.4684430611,905668.0302432511,fear
2022-09-23,857082.2762956406,890615.9751984468,fear
2022-09-26,845996.133175561,881988.555142701,fear
2022-09-27,840699.0637355726,879497.5252229022,fear
2022-09-28,859511.0308030242,896772.7974534488,fear
2022-09-29,849042.5912130321,878072.5959944435,fear
2022-09-30,840116.1145071974,864692.5975023677,fear
2022-10-03,860267.4442010575,887554.4501197516,fear
2022-10-04,876073.5614324614,914498.6738963722,fear
2022-10-05,872546.7109092388,912918.224158414,fear
2022-10-06,866603.9576724458,903304.7432826664,fear
2022-10-07,850114.3673019651,877940.6315230277,fear
2022-10-10,839961.6537240106,871382.5967484056,fear
2022-10-11,837420.7859694886,865640.7491428008,fear
2022-10-12,838520.2990799635,862954.2632080774,fear
2022-10-13,846267.5647310743,885552.7778943385,fear
2022-10-14,832467.1284262051,865614.3224764201,fear
2022-10-17,840986.2618634799,887607.050161781,fear
2022-10-18,846804.3039348337,898063.3981636589,fear
2022-10-19,837129.9040435494,891847.3058773497,fear
2022-10-20,830649.9572460254,884525.430685007,fear
2022-10-21,842346.7752172248,905780.4913282963,fear
2022-10-24,846017.3507867205,916816.3685251817,fear
2022-10-25,857442.7715902367,931724.0478526982,fear
2022-10-26,860290.001230548,924770.6262452933,fear
2022-10-27,860175.800709223,919818.9612935457,fear
2022-10-28,867096.1887217936,941284.7598259285,fear
2022-10-31,860646.6208160601,934884.6940378824,fear
2022-11-01,864519.4131277417,931118.2608517981,fear
2022-11-02,851061.830527008,907360.8566360103,fear
2022-11-03,844629.5819982744,897694.6912879893,fear
2022-11-04,857147.3204465362,910837.6096548348,recovery
2022-11-07,859815.7554876044,919582.0500288034,recovery
2022-11-08,871324.2803437823,924586.2305923364,fear
2022-11-09,860954.0507829791,905701.5490501302,fear
2022-11-10,901089.8768288327,955270.5453189044,recovery
2022-11-11,907097.692188428,964410.0348046795,recovery
2022-11-14,903301.0701769423,956666.4305434176,recovery
2022-11-15,912148.135978496,964568.0882214997,recovery
2022-11-16,909398.4648640153,957246.044168669,recovery
2022-11-17,906093.1910088502,954480.3626650473,recovery
2022-11-18,905460.584920806,958694.6138654555,recovery
2022-11-21,903229.8556647603,955323.1453609338,recovery
2022-11-22,914263.6526941648,968044.8412403242,recovery
2022-11-23,921645.9409136996,974102.7112493253,recovery
2022-11-25,920375.2256192717,973997.2578745345,recovery
2022-11-28,910856.2670247419,958589.1604906647,recovery
2022-11-29,909293.1828269373,956903.76395938,recovery
2022-11-30,928853.9309360788,986349.993587523,recovery
2022-12-01,934225.5068851517,986481.7047682065,expansion
2022-12-02,933094.3504388771,985059.3084470686,expansion
2022-12-05,918029.191281043,967517.9965175901,recovery
2022-12-06,909642.5880163817,953532.3798851023,recovery
2022-12-07,912920.8069896025,951688.4233555332,recovery
2022-12-08,921012.7044205096,959195.1163520529,recovery
2022-12-09,912429.8671913217,952188.9258421304,recovery
2022-12-12,921865.1521551157,965779.6622233,recovery
2022-12-13,931414.3378883697,972917.3950534178,recovery
2022-12-14,926352.5660766829,967043.7518368855,recovery
2022-12-15,906123.4937353372,943260.3431059371,recovery
2022-12-16,898630.700759866,932013.8124502018,recovery
2022-12-19,890234.255276683,923980.3591611923,recovery
2022-12-20,889198.321094812,925388.4023408454,recovery
2022-12-21,900061.1553442044,939229.3055350696,recovery
2022-12-22,885907.1343619259,926023.4022061792,recovery
2022-12-23,887105.9859659635,931210.6275387646,recovery
2022-12-27,881275.846403357,927505.5751400888,recovery
2022-12-28,871789.7830391591,916125.8135592777,recovery
2022-12-29,886562.6400641719,932375.0050341533,recovery
2022-12-30,884020.1693472473,929807.9878947294,recovery
2023-01-03,884397.843287521,926235.2376884451,recovery
2023-01-04,895009.2870462353,932904.4670944522,recovery
2023-01-05,886773.971469238,922715.3408149224,recovery
2023-01-06,909776.0776340195,943701.9132822029,recovery
2023-01-09,912707.2166682064,943013.7223631316,recovery
2023-01-10,916152.7671560479,949735.8895321442,recovery
2023-01-11,925930.6582484702,961856.6953647881,recovery
2023-01-12,933754.6844848545,965455.787807209,expansion
2023-01-13,936072.063668244,969213.7779688904,expansion
2023-01-17,932916.8560888603,967731.9427559568,expansion
2023-01-18,926694.441677647,952011.7067599159,recovery
2023-01-19,919059.1125250546,945157.4062589997,recovery
2023-01-20,929878.7697258284,962544.8018536153,expansion
2023-01-23,943635.6700709206,974268.7011090842,expansion
2023-01-24,944259.0179570868,973236.4569455992,expansion
2023-01-25,945777.0080052376,973580.5101900126,expansion
2023-01-26,951350.0475125081,983980.9653703442,expansion
2023-01-27,950668.4084859195,986786.4135189031,expansion
2023-01-30,939542.1932618903,974453.8566342373,expansion
2023-01-31,951542.2589989987,988294.7598284613,expansion
2023-02-01,969056.9892329348,999118.7171128369,expansion
2023-02-02,978964.1423296573,1013436.1446043544,expansion
2023-02-03,965257.301536016,1002612.1028897349,expansion
2023-02-06,958259.0488431575,996816.4732186844,expansion
2023-02-07,969865.8269871707,1009678.1544426732,expansion
2023-02-08,960458.0666642229,998616.0194398948,expansion
2023-02-09,954321.9717535836,990068.1326740232,recovery
2023-02-10,952318.5874633244,992476.1676639427,recovery
2023-02-13,961996.4254904418,1003935.5469648722,recovery
2023-02-14,964365.2925133572,1003565.1514843217,expansion
2023-02-15,964960.3237434304,1006925.9817780958,expansion
2023-02-16,951407.3305064356,992926.0120041232,recovery
2023-02-17,948619.4664686298,990358.9948646993,recovery
2023-02-21,929018.6592072551,970695.6976120678,recovery
2023-02-22,927607.2063436122,969478.3823536737,recovery
2023-02-23,937124.6313235508,974348.0655384704,recovery
2023-02-24,926249.5792064964,963920.9304010259,recovery
2023-02-27,929384.8942862006,967255.5028889074,recovery
2023-02-28,928793.5109257194,963603.303822993,recovery
2023-03-01,926613.7549130456,960083.4913797143,recovery
2023-03-02,930182.2389783222,967255.5028889074,expansion
2023-03-03,944723.2185820832,982578.5790170411,expansion
2023-03-06,941543.6380580819,983769.4676090545,expansion
2023-03-07,930316.3717329568,968552.3514371759,expansion
2023-03-08,935420.5814587519,970060.6133164901,expansion
2023-03-09,923955.8436651573,952302.9911018121,recovery
2023-03-10,920665.9770176387,938647.1590024972,recovery
2023-03-13,921680.5123522853,937059.2794030646,fear
2023-03-14,931125.692957665,952620.279958869,recovery
2023-03-15,929308.9800761499,946745.3702886763,fear
2023-03-16,942984.259986861,962941.7928610345,recovery
2023-03-17,941465.8404747287,952408.782197579,fear
2023-03-20,947312.9966682652,961009.6911567003,recovery
2023-03-21,950461.748756235,973580.5101900126,recovery
2023-03-22,943814.5390620428,957437.1098109041,recovery
2023-03-23,951126.1533324518,959713.0114689199,recovery
2023-03-24,950570.5798415253,966109.1934657408,recovery
2023-03-27,945196.8801998328,967703.7430544515,recovery
2023-03-28,944590.2369224444,966002.8957885096,expansion
2023-03-29,956320.0242293007,979741.553957216,expansion
2023-03-30,963827.681017952,985587.7573444392,expansion
2023-03-31,973316.9451797266,999353.0110400144,expansion
2023-04-03,975299.2288734517,1003312.1984732142,expansion
2023-04-04,970052.6131290605,997651.8260530963,expansion
2023-04-05,966931.0151676652,995233.9971548696,expansion
2023-04-06,967284.5113124928,999034.0335780769,expansion
2023-04-10,969177.2165667112,1000123.4370167687,expansion
2023-04-11,969556.6968673728,1000256.4990813567,expansion
2023-04-12,964114.9217400631,996270.378400312,expansion
2023-04-13,972990.3417911982,1009184.9973873061,expansion
2023-04-14,968926.5607565474,1007112.2348964214,expansion
2023-04-17,969543.4114581809,1010540.2716644418,expansion
2023-04-18,971387.1502244525,1011231.164351322,expansion
2023-04-19,968542.5568766012,1011177.8888673404,expansion
2023-04-20,966095.5377647141,1005464.7475447054,expansion
2023-04-21,963345.6784835844,1006049.4269845983,expansion
2023-04-24,964628.6294000895,1007378.1057348652,expansion
2023-04-25,951081.2416096524,991460.5562585312,expansion
2023-04-26,946578.8359130255,987049.41372905,expansion
2023-04-27,956785.7588398624,1006634.1064244915,expansion
2023-04-28,966853.4622031694,1015243.7961289916,expansion
2023-05-01,964975.4435743093,1014553.0723025993,expansion
2023-05-02,959908.5135340244,1003179.5585598464,expansion
2023-05-03,954834.5052139142,996190.5918197057,expansion
2023-05-04,948971.752434508,988909.4964352285,recovery
2023-05-05,961611.2775098081,1007059.2127031719,expansion
2023-05-08,960745.7902256165,1007617.2966161963,expansion
2023-05-09,955492.8658224872,1003259.0918497208,expansion
2023-05-10,959927.8975745018,1007643.892143065,expansion
2023-05-11,957815.9409813107,1006235.4268121917,expansion
2023-05-12,956270.8915831912,1004880.0681048121,expansion
2023-05-15,962163.6113832608,1008361.3803568142,expansion
2023-05-16,955543.925662686,1001691.2222181227,expansion
2023-05-17,966739.5406489801,1013649.4154007689,expansion
2023-05-18,976013.5588680863,1023561.3571891551,expansion
2023-05-19,974578.3388326049,1021940.4653643077,expansion
2023-05-22,974973.7476900015,1022498.3804168442,expansion
2023-05-23,967566.2520725686,1011071.8444808414,expansion
2023-05-24,958298.2321794548,1003498.2827310516,recovery
2023-05-25,973278.7123524173,1012241.1189303838,expansion
2023-05-26,994884.2052764402,1025394.9287987087,expansion
2023-05-30,995907.8249780504,1025713.7374001581,expansion
2023-05-31,987847.5333012715,1020133.4892816227,expansion
2023-06-01,997515.1440973154,1029912.453435665,expansion
2023-06-02,1004774.7825368767,1045032.8969781318,expansion
2023-06-05,1000159.9058248266,1043013.4099712287,expansion
2023-06-06,1004556.0059015849,1045165.7057519876,expansion
2023-06-07,1001897.2536300865,1041737.6689839675,expansion
2023-06-08,1009212.0257730297,1047982.5519834901,expansion
2023-06-09,1009930.4805419417,1049736.3370124374,expansion
2023-06-12,1022097.1343432724,1059382.576822868,expansion
2023-06-13,1027729.2398172432,1066371.5435630085,expansion
2023-06-14,1031560.5790134628,1067195.1605935008,expansion
2023-06-15,1039499.6077551964,1080880.7121387136,expansion
2023-06-16,1035099.24338227,1076894.5070274246,expansion
2023-06-20,1029384.8110521322,1071925.1961546754,expansion
2023-06-21,1021011.755487598,1066052.4816708271,expansion
2023-06-22,1021464.8356178702,1069932.220244397,overheated
2023-06-23,1013636.1669497556,1061907.125549546,expansion
2023-06-26,1013076.1440879456,1057522.3252562014,expansion
2023-06-27,1026442.5291640207,1069241.4119877606,expansion
2023-06-28,1024911.6144526573,1069719.7937504228,expansion
2023-06-29,1026290.4593088902,1073817.5312140724,expansion
2023-06-30,1038332.349493068,1086543.1108846879,expansion
2023-07-03,1041185.4386894527,1088623.8942487554,expansion
2023-07-05,1034056.7473620404,1086196.0181514893,expansion
2023-07-06,1024217.264058195,1077338.9478319876,expansion
2023-07-07,1022987.0787133079,1074831.3695843592,expansion
2023-07-10,1029270.975316844,1077712.467231567,expansion
2023-07-11,1035296.9301070474,1084622.2384028095,expansion
2023-07-12,1045371.749810425,1093159.1492369575,expansion
2023-07-13,1054850.7288482387,1102069.5794706848,expansion
2023-07-14,1050228.6532771292,1101189.140885962,expansion
2023-07-17,1055621.6809242223,1105030.8858497192,expansion
2023-07-18,1062754.6578641182,1113407.8013714342,expansion
2023-07-19,1064878.8866864108,1115808.8286510995,expansion
2023-07-20,1054147.3371786044,1108525.7069407655,expansion
2023-07-21,1055838.7175629565,1108659.1067263298,expansion
2023-07-24,1057975.9659414534,1113354.1881664766,expansion
2023-07-25,1062385.673862687,1116635.6540308646,expansion
2023-07-26,1061129.7829993814,1116902.3691717486,expansion
2023-07-27,1056226.389637601,1109325.936793662,expansion
2023-07-28,1067205.482390143,1120130.3906916669,expansion
2023-07-31,1069509.954944531,1122291.4672178049,expansion
2023-08-01,1064100.908568545,1118823.4105141151,expansion
2023-08-02,1047141.0398512465,1103323.368594499,expansion
2023-08-03,1042331.8747567574,1100202.151333276,expansion
2023-08-04,1041594.8946616547,1094813.1377174638,expansion
2023-08-07,1047638.282098278,1104683.9619770085,expansion
2023-08-08,1042985.9676765419,1099908.587374791,expansion
2023-08-09,1036508.4192461781,1092598.7857073443,expansion
2023-08-10,1034002.491730127,1093239.1046780518,expansion
2023-08-11,1029871.2469927511,1092225.350738009,expansion
2023-08-14,1036146.3759120607,1098387.9142496046,expansion
2023-08-15,1024955.2274893931,1085795.7343645531,expansion
2023-08-16,1016177.1793819126,1077765.8271457925,expansion
2023-08-17,1010567.8140866791,1069042.0721816109,expansion
2023-08-18,1012696.0320532476,1070029.146164541,expansion
2023-08-21,1018784.3569506919,1077098.8282179723,expansion
2023-08-22,1015804.8788315877,1074084.2463549566,expansion
2023-08-23,1029476.24383297,1085662.587869721,expansion
2023-08-24,1015807.5865535651,1071229.8286648616,expansion
2023-08-25,1020525.8616885218,1078326.1062451617,expansion
2023-08-28,1026979.6152714582,1085422.2993952178,expansion
2023-08-29,1041705.6748319237,1100842.3014434956,expansion
2023-08-30,1044878.2062530632,1105431.0007761673,expansion
2023-08-31,1045640.5615321109,1104016.963049188,expansion
2023-09-01,1045486.344569548,1106364.5459843837,expansion
2023-09-05,1039172.2528343371,1101535.9803284286,expansion
2023-09-06,1033178.8656325153,1093932.7835629852,expansion
2023-09-07,1028314.7263424263,1090677.9976557097,expansion
2023-09-08,1029304.5016057933,1092172.0752540275,expansion
2023-09-11,1031772.5757136559,1099348.139414934,expansion
2023-09-12,1028037.9139596759,1093452.4599047103,expansion
2023-09-13,1028610.6337804118,1094733.0134158814,expansion
2023-09-14,1034808.6059023401,1104203.7227489778,overheated
2023-09-15,1022583.8626650526,1090437.8780416946,expansion
2023-09-18,1024931.8859301523,1091638.307251283,expansion
2023-09-19,1021204.4859056603,1089450.8040587644,expansion
2023-09-20,1014100.6501415201,1079259.735883622,expansion
2023-09-21,997361.6857239585,1061572.1907714873,expansion
2023-09-22,998526.5516992833,1059011.0837491455,expansion
2023-09-25,998446.2569746337,1063413.1078122715,expansion
2023-09-26,985774.1439183175,1047806.5149246922,expansion
2023-09-27,985317.2085751117,1048046.3812479753,expansion
2023-09-28,991445.257615108,1054160.397369255,expansion
2023-09-29,989282.0382968086,1051642.9407830753,expansion
2023-10-02,985570.7233715912,1051562.732051249,expansion
2023-10-03,971792.6989755551,1037422.861362922,expansion
2023-10-04,978657.733669432,1045055.1865625551,expansion
2023-10-05,976184.2748336305,1044171.6240588034,expansion
2023-10-06,984908.72201853,1056624.1563202327,expansion
2023-10-09,993849.0772865672,1063667.2428467954,expansion
2023-10-10,998698.9722924677,1069157.0661739768,expansion
2023-10-11,1005206.3469528458,1073682.8649748478,expansion
2023-10-12,998498.548792479,1067228.932691112,expansion
2023-10-13,996767.7388896522,1061605.2029969022,expansion
2023-10-16,1003295.8154237968,1072718.7560182933,expansion
2023-10-17,1001779.007874964,1072745.435975406,expansion
2023-10-18,991521.0681861491,1058391.5346184685,expansion
2023-10-19,982874.6151014715,1049420.2301787972,recovery
2023-10-20,974433.3163373261,1036351.8637174282,recovery
2023-10-23,972417.8509542735,1034530.7877839906,recovery
2023-10-24,980438.0993167431,1042270.0861028072,expansion
2023-10-25,964287.6630875636,1027568.0788497427,recovery
2023-10-26,959142.175019831,1014954.7069734401,recovery
2023-10-27,956503.0819129165,1010455.7569901699,recovery
2023-10-30,960397.5343481523,1022613.712130186,expansion
2023-10-31,964061.666567883,1028800.0005403536,expansion
2023-11-01,975297.1373731875,1040127.8375210875,expansion
2023-11-02,993758.3243036888,1059891.269043136,expansion
2023-11-03,1005558.1217734893,1069692.6072118457,expansion
2023-11-06,1004076.0666522635,1071754.647061739,expansion
2023-11-07,1007069.9222391378,1074780.8802984306,expansion
2023-11-08,1007796.5499770709,1075664.5272324265,expansion
2023-11-09,1000156.4068623234,1067550.274199882,expansion
2023-11-10,1016903.0388228104,1084207.1793231682,expansion
2023-11-13,1014320.761552817,1083109.3328600738,expansion
2023-11-14,1037276.7776394952,1103917.1665007474,expansion
2023-11-15,1039664.6150718633,1106327.4811072554,expansion
2023-11-16,1041466.6989032654,1107880.7443066365,expansion
2023-11-17,1044832.1187187247,1109514.2162378442,expansion
2023-11-20,1052997.6137669845,1117869.517617088,expansion
2023-11-21,1048011.5924165379,1114950.5107903117,expansion
2023-11-22,1051253.4117864908,1119770.886712596,overheated
2023-11-24,1051774.38633015,1120386.7209125357,overheated
2023-11-27,1051837.2096038563,1118431.9074725579,overheated
2023-11-28,1052667.3095922729,1119529.8383658966,overheated
2023-11-29,1056431.8560295526,1118806.7777560416,overheated
2023-11-30,1056485.1576748618,1123145.225845415,overheated
2023-12-01,1066804.650208936,1129732.980065935,overheated
2023-12-04,1060487.4644752364,1124055.5527365236,expansion
2023-12-05,1060979.8583764578,1123707.5312706407,overheated
2023-12-06,1060274.0374117605,1119021.2305758726,overheated
2023-12-07,1067771.154257799,1127778.0821957132,expansion
2023-12-08,1068355.6619834565,1132571.6937306407,overheated
2023-12-11,1075707.5434749187,1136963.5861644836,overheated
2023-12-12,1079545.9572573178,1142614.08024605,overheated
2023-12-13,1097655.6349965087,1158173.1389062416,overheated
2023-12-14,1111670.648756131,1161574.2424264173,overheated
2023-12-15,1110001.1622732275,1159806.6952676934,overheated
2023-12-18,1111649.7107574511,1166367.6851008565,overheated
2023-12-19,1118152.9300407614,1173464.3848323768,overheated
2023-12-20,1103729.6896147393,1156526.0737057456,expansion
2023-12-21,1114081.664077824,1167793.2053410234,expansion
2023-12-22,1116805.869530703,1170509.326291401,expansion
2023-12-26,1124102.4622465037,1175376.3921386325,overheated
2023-12-27,1128882.2000008174,1177527.421465731,overheated
2023-12-28,1126875.2961133076,1177715.785340157,overheated
2023-12-29,1122228.8739966536,1174569.492296458,overheated
2024-01-02,1113567.5191969967,1167067.1896726277,expansion
2024-01-03,1104941.1994790656,1158408.5304265914,expansion
2024-01-04,1099647.939775145,1154751.5188367674,expansion
2024-01-05,1100363.6184424337,1156230.3145609158,expansion
2024-01-08,1113869.3346795777,1172767.9197493908,expansion
2024-01-09,1110703.8907839956,1169917.385850521,overheated
2024-01-10,1112039.3418378062,1177634.9855966226,overheated
2024-01-11,1112702.6505642338,1177231.7467511452,overheated
2024-01-12,1113644.1442394077,1177769.567405603,overheated
2024-01-16,1108993.01532608,1173762.8457450154,expansion
2024-01-17,1102056.256726464,1167228.620299209,expansion
2024-01-18,1112426.3566569742,1177608.0523487777,expansion
2024-01-19,1128102.725000338,1192021.3925975107,expansion
2024-01-22,1131120.547684616,1194737.3446874,expansion
2024-01-23,1133014.0442742694,1198286.7921463326,overheated
2024-01-24,1132625.1072853776,1199281.7181419572,expansion
2024-01-25,1138086.1162645428,1206031.1562797907,expansion
2024-01-26,1132380.7812527649,1205305.3094718829,expansion
2024-01-29,1141065.3527241824,1214071.4484185667,expansion
2024-01-30,1139095.518718998,1213211.1042319224,expansion
2024-01-31,1127566.715095734,1193446.7439771898,expansion
2024-02-01,1140687.923928221,1209150.6005058892,expansion
2024-02-02,1145233.7260558263,1221573.8354726408,expansion
2024-02-05,1141878.7045255736,1217110.2617616185,expansion
2024-02-06,1143535.8945290856,1220901.686299935,expansion
2024-02-07,1150929.9339263297,1230931.8304299603,overheated
2024-02-08,1154688.4612637926,1231765.3257990035,overheated
2024-02-09,1160879.0704292385,1238756.825446465,overheated
2024-02-12,1161129.7247453956,1238192.1559744065,expansion
2024-02-13,1142828.1357414247,1220740.3401035976,expansion
2024-02-14,1154064.9989903881,1232356.928518907,expansion
2024-02-15,1160749.000998668,1240692.9798025126,expansion
2024-02-16,1155835.2881981058,1234346.8649404002,expansion
2024-02-20,1149812.5387254418,1227570.4935547218,expansion
2024-02-21,1149792.7874100073,1228807.3966297305,expansion
2024-02-22,1173686.4168319833,1254622.112601746,expansion
2024-02-23,1173738.2382920433,1255186.8665040485,expansion
2024-02-26,1172402.018116696,1250588.5421235573,expansion
2024-02-27,1172478.2041727095,1252901.1709377253,expansion
2024-02-28,1169704.4758056393,1250965.0165816778,expansion
2024-02-29,1179619.3187945324,1255590.1897797696,expansion
2024-03-01,1197093.4614918488,1267690.8167840908,expansion
2024-03-04,1200512.046237242,1266184.8345213654,expansion
2024-03-05,1193698.1062349847,1253492.773657629,expansion
2024-03-06,1203751.7159308714,1260134.5632343267,expansion
2024-03-07,1217170.1068295734,1272611.8335572565,expansion
2024-03-08,1205809.8120539277,1264894.318241399,expansion
2024-03-11,1204200.9249033867,1263845.5257500845,expansion
2024-03-12,1211317.070638372,1277371.2508433526,expansion
2024-03-13,1206629.8803524377,1275435.265347793,expansion
2024-03-14,1198226.4150882708,1272638.6823748574,expansion
2024-03-15,1192115.696299479,1263872.3745676854,expansion
2024-03-18,1195388.036297121,1271778.169327725,expansion
2024-03-19,1197931.6107211835,1278904.250784167,expansion
2024-03-20,1209283.3078921358,1290063.6494280654,expansion
2024-03-21,1217156.3114081284,1294366.0458032386,overheated
2024-03-22,1215672.6052786645,1292674.6547246277,expansion
2024-03-25,1213308.5746204713,1289329.4440259987,expansion
2024-03-26,1209786.2840662026,1285714.6475581888,expansion
2024-03-27,1222895.7162227358,1296936.9467338878,overheated
2024-03-28,1225752.3825572145,1296775.0939560866,expansion
2024-04-01,1224370.940878067,1295075.5131438049,expansion
2024-04-02,1218048.2361721904,1286604.6267604867,expansion
2024-04-03,1219705.6200528098,1287764.782743674,expansion
2024-04-04,1205863.8417460148,1271902.36621669,expansion
2024-04-05,1214708.37812857,1285417.7908201867,expansion
2024-04-08,1216525.4921577876,1285930.36683168,expansion
2024-04-09,1222575.8418343829,1287521.9613618497,expansion
2024-04-10,1205584.5630502691,1275058.7064594286,expansion
2024-04-11,1215152.0458644948,1284257.7192672435,expansion
2024-04-12,1197485.4837166502,1266749.9261446442,expansion
2024-04-15,1188035.4953958965,1250671.6214836808,expansion
2024-04-16,1186418.6744355774,1248432.5314120613,expansion
2024-04-17,1177889.0988555078,1240906.081738439,expansion
2024-04-18,1173352.4261898121,1238073.5314815473,expansion
2024-04-19,1165402.8422704039,1227714.3626905454,expansion
2024-04-22,1170263.0606808777,1238370.2193590612,expansion
2024-04-23,1181337.8331298358,1253989.730073977,expansion
2024-04-24,1182971.1031954433,1253072.6487633463,expansion
2024-04-25,1182474.676453283,1247893.0221527233,expansion
2024-04-26,1192337.8078850363,1260383.294733233,expansion
2024-04-29,1197610.2203395348,1264780.5062724494,expansion
2024-04-30,1178992.7356601318,1244790.7172661622,expansion
2024-05-01,1170540.2694085278,1240744.1445303936,expansion
2024-05-02,1181880.5224626479,1252317.2513700284,expansion
2024-05-03,1196598.8349136414,1267855.9623414094,expansion
2024-05-06,1209537.5517337173,1280642.9227994333,expansion
2024-05-07,1208398.1405816728,1282477.2542811832,expansion
2024-05-08,1208322.0038214757,1282531.2052071171,expansion
2024-05-09,1214516.513542039,1289896.0553936702,overheated
2024-05-10,1218480.9519128094,1291487.3966331077,overheated
2024-05-13,1218343.9779794698,1291568.4496673746,expansion
2024-05-14,1227076.4368632569,1297692.2596969614,expansion
2024-05-15,1245166.6177708046,1313500.5564375233,overheated
2024-05-16,1241853.4342249525,1310991.7961664787,overheated
2024-05-17,1243021.977078868,1312934.0295000963,overheated
2024-05-20,1248685.5082254768,1314229.10501324,overheated
2024-05-21,1249309.7954599292,1317763.0173072712,overheated
2024-05-22,1247741.3823137477,1313932.2482752379,overheated
2024-05-23,1236178.4240131588,1304166.624099752,overheated
2024-05-24,1246112.9037164948,1313042.0157822077,overheated
2024-05-28,1249903.064543967,1314094.1010530393,overheated
2024-05-29,1235796.0835203133,1304841.1373192908,expansion
2024-05-30,1232290.9006959165,1296073.5630584585,expansion
2024-05-31,1238126.6780237602,1307350.0664508236,overheated
2024-06-03,1241656.6801983095,1308779.6393427039,expansion
2024-06-04,1241744.5614615392,1310371.3183031175,expansion
2024-06-05,1258463.6869669585,1326044.779943967,overheated
2024-06-06,1257406.3290034838,1325748.1764966971,overheated
2024-06-07,1247283.8442127653,1324021.5780063267,overheated
2024-06-10,1251370.1885907133,1328364.7541893653,overheated
2024-06-11,1254044.700527013,1331386.1749021474,overheated
2024-06-12,1265093.4474647127,1342473.8078386222,overheated
2024-06-13,1268566.371209629,1345009.3324970235,overheated
2024-06-14,1270604.342554392,1346088.6043064322,overheated
2024-06-17,1276869.981552406,1356771.309792549,overheated
2024-06-18,1283980.555114296,1360386.2751208472,overheated
2024-06-20,1278987.2137213568,1356609.6258752355,expansion
2024-06-21,1273929.3404013729,1353642.1560883874,expansion
2024-06-24,1271657.3506882798,1350000.1730820003,expansion
2024-06-25,1274377.8625943544,1355611.575960582,overheated
2024-06-26,1269404.687621253,1357122.2018867289,overheated
2024-06-27,1271040.974178693,1359226.372428392,overheated
2024-06-28,1269129.2438655691,1353985.1961698725,overheated
2024-07-01,1266650.2821376615,1357098.392557913,overheated
2024-07-02,1274169.9975773317,1365897.0371485476,overheated
2024-07-03,1282758.637211451,1372069.5634289384,overheated
2024-07-05,1289202.8447800733,1380272.6370782002,overheated
2024-07-08,1292209.0973715123,1381599.1206421226,overheated
2024-07-09,1292240.2145515394,1383115.3189643752,overheated
2024-07-10,1305442.7951226952,1396434.9498319712,overheated
2024-07-11,1301268.4222532727,1384468.9046366303,overheated
2024-07-12,1310184.1935117273,1393023.7991127563,overheated
2024-07-15,1311382.3980263618,1397247.0843492756,expansion
2024-07-16,1325181.682357996,1405179.4746361838,expansion
2024-07-17,1305922.5129916407,1385551.8913767762,expansion
2024-07-18,1297918.5533151184,1375128.893321289,expansion
2024-07-19,1283426.0503359358,1365951.1569349696,expansion
2024-07-22,1296194.3196100658,1380137.2953970234,expansion
2024-07-23,1290605.921683609,1377836.0646657993,expansion
2024-07-24,1266729.3781449036,1346296.471567229,expansion
2024-07-25,1260796.934674892,1339501.272237132,expansion
2024-07-26,1277171.1068042377,1354526.4784643354,expansion
2024-07-29,1276951.5651003097,1355528.2433097262,expansion
2024-07-30,1271957.6350997165,1348435.1740786992,expansion
2024-07-31,1295308.5272388875,1369687.1108029594,expansion
2024-08-01,1266462.108432022,1351007.088172277,expansion
2024-08-02,1243073.0788043896,1326316.814190225,recovery
2024-08-05,1215670.3579973527,1286493.0099778818,fear
2024-08-06,1221236.4388499411,1299325.4783374367,fear
2024-08-07,1208759.5720460555,1290310.2701708707,fear
2024-08-08,1242014.573452219,1320415.0557024314,recovery
2024-08-09,1244519.7963046646,1326073.0640757165,recovery
2024-08-12,1247652.2904549155,1326750.025772332,recovery
2024-08-13,1270050.6351962867,1348787.0793358076,expansion
2024-08-14,1271478.3303929796,1353091.6708973255,expansion
2024-08-15,1295482.450705105,1376320.0352040345,expansion
2024-08-16,1299875.2193216952,1379216.7524463874,expansion
2024-08-19,1311843.6079306959,1392482.2635275614,expansion
2024-08-20,1308136.01623428,1390181.2016568254,expansion
2024-08-21,1314744.1125802526,1395054.346481627,expansion
2024-08-22,1297535.2455678433,1383764.925261926,expansion
2024-08-23,1315814.369031994,1398736.1805631954,expansion
2024-08-26,1307934.6995676225,1395298.0965961355,expansion
2024-08-27,1311443.0680697781,1397166.2001754967,expansion
2024-08-28,1302167.1824390604,1389179.5212416784,expansion
2024-08-29,1302491.4893847075,1389396.253678098,expansion
2024-08-30,1314631.5435893526,1402472.3032916735,expansion
2024-09-03,1281355.5903883292,1374100.1107978092,recovery
2024-09-04,1281457.7432276548,1370688.8756483505,recovery
2024-09-05,1278510.7461035904,1367304.8270374686,expansion
2024-09-06,1255298.400415748,1344536.6919909555,recovery
2024-09-09,1269931.0733472144,1359670.3066514905,expansion
2024-09-10,1276451.9612530416,1365274.364098842,expansion
2024-09-11,1292611.6933586956,1379243.7701244764,expansion
2024-09-12,1298707.9826915832,1391101.5757469735,expansion
2024-09-13,1309486.0069534734,1398492.5148789308,expansion
2024-09-16,1309844.2926332976,1400604.1997123123,expansion
2024-09-17,1309138.4429892546,1401253.9748703511,expansion
2024-09-18,1302079.658500406,1396705.5487640805,expansion
2024-09-19,1326790.1615458396,1421071.1040276012,expansion
2024-09-20,1321985.9335992546,1418282.541927848,expansion
2024-09-23,1325513.8796770675,1421775.0834023058,expansion
2024-09-24,1332335.4785666307,1425863.026957648,expansion
2024-09-25,1329670.1405366869,1422966.2252850514,expansion
2024-09-26,1343081.6628497555,1428624.7402398004,expansion
2024-09-27,1338748.7584440422,1426775.0424536373,expansion
2024-09-30,1338443.062615377,1432993.8365077558,expansion
2024-10-01,1326473.8146580018,1419605.5638517651,expansion
2024-10-02,1329336.1137181662,1419849.904977982,expansion
2024-10-03,1327448.545639236,1417161.4771476458,recovery
2024-10-04,1336316.0275280692,1430224.0179221767,expansion
2024-10-07,1327636.4412359055,1417351.4451967084,recovery
2024-10-08,1335634.3963240844,1430766.9043912762,recovery
2024-10-09,1343471.1186495833,1440543.5889287295,recovery
2024-10-10,1340110.1093340984,1438126.6887631873,recovery
2024-10-11,1349263.5520084617,1446680.992227605,recovery
2024-10-14,1360720.868065766,1458521.6585105644,expansion
2024-10-15,1341864.130842242,1447414.1844667431,recovery
2024-10-16,1347156.4207118517,1453497.3835489526,expansion
2024-10-17,1348379.6219587433,1453714.7069970805,expansion
2024-10-18,1352530.2494978292,1459309.0549663685,expansion
2024-10-21,1346963.9423443296,1457055.1051718,expansion
2024-10-22,1345971.4981797074,1456050.21640738,expansion
2024-10-23,1335372.9713803506,1442770.5210452094,expansion
2024-10-24,1340244.6597867892,1446029.3596041978,expansion
2024-10-25,1341182.5144605546,1445459.1177360334,recovery
2024-10-28,1344229.061134598,1449967.0173251706,expansion
2024-10-29,1351939.7177043022,1452275.340196893,expansion
2024-10-30,1341662.5961339446,1447903.0355796646,recovery
2024-10-31,1316660.6863219948,1419415.5958027025,recovery
2024-11-01,1316874.0473863415,1425580.1856401546,recovery
2024-11-04,1318055.2313054502,1422484.2974521401,recovery
2024-11-05,1329911.4749458309,1439593.0732414636,recovery
2024-11-06,1341076.897607912,1475440.128529849,expansion
2024-11-07,1355441.6772072488,1486928.0452532598,expansion
2024-11-08,1358173.4937968887,1493499.7577274148,expansion
2024-11-11,1347205.121502507,1494721.9699399625,expansion
2024-11-12,1336875.1497946114,1490240.7503079383,expansion
2024-11-13,1328834.7363305723,1491001.2979461413,expansion
2024-11-14,1325163.8833590546,1481523.4964725466,expansion
2024-11-15,1308662.8187320787,1462404.9431543832,expansion
2024-11-18,1318662.7172015074,1468460.7868375275,expansion
2024-11-19,1323163.5791037597,1473811.131401575,expansion
2024-11-20,1322531.2353941833,1474354.0178706744,expansion
2024-11-21,1331683.103486971,1481795.1929978284,expansion
2024-11-22,1338282.228532725,1486764.75716131,expansion
2024-11-25,1342161.7809683832,1491544.3532757289,expansion
2024-11-26,1341651.940450955,1499908.857551572,expansion
2024-11-27,1338752.2476673129,1495129.0925766649,expansion
2024-11-29,1348984.7538144374,1503004.7457395867,expansion
2024-12-02,1354115.2302471458,1507241.11766393,expansion
2024-12-03,1350726.7747632205,1507594.3738049427,expansion
2024-12-04,1358922.2273368586,1517099.3618171145,expansion
2024-12-05,1352627.3360209672,1514573.7154972642,expansion
2024-12-06,1354837.7196711386,1517588.212930036,overheated
2024-12-09,1350698.9716665614,1509685.2043680493,expansion
2024-12-10,1344914.105004428,1505394.459366552,expansion
2024-12-11,1353819.637020906,1516800.816474232,expansion
2024-12-12,1343284.3958356963,1508979.3675279762,expansion
2024-12-13,1344490.8393201896,1508870.6213736683,expansion
2024-12-16,1350718.2746063878,1514790.870084904,expansion
2024-12-17,1344453.194247167,1508436.1433379008,expansion
2024-12-18,1309207.9534779778,1464143.3618789173,fear
2024-12-19,1301730.5481357875,1463599.9688283538,recovery
2024-12-20,1315909.2591509945,1480165.68928809,expansion
2024-12-23,1324149.9191083324,1490760.84061115,expansion
2024-12-24,1334529.3803716344,1506099.1141832087,expansion
2024-12-26,1335749.8143140248,1506071.9276446318,expansion
2024-12-27,1324337.9797045754,1490461.282105339,expansion
2024-12-30,1313391.632529449,1473869.5571304422,expansion
2024-12-31,1309986.8337438565,1467930.3960445444,expansion
2025-01-02,1311598.4895201176,1464252.6146146895,expansion
2025-01-03,1326750.8897431854,1483159.9234622952,expansion
2025-01-06,1336852.1779703724,1491796.12426342,expansion
2025-01-07,1325164.308212438,1475013.7557975082,expansion
2025-01-08,1324468.1520082867,1477002.7634863174,expansion
2025-01-10,1306602.310034715,1454526.5882236527,expansion
2025-01-13,1307098.1936481036,1456406.1743162016,expansion
2025-01-14,1311583.713715399,1458258.7427306615,expansion
2025-01-15,1333097.3493243938,1484930.5945400482,expansion
2025-01-16,1333790.4865404319,1482723.9256821352,expansion
2025-01-17,1348185.7806758767,1496945.355986193,expansion
2025-01-21,1361883.8149523719,1510567.3315576527,expansion
2025-01-22,1368136.6420249464,1519149.1592816235,expansion
2025-01-23,1371486.441122547,1527567.5300531564,expansion
2025-01-24,1364761.8236350499,1522963.2111253394,expansion
2025-01-27,1335222.9680862706,1501767.5049436018,expansion
2025-01-28,1340699.0084960554,1514353.8591418155,expansion
2025-01-29,1337735.4089642665,1507706.4971690117,expansion
2025-01-30,1348783.2667951898,1515579.9551455886,expansion
2025-01-31,1343141.4063930854,1507488.6671394198,expansion
2025-02-03,1334651.7517403455,1497599.014935457,expansion
2025-02-04,1343529.824849808,1507543.0402165737,expansion
2025-02-05,1355281.5081455132,1513727.3867311287,expansion
2025-02-06,1355729.1606409084,1519176.0080992244,expansion
2025-02-07,1343137.039272759,1504410.1715816748,expansion
2025-02-10,1353805.5458963388,1515171.3127644935,expansion
2025-02-11,1354708.7544051462,1516533.6791821276,expansion
2025-02-12,1349969.5372950493,1511520.8867337038,expansion
2025-02-13,1364709.0618644243,1527485.6327164494,expansion
2025-02-14,1363502.1768579527,1527540.1746540915,expansion
2025-02-18,1371895.7974184875,1531953.6812304053,expansion
2025-02-19,1379650.9784674398,1535658.8180593252,expansion
2025-02-20,1378815.2134729433,1529201.9307170482,expansion
2025-02-21,1358955.2625211522,1503184.075577902,expansion
2025-02-24,1350517.8885278604,1496073.360425873,expansion
2025-02-25,1343214.899702492,1488635.731368968,expansion
2025-02-26,1347248.4339813706,1489562.100006442,expansion
2025-02-27,1318297.8582780678,1465641.6609894363,recovery
2025-02-28,1335572.7133267901,1488417.732478888,expansion
2025-03-03,1317735.278026914,1462781.1643217714,recovery
2025-03-04,1308225.6854443082,1445154.4934155808,recovery
2025-03-05,1319957.1025675242,1461364.5936874715,recovery
2025-03-06,1297337.469689495,1434856.367691011,recovery
2025-03-07,1309378.485891361,1442593.7241142148,recovery
2025-03-10,1282106.8699193688,1404452.1080838835,fear
2025-03-11,1271351.710975454,1392927.8863555407,fear
2025-03-12,1276923.7299341152,1399684.5010641166,recovery
2025-03-13,1271229.6600941124,1381403.664627198,recovery
2025-03-14,1291482.2406481928,1409764.6278986065,recovery
2025-03-17,1303384.9088607063,1420526.0223721573,recovery
2025-03-18,1295470.1177078371,1405541.5959528193,recovery
2025-03-19,1305661.51837029,1420308.0234820773,expansion
2025-03-20,1301798.9400503424,1417038.7155728291,expansion
2025-03-21,1296144.6334285135,1417392.9848767703,expansion
2025-03-24,1313210.4259841684,1442266.8102093388,expansion
2025-03-25,1312480.3534367096,1445699.575071025,expansion
2025-03-26,1298486.2293793326,1428835.3092684061,expansion
2025-03-27,1293240.795949724,1424904.0682459795,expansion
2025-03-28,1276615.2376351021,1396444.8281705223,recovery
2025-03-31,1285395.7373100608,1404947.1226046192,recovery
2025-04-01,1288752.8672808644,1410113.91581815,recovery
2025-04-02,1293538.748008953,1418616.2102522464,recovery
2025-04-03,1240194.0489462616,1350953.7282580512,fear
2025-04-04,1187710.679322645,1272656.6660168353,fear
2025-04-07,1177605.1010646974,1267298.3005796052,fear
2025-04-08,1156410.7275370823,1248653.4853606822,fear
2025-04-09,1248433.5842540571,1364459.0212322646,fear
2025-04-10,1206391.7844228535,1317874.2963689,fear
2025-04-11,1225393.6494377777,1341084.6770336311,fear
2025-04-14,1233878.28561029,1354562.3613180474,fear
2025-04-15,1234193.1214476216,1350762.493755328,fear
2025-04-16,1220509.3555681896,1321073.0205941407,fear
2025-04-17,1218758.9441384778,1322904.4814475938,fear
2025-04-21,1203048.352862311,1291383.3785724654,fear
2025-04-22,1219652.8817404052,1323970.8354296659,fear
2025-04-23,1232880.8586148848,1345240.0803539518,fear
2025-04-24,1261615.9567572223,1373508.001496442,fear
2025-04-25,1267118.6522547598,1383623.0824519591,recovery
2025-04-28,1271571.265561309,1384470.677671755,fear
2025-04-29,1273090.062489078,1392863.4660793475,recovery
2025-04-30,1271361.1283043036,1393547.0133349972,recovery
2025-05-01,1267515.4393473812,1403416.1489896614,recovery
2025-05-02,1278397.997319629,1423537.3114556558,recovery
2025-05-05,1277424.816058532,1416101.0332826558,recovery
2025-05-06,1277358.477698015,1404044.985447181,recovery
2025-05-07,1280699.7541136239,1410387.5542390442,recovery
2025-05-08,1278380.881543561,1419791.9858305787,recovery
2025-05-09,1281223.664919986,1417905.6453185077,recovery
2025-05-12,1303269.8256233213,1465118.8689184156,expansion
2025-05-13,1309836.838364059,1474741.8904117385,expansion
2025-05-14,1302803.0026078408,1476573.6889861675,expansion
2025-05-15,1312597.8878620027,1483818.4793657127,expansion
2025-05-16,1314893.9846644679,1493386.7900609055,expansion
2025-05-19,1315852.293648853,1494917.8481061072,expansion
2025-05-20,1314884.2789563327,1489614.2778972513,expansion
2025-05-21,1297273.0064461685,1464708.8756534162,recovery
2025-05-22,1295238.158865158,1465392.591769554,recovery
2025-05-23,1294098.7830472905,1455495.847425093,recovery
2025-05-27,1311936.8729258357,1485404.0793485565,expansion
2025-05-28,1305128.2274626547,1476928.9714530369,expansion
2025-05-29,1312577.4393564533,1482615.5172488033,expansion
2025-05-30,1307637.1919994547,1481084.6280640897,expansion
2025-06-02,1316022.909526763,1489695.8375129823,expansion
2025-06-03,1322144.1679925602,1498143.7588699248,expansion
2025-06-04,1329592.4605315002,1497186.9953446009,expansion
2025-06-05,1325449.0199539424,1490188.2346961529,expansion
2025-06-06,1326785.4290422525,1505415.735788047,expansion
2025-06-09,1333569.004388253,1507028.5223094677,expansion
2025-06-10,1343896.434547082,1515613.0518012475,expansion
2025-06-11,1343400.8143434778,1511430.0397911298,expansion
2025-06-12,1352705.6688791672,1517143.9409859611,expansion
2025-06-13,1341702.102879236,1500248.773714028,recovery
2025-06-16,1345894.2327229285,1514738.1856126306,expansion
2025-06-17,1342834.712679698,1501834.204836384,recovery
2025-06-18,1342327.862542555,1501533.6331676445,recovery
2025-06-20,1339648.2301913472,1497378.14541708,recovery
2025-06-23,1347087.9666468066,1512796.9654419413,expansion
2025-06-24,1358398.3135848863,1529418.9164442,expansion
2025-06-25,1359393.0381708858,1530184.3610365568,expansion
2025-06-26,1367255.7886125068,1542295.2041004056,expansion
2025-06-27,1363674.9540795034,1549949.98774495,expansion
2025-06-30,1372116.8924977249,1557696.969215973,expansion
2025-07-01,1375579.5081935527,1556984.0402354016,expansion
2025-07-02,1385553.6562291414,1563894.3179881084,expansion
2025-07-03,1391590.5283799313,1577413.7952433182,expansion
2025-07-07,1377758.2380961685,1564771.7170840462,expansion
2025-07-08,1383019.965816579,1563729.847872742,expansion
2025-07-09,1389486.9265503038,1572998.7689226118,expansion
2025-07-10,1396167.691928809,1577605.7896182376,expansion
2025-07-11,1391547.243660016,1571929.2065912664,expansion
2025-07-14,1389396.2018316912,1575027.965407578,expansion
2025-07-15,1384971.959742008,1568199.7538520666,expansion
2025-07-16,1387599.9176139652,1573355.2334128977,expansion
2025-07-17,1393994.7914995407,1582788.6245781337,expansion
2025-07-18,1393568.9338590656,1582075.6955975622,expansion
2025-07-21,1397360.7296730657,1584900.3938417593,expansion
2025-07-22,1397150.376554217,1584900.3938417593,expansion
2025-07-23,1400213.4017818577,1598364.822577863,expansion
2025-07-24,1398525.2441262878,1599461.7403082734,expansion
2025-07-25,1401201.006713895,1605823.896916751,expansion
2025-07-28,1403641.2946025555,1605440.0770274003,expansion
2025-07-29,1404314.6208653185,1601271.5870192552,expansion
2025-07-30,1400697.6020883592,1599324.7944524602,expansion
2025-07-31,1387348.7747784029,1593319.2711947563,expansion
2025-08-01,1375827.409925824,1567075.4807225913,recovery
2025-08-04,1392482.8624388953,1590905.917099463,expansion
2025-08-05,1388545.5490746254,1583254.8483856558,expansion
2025-08-06,1390217.7072450486,1595019.358588502,expansion
2025-08-07,1395652.9141785891,1594059.3867139048,expansion
2025-08-08,1403697.4639970697,1606262.5964647199,expansion
2025-08-11,1399525.9803724897,1602971.8432734888,expansion
2025-08-12,1417472.3431661022,1620083.8274120856,expansion
2025-08-13,1428071.2272509544,1625732.7173190156,expansion
2025-08-14,1425948.8202516166,1625760.2415785687,expansion
2025-08-15,1416785.1016999846,1622250.138613353,expansion
2025-08-18,1416391.3678927317,1621674.155488595,expansion
2025-08-19,1409302.136919219,1612816.578587629,expansion
2025-08-20,1407646.5723729574,1608566.1912427768,expansion
2025-08-21,1402360.5066755298,1602231.3900333643,expansion
2025-08-22,1425964.2330036366,1626747.3999917428,expansion
2025-08-25,1420435.1480027633,1619864.477638101,expansion
2025-08-26,1426644.6028264936,1626336.055842839,expansion
2025-08-27,1429771.0876218195,1630065.677442527,expansion
2025-08-28,1434997.2510637196,1635824.495527181,expansion
2025-08-29,1423450.8447047547,1626390.935501457,expansion
2025-09-02,1416781.6668506374,1614407.0755246263,expansion
2025-09-03,1419617.6193369497,1622661.313901769,expansion
2025-09-04,1429292.844041811,1636016.3210416127,expansion
2025-09-05,1433819.2233234406,1631546.415062288,expansion
2025-09-08,1439412.4246997158,1635769.615868563,expansion
2025-09-09,1440484.2456358331,1639745.9426413006,expansion
2025-09-10,1449169.031033537,1644490.0780532276,expansion
2025-09-11,1459164.1479365842,1657899.7959912014,expansion
2025-09-12,1457619.0284068328,1657543.1626404275,expansion
2025-09-15,1464559.9879373547,1666181.5586278972,expansion
2025-09-16,1466215.7586285528,1663987.3854461003,expansion
2025-09-17,1464356.220091277,1662067.9482783703,expansion
2025-09-18,1476456.7431810496,1669883.3182470559,expansion
2025-09-19,1478151.0392067067,1677671.6705376527,expansion
2025-09-22,1487625.1166031961,1685843.504996624,expansion
2025-09-23,1485803.0353500142,1677013.2834947233,expansion
2025-09-24,1481371.4392570888,1671419.1043859231,expansion
2025-09-25,1476258.1890448858,1663439.095441383,expansion
2025-09-26,1483386.7345485522,1673228.782236417,expansion
2025-09-29,1487951.380946776,1677931.8845497465,expansion
2025-09-30,1495396.8517299686,1684119.6082740626,expansion
2025-10-01,1506065.5864886192,1690142.355301548,expansion
2025-10-02,1511434.085137256,1692012.4852067658,expansion
2025-10-03,1510827.2686411608,1692149.7687835551,expansion
2025-10-06,1523635.2541243194,1697925.304056527,expansion
2025-10-07,1514691.6064216825,1691875.0327694884,expansion
2025-10-08,1531298.040002029,1701692.9192660276,expansion
2025-10-09,1523954.508449281,1697100.0828513985,expansion
2025-10-10,1483391.6082882907,1651475.6675836074,recovery
2025-10-13,1512600.0355843806,1676501.8050764021,expansion
2025-10-14,1508104.8754425712,1674136.5762202048,recovery
2025-10-15,1522376.4301304263,1681506.9988028635,recovery
2025-10-16,1521560.7658631594,1670396.4852702573,fear
2025-10-17,1523538.2314090843,1679664.3931571988,recovery
2025-10-20,1543611.0749955187,1697292.583807782,expansion
2025-10-21,1533803.043833831,1697072.7274523333,expansion
2025-10-22,1521480.6522476191,1688492.250612267,expansion
2025-10-23,1533387.8566815825,1698035.2322342515,expansion
2025-10-24,1544595.8338610125,1712088.3086317175,expansion
2025-10-27,1560262.604025803,1732576.8270894776,expansion
2025-10-28,1561292.0477612666,1737224.3743022368,expansion
2025-10-29,1563708.2389519245,1737939.498469153,expansion
2025-10-30,1552165.8664669404,1719486.0866134414,expansion
2025-10-31,1555055.7841032944,1724436.2318207964,expansion
2025-11-03,1556236.5647871026,1727819.182838506,expansion
2025-11-04,1532552.1424605795,1707798.0702116843,expansion
2025-11-05,1545379.245113902,1712940.8852359112,expansion
2025-11-06,1529605.0246896516,1694735.0228556893,expansion
2025-11-07,1529245.2807743317,1696522.5799822477,expansion
2025-11-10,1552844.1207413892,1722868.6999101746,expansion
2025-11-11,1551833.5700195865,1726828.816076059,expansion
2025-11-12,1559319.3405240732,1727681.3926802524,expansion
2025-11-13,1534134.2759435514,1699547.715625767,recovery
2025-11-14,1530038.2036351857,1699107.8340543816,expansion
2025-11-17,1514739.0951770595,1683184.4588912097,recovery
2025-11-18,1503859.5373739225,1669323.8834501272,recovery
2025-11-19,1509545.3735568908,1675374.1547371657,recovery
2025-11-20,1482323.5474803587,1649963.0153316036,fear
2025-11-21,1496367.7751282775,1666381.151724779,recovery
2025-11-24,1521406.6178835449,1691159.9086025723,recovery
2025-11-25,1532508.4881883631,1706890.4450883844,expansion
2025-11-26,1548482.1708655227,1718688.7273888418,expansion
2025-11-28,1560386.9609021973,1728204.015890785,expansion
2025-12-01,1555572.1497851443,1720256.2592994636,expansion
2025-12-02,1561148.7318404824,1723171.2979047706,expansion
2025-12-03,1573837.6555349585,1729194.0449322562,expansion
2025-12-04,1570346.425203987,1730651.6486651537,expansion
2025-12-05,1573872.6009461747,1733896.8095246097,expansion
2025-12-08,1573235.3159024229,1728753.9945003828,expansion
2025-12-09,1571921.081528161,1727351.4392865915,expansion
2025-12-10,1585272.1285856576,1738516.8324778157,expansion
2025-12-11,1587483.5060620818,1742779.7154987839,expansion
2025-12-12,1563107.1298134853,1723968.825989858,expansion
2025-12-15,1561298.3554551597,1721466.3135568714,expansion
2025-12-16,1556210.9983341028,1716653.6207867935,expansion
2025-12-17,1538506.9574806497,1697787.6827587616,expansion
2025-12-18,1550717.7370154797,1710603.180639267,expansion
2025-12-19,1565116.89245544,1725866.3112941408,expansion
2025-12-22,1578357.8577224626,1736735.1854683391,expansion
2025-12-23,1584657.6987085766,1744843.5283838017,expansion
2025-12-24,1589584.782478454,1750662.79852318,expansion
2025-12-26,1590675.160690699,1750828.2818014745,expansion
2025-12-29,1581088.749176251,1744650.5208459538,expansion
2025-12-30,1579457.4484954262,1742223.4890511283,expansion
2025-12-31,1566411.5497578029,1729564.8625640266,expansion
2026-01-02,1583697.107986815,1732791.4487697964,expansion
2026-01-05,1598936.213936518,1744264.5057702584,expansion
2026-01-06,1616908.4839471942,1754606.5352217227,expansion
2026-01-07,1608781.9082367488,1748980.4414806801,expansion
2026-01-08,1607113.8553712456,1748676.999183644,expansion
2026-01-09,1624868.6258018867,1760398.1122410598,expansion
2026-01-12,1629595.070111155,1763238.8522316222,expansion
2026-01-13,1631986.0321641068,1759626.0820896688,expansion
2026-01-14,1632069.163760525,1751104.0309784696,expansion
2026-01-15,1638743.1322261714,1755737.2250497441,expansion
2026-01-16,1641131.8199500157,1754275.7375256214,expansion
2026-01-20,1621727.7712559742,1718588.4242589367,recovery
2026-01-21,1648407.6584127564,1738279.7523525853,expansion
2026-01-22,1656491.7455841159,1747325.6086977336,expansion
2026-01-23,1654879.6331741721,1748042.7591905065,expansion
2026-01-26,1660388.3253734617,1757033.5670165485,expansion
2026-01-27,1676393.5133646226,1764231.5830409022,expansion
2026-01-28,1691372.5980183498,1763955.833863907,expansion
2026-01-29,1691424.7921228346,1760287.8463423594,expansion
2026-01-30,1659103.6729077853,1754634.0594812757,expansion
2026-02-02,1665142.5405332567,1764176.365661308,expansion
2026-02-03,1664033.9537380561,1748925.392961574,expansion
2026-02-04,1647477.6412526332,1739989.6336546382,expansion
2026-02-05,1635352.246619022,1718450.296379707,recovery
2026-02-06,1677310.487795515,1751931.278509455,recovery
2026-02-09,1688386.441198023,1760177.411583171,expansion
2026-02-10,1684386.5402401756,1755240.9440753483,expansion
2026-02-11,1697032.34772692,1754992.5502974181,expansion
2026-02-12,1669801.2989753427,1727799.7638823795,recovery
2026-02-13,1680125.8220820688,1728902.929450848,recovery
2026-02-17,1674906.0413812723,1731936.50811877,recovery
2026-02-18,1686717.3099376902,1740651.566767817,expansion
2026-02-19,1683168.4495736496,1736183.855974837,recovery
2026-02-20,1695495.640957863,1748566.7332849435,expansion
2026-02-23,1688930.6723468232,1730943.7773094901,recovery
2026-02-24,1698939.4349717894,1743575.0483975266,expansion
2026-02-25,1710417.332925722,1758246.9984837172,expansion
2026-02-26,1696162.758555853,1748373.725747096,expansion
2026-02-27,1692724.5757492324,1740348.1244707806,expansion
2026-03-02,1694137.4915477228,1741010.2264444474,recovery
2026-03-03,1659592.7791864583,1725676.005524102,recovery
2026-03-04,1672610.5490987375,1737976.3100555493,recovery
2026-03-05,1659914.9251495996,1728682.2287929591,recovery
2026-03-06,1635569.1736281745,1705570.9692347166,fear
2026-03-09,1655705.5333543885,1720380.878339649,fear
2026-03-10,1656319.4334780641,1717402.3481908329,recovery
2026-03-11,1657359.701153029,1715499.4593509324,recovery
2026-03-12,1628342.0565869485,1689216.6621060264,fear
2026-03-13,1622464.8947130796,1679812.3149447357,fear
2026-03-16,1638272.0557670833,1696635.378788269,recovery
2026-03-17,1643721.2622816525,1701323.7902391376,recovery
2026-03-18,1622709.9127390748,1677854.039864753,fear
2026-03-19,1617475.4897448055,1673358.6359517318,recovery
2026-03-20,1590091.6697427214,1649061.4691858739,fear
2026-03-23,1601315.7750408654,1666960.3431988102,fear
2026-03-24,1603603.0659819413,1661306.5563377268,fear
2026-03-25,1618616.6889085663,1670352.4126828748,fear
2026-03-26,1582405.6582376214,1640732.5944730104,fear
2026-03-27,1566788.1967726103,1612823.1641466632,fear
2026-03-30,1551955.5164649277,1607206.864313928,fear
2026-03-31,1599025.0811541276,1653187.9129324928,fear
2026-04-01,1611346.6167126498,1666329.311554946,recovery
2026-04-02,1609374.3479913333,1668238.2793724164,recovery
2026-04-06,1612598.6026993904,1675652.7745424577,recovery
2026-04-07,1616936.1757097454,1676676.4068210518,fear
2026-04-08,1646414.225321279,1719005.6785249226,recovery
2026-04-09,1655555.402145236,1729186.7839312698,expansion
2026-04-10,1654571.6893354068,1728024.6860524698,expansion
2026-04-13,1664372.7456381465,1744956.327189823,expansion
2026-04-14,1683238.9678709412,1766065.576801676,expansion
2026-04-15,1682293.6657251725,1780175.3903231288,expansion
2026-04-16,1684029.7322091283,1784076.2364577055,expansion
2026-04-17,1705043.673718857,1805987.9111087995,expansion
2026-04-20,1701994.7713004875,1802557.1725729704,expansion
2026-04-21,1688675.6782698398,1790688.4754489937,expansion
2026-04-22,1704654.8007351751,1809086.5010646232,expansion
2026-04-23,1706594.084060101,1801782.6095142586,expansion
2026-04-24,1721561.6488565085,1816058.244034982,expansion
2026-04-27,1714500.4039836777,1819046.2303711292,expansion
2026-04-28,1699822.9927674162,1810082.4402231763,expansion
2026-04-29,1700362.3876141782,1810027.053983094,expansion
2026-04-30,1720343.6404960975,1827567.437179888,expansion
2026-05-01,1724996.74738662,1832934.667792741,expansion
2026-05-04,1712740.448429016,1826294.7356814116,expansion
2026-05-05,1738270.1912120504,1840625.7564422176,expansion
2026-05-06,1773848.1151446064,1866521.1877275237,expansion
2026-05-07,1758817.524683609,1860655.9875353943,expansion
2026-05-08,1789052.4349831135,1875872.3438350766,expansion
2026-05-11,1800718.054950497,1879967.0418099412,expansion
2026-05-12,1785488.174315021,1877615.3217927883,expansion
2026-05-13,1798426.9526318356,1887962.4170588944,expansion
2026-05-14,1806106.8433130425,1902680.8037793003,expansion
2026-05-15,1773046.060421473,1879745.6657101002,expansion
2026-05-18,1765276.852747023,1878279.2812318238,expansion
2026-05-19,1757476.9924308958,1866327.6736082118,expansion
2026-05-20,1787982.6780872555,1885638.5590222708,expansion
2026-05-21,1794251.7842183998,1889152.2080577353,expansion
2026-05-22,1811077.3068138016,1896649.613727412,expansion
2026-05-26,1841245.675844962,1908988.7561711122,expansion
2026-05-27,1834199.0658196616,1908850.4594313945,expansion
2026-05-28,1846234.5514817499,1919778.4347764123,expansion
2026-05-29,1848590.131331754,1924149.7262307121,expansion
2026-06-01,1848944.0717661744,1929157.2840040063,expansion
2026-06-02,1877033.0702230707,1931813.2906206357,expansion
2026-06-03,1876741.373025077,1918256.8329185415,expansion
2026-06-04,1873495.164900063,1925726.714328665,expansion
2026-06-05,1794616.0203626894,1875761.7402154002,recovery
2026-06-08,1820242.6614011354,1880409.6251491355,expansion
2026-06-09,1809989.8194861715,1874931.7909166059,expansion
2026-06-10,1773756.132975579,1845467.324355753,recovery
2026-06-11,1830309.6209096569,1876398.0065343943,expansion
2026-06-12,1843943.038377669,1886689.884420906,expansion
2026-06-15,1885901.4417521236,1919557.2275370592,expansion
2026-06-16,1852955.6580275057,1908269.4104919943,expansion
2026-06-17,1841470.339667829,1885195.8068225884,expansion
2026-06-18,1879894.5148504195,1903732.1291779357,expansion
